commit_sha,cpu/environment,nim_version,build_flags,matrix_kind,bit_width,row_count,predicate_kind,method,selectivity_or_hit_rate,repeat,latency_ns
2ac0eac9c4fbb32c5270547757d233b5030f8fed,"Intel(R) Core(TM) i5-8365U CPU @ 1.60GHz; linux/amd64","2.2.10","-d:release --mm:arc",WM,8,1000000,equality,access,0,1,739.196360
2ac0eac9c4fbb32c5270547757d233b5030f8fed,"Intel(R) Core(TM) i5-8365U CPU @ 1.60GHz; linux/amd64","2.2.10","-d:release --mm:arc",WM,8,1000000,equality,access,0,2,661.543220
2ac0eac9c4fbb32c5270547757d233b5030f8fed,"Intel(R) Core(TM) i5-8365U CPU @ 1.60GHz; linux/amd64","2.2.10","-d:release --mm:arc",WM,8,1000000,equality,access,0,3,539.003700
2ac0eac9c4fbb32c5270547757d233b5030f8fed,"Intel(R) Core(TM) i5-8365U CPU @ 1.60GHz; linux/amd64","2.2.10","-d:release --mm:arc",WM,8,1000000,equality,access,0,4,515.207430
2ac0eac9c4fbb32c5270547757d233b5030f8fed,"Intel(R) Core(TM) i5-8365U CPU @ 1.60GHz; linux/amd64","2.2.10","-d:release --mm:arc",WM,8,1000000,equality,access,0,5,533.731420
2ac0eac9c4fbb32c5270547757d233b5030f8fed,"Intel(R) Core(TM) i5-8365U CPU @ 1.60GHz; linux/amd64","2.2.10","-d:release --mm:arc",WM,8,1000000,equality,access,0,6,660.807180
2ac0eac9c4fbb32c5270547757d233b5030f8fed,"Intel(R) Core(TM) i5-8365U CPU @ 1.60GHz; linux/amd64","2.2.10","-d:release --mm:arc",WM,8,1000000,equality,access,0,7,485.144830
2ac0eac9c4fbb32c5270547757d233b5030f8fed,"Intel(R) Core(TM) i5-8365U CPU @ 1.60GHz; linux/amd64","2.2.10","-d:release --mm:arc",WM,8,1000000,equality,access,0,8,539.851740
2ac0eac9c4fbb32c5270547757d233b5030f8fed,"Intel(R) Core(TM) i5-8365U CPU @ 1.60GHz; linux/amd64","2.2.10","-d:release --mm:arc",WM,8,1000000,equality,access,0,9,527.300070
2ac0eac9c4fbb32c5270547757d233b5030f8fed,"Intel(R) Core(TM) i5-8365U CPU @ 1.60GHz; linux/amd64","2.2.10","-d:release --mm:arc",WM,8,1000000,equality,access,0,10,443.443610
2ac0eac9c4fbb32c5270547757d233b5030f8fed,"Intel(R) Core(TM) i5-8365U CPU @ 1.60GHz; linux/amd64","2.2.10","-d:release --mm:arc",WM,8,1000000,equality,access,0,11,482.917720
2ac0eac9c4fbb32c5270547757d233b5030f8fed,"Intel(R) Core(TM) i5-8365U CPU @ 1.60GHz; linux/amd64","2.2.10","-d:release --mm:arc",WM,8,1000000,equality,access,0,12,440.513450
2ac0eac9c4fbb32c5270547757d233b5030f8fed,"Intel(R) Core(TM) i5-8365U CPU @ 1.60GHz; linux/amd64","2.2.10","-d:release --mm:arc",WM,8,1000000,equality,access,0,13,430.868940
2ac0eac9c4fbb32c5270547757d233b5030f8fed,"Intel(R) Core(TM) i5-8365U CPU @ 1.60GHz; linux/amd64","2.2.10","-d:release --mm:arc",WM,8,1000000,equality,access,0,14,419.475330
2ac0eac9c4fbb32c5270547757d233b5030f8fed,"Intel(R) Core(TM) i5-8365U CPU @ 1.60GHz; linux/amd64","2.2.10","-d:release --mm:arc",WM,8,1000000,equality,access,0,15,463.769690
2ac0eac9c4fbb32c5270547757d233b5030f8fed,"Intel(R) Core(TM) i5-8365U CPU @ 1.60GHz; linux/amd64","2.2.10","-d:release --mm:arc",WM,8,1000000,equality,access,0,16,437.284290
2ac0eac9c4fbb32c5270547757d233b5030f8fed,"Intel(R) Core(TM) i5-8365U CPU @ 1.60GHz; linux/amd64","2.2.10","-d:release --mm:arc",WM,8,1000000,equality,access,0,17,440.093430
2ac0eac9c4fbb32c5270547757d233b5030f8fed,"Intel(R) Core(TM) i5-8365U CPU @ 1.60GHz; linux/amd64","2.2.10","-d:release --mm:arc",WM,8,1000000,equality,access,0,18,430.837940
2ac0eac9c4fbb32c5270547757d233b5030f8fed,"Intel(R) Core(TM) i5-8365U CPU @ 1.60GHz; linux/amd64","2.2.10","-d:release --mm:arc",WM,8,1000000,equality,access,0,19,454.641200
2ac0eac9c4fbb32c5270547757d233b5030f8fed,"Intel(R) Core(TM) i5-8365U CPU @ 1.60GHz; linux/amd64","2.2.10","-d:release --mm:arc",WM,8,1000000,equality,access,0,20,433.419080
2ac0eac9c4fbb32c5270547757d233b5030f8fed,"Intel(R) Core(TM) i5-8365U CPU @ 1.60GHz; linux/amd64","2.2.10","-d:release --mm:arc",WM,8,1000000,equality,access,0,21,415.815140
2ac0eac9c4fbb32c5270547757d233b5030f8fed,"Intel(R) Core(TM) i5-8365U CPU @ 1.60GHz; linux/amd64","2.2.10","-d:release --mm:arc",WM,8,1000000,equality,matches_checked,0,1,78.395170
2ac0eac9c4fbb32c5270547757d233b5030f8fed,"Intel(R) Core(TM) i5-8365U CPU @ 1.60GHz; linux/amd64","2.2.10","-d:release --mm:arc",WM,8,1000000,equality,matches_checked,0,2,108.102760
2ac0eac9c4fbb32c5270547757d233b5030f8fed,"Intel(R) Core(TM) i5-8365U CPU @ 1.60GHz; linux/amd64","2.2.10","-d:release --mm:arc",WM,8,1000000,equality,matches_checked,0,3,98.674250
2ac0eac9c4fbb32c5270547757d233b5030f8fed,"Intel(R) Core(TM) i5-8365U CPU @ 1.60GHz; linux/amd64","2.2.10","-d:release --mm:arc",WM,8,1000000,equality,matches_checked,0,4,85.488560
2ac0eac9c4fbb32c5270547757d233b5030f8fed,"Intel(R) Core(TM) i5-8365U CPU @ 1.60GHz; linux/amd64","2.2.10","-d:release --mm:arc",WM,8,1000000,equality,matches_checked,0,5,84.313480
2ac0eac9c4fbb32c5270547757d233b5030f8fed,"Intel(R) Core(TM) i5-8365U CPU @ 1.60GHz; linux/amd64","2.2.10","-d:release --mm:arc",WM,8,1000000,equality,matches_checked,0,6,72.068830
2ac0eac9c4fbb32c5270547757d233b5030f8fed,"Intel(R) Core(TM) i5-8365U CPU @ 1.60GHz; linux/amd64","2.2.10","-d:release --mm:arc",WM,8,1000000,equality,matches_checked,0,7,80.170270
2ac0eac9c4fbb32c5270547757d233b5030f8fed,"Intel(R) Core(TM) i5-8365U CPU @ 1.60GHz; linux/amd64","2.2.10","-d:release --mm:arc",WM,8,1000000,equality,matches_checked,0,8,82.687400
2ac0eac9c4fbb32c5270547757d233b5030f8fed,"Intel(R) Core(TM) i5-8365U CPU @ 1.60GHz; linux/amd64","2.2.10","-d:release --mm:arc",WM,8,1000000,equality,matches_checked,0,9,79.095210
2ac0eac9c4fbb32c5270547757d233b5030f8fed,"Intel(R) Core(TM) i5-8365U CPU @ 1.60GHz; linux/amd64","2.2.10","-d:release --mm:arc",WM,8,1000000,equality,matches_checked,0,10,72.316850
2ac0eac9c4fbb32c5270547757d233b5030f8fed,"Intel(R) Core(TM) i5-8365U CPU @ 1.60GHz; linux/amd64","2.2.10","-d:release --mm:arc",WM,8,1000000,equality,matches_checked,0,11,70.278740
2ac0eac9c4fbb32c5270547757d233b5030f8fed,"Intel(R) Core(TM) i5-8365U CPU @ 1.60GHz; linux/amd64","2.2.10","-d:release --mm:arc",WM,8,1000000,equality,matches_checked,0,12,101.606410
2ac0eac9c4fbb32c5270547757d233b5030f8fed,"Intel(R) Core(TM) i5-8365U CPU @ 1.60GHz; linux/amd64","2.2.10","-d:release --mm:arc",WM,8,1000000,equality,matches_checked,0,13,82.646400
2ac0eac9c4fbb32c5270547757d233b5030f8fed,"Intel(R) Core(TM) i5-8365U CPU @ 1.60GHz; linux/amd64","2.2.10","-d:release --mm:arc",WM,8,1000000,equality,matches_checked,0,14,106.103650
2ac0eac9c4fbb32c5270547757d233b5030f8fed,"Intel(R) Core(TM) i5-8365U CPU @ 1.60GHz; linux/amd64","2.2.10","-d:release --mm:arc",WM,8,1000000,equality,matches_checked,0,15,83.250430
2ac0eac9c4fbb32c5270547757d233b5030f8fed,"Intel(R) Core(TM) i5-8365U CPU @ 1.60GHz; linux/amd64","2.2.10","-d:release --mm:arc",WM,8,1000000,equality,matches_checked,0,16,79.411230
2ac0eac9c4fbb32c5270547757d233b5030f8fed,"Intel(R) Core(TM) i5-8365U CPU @ 1.60GHz; linux/amd64","2.2.10","-d:release --mm:arc",WM,8,1000000,equality,matches_checked,0,17,76.612080
2ac0eac9c4fbb32c5270547757d233b5030f8fed,"Intel(R) Core(TM) i5-8365U CPU @ 1.60GHz; linux/amd64","2.2.10","-d:release --mm:arc",WM,8,1000000,equality,matches_checked,0,18,73.682920
2ac0eac9c4fbb32c5270547757d233b5030f8fed,"Intel(R) Core(TM) i5-8365U CPU @ 1.60GHz; linux/amd64","2.2.10","-d:release --mm:arc",WM,8,1000000,equality,matches_checked,0,19,78.427180
2ac0eac9c4fbb32c5270547757d233b5030f8fed,"Intel(R) Core(TM) i5-8365U CPU @ 1.60GHz; linux/amd64","2.2.10","-d:release --mm:arc",WM,8,1000000,equality,matches_checked,0,20,84.772510
2ac0eac9c4fbb32c5270547757d233b5030f8fed,"Intel(R) Core(TM) i5-8365U CPU @ 1.60GHz; linux/amd64","2.2.10","-d:release --mm:arc",WM,8,1000000,equality,matches_checked,0,21,73.262900
2ac0eac9c4fbb32c5270547757d233b5030f8fed,"Intel(R) Core(TM) i5-8365U CPU @ 1.60GHz; linux/amd64","2.2.10","-d:release --mm:arc",WM,8,1000000,equality,matches_unchecked,0,1,70.117740
2ac0eac9c4fbb32c5270547757d233b5030f8fed,"Intel(R) Core(TM) i5-8365U CPU @ 1.60GHz; linux/amd64","2.2.10","-d:release --mm:arc",WM,8,1000000,equality,matches_unchecked,0,2,134.069130
2ac0eac9c4fbb32c5270547757d233b5030f8fed,"Intel(R) Core(TM) i5-8365U CPU @ 1.60GHz; linux/amd64","2.2.10","-d:release --mm:arc",WM,8,1000000,equality,matches_unchecked,0,3,83.132420
2ac0eac9c4fbb32c5270547757d233b5030f8fed,"Intel(R) Core(TM) i5-8365U CPU @ 1.60GHz; linux/amd64","2.2.10","-d:release --mm:arc",WM,8,1000000,equality,matches_unchecked,0,4,71.687820
2ac0eac9c4fbb32c5270547757d233b5030f8fed,"Intel(R) Core(TM) i5-8365U CPU @ 1.60GHz; linux/amd64","2.2.10","-d:release --mm:arc",WM,8,1000000,equality,matches_unchecked,0,5,84.402490
2ac0eac9c4fbb32c5270547757d233b5030f8fed,"Intel(R) Core(TM) i5-8365U CPU @ 1.60GHz; linux/amd64","2.2.10","-d:release --mm:arc",WM,8,1000000,equality,matches_unchecked,0,6,86.488610
2ac0eac9c4fbb32c5270547757d233b5030f8fed,"Intel(R) Core(TM) i5-8365U CPU @ 1.60GHz; linux/amd64","2.2.10","-d:release --mm:arc",WM,8,1000000,equality,matches_unchecked,0,7,77.741140
2ac0eac9c4fbb32c5270547757d233b5030f8fed,"Intel(R) Core(TM) i5-8365U CPU @ 1.60GHz; linux/amd64","2.2.10","-d:release --mm:arc",WM,8,1000000,equality,matches_unchecked,0,8,73.729920
2ac0eac9c4fbb32c5270547757d233b5030f8fed,"Intel(R) Core(TM) i5-8365U CPU @ 1.60GHz; linux/amd64","2.2.10","-d:release --mm:arc",WM,8,1000000,equality,matches_unchecked,0,9,74.895990
2ac0eac9c4fbb32c5270547757d233b5030f8fed,"Intel(R) Core(TM) i5-8365U CPU @ 1.60GHz; linux/amd64","2.2.10","-d:release --mm:arc",WM,8,1000000,equality,matches_unchecked,0,10,97.683200
2ac0eac9c4fbb32c5270547757d233b5030f8fed,"Intel(R) Core(TM) i5-8365U CPU @ 1.60GHz; linux/amd64","2.2.10","-d:release --mm:arc",WM,8,1000000,equality,matches_unchecked,0,11,93.947000
2ac0eac9c4fbb32c5270547757d233b5030f8fed,"Intel(R) Core(TM) i5-8365U CPU @ 1.60GHz; linux/amd64","2.2.10","-d:release --mm:arc",WM,8,1000000,equality,matches_unchecked,0,12,86.906630
2ac0eac9c4fbb32c5270547757d233b5030f8fed,"Intel(R) Core(TM) i5-8365U CPU @ 1.60GHz; linux/amd64","2.2.10","-d:release --mm:arc",WM,8,1000000,equality,matches_unchecked,0,13,97.929210
2ac0eac9c4fbb32c5270547757d233b5030f8fed,"Intel(R) Core(TM) i5-8365U CPU @ 1.60GHz; linux/amd64","2.2.10","-d:release --mm:arc",WM,8,1000000,equality,matches_unchecked,0,14,81.957370
2ac0eac9c4fbb32c5270547757d233b5030f8fed,"Intel(R) Core(TM) i5-8365U CPU @ 1.60GHz; linux/amd64","2.2.10","-d:release --mm:arc",WM,8,1000000,equality,matches_unchecked,0,15,81.078320
2ac0eac9c4fbb32c5270547757d233b5030f8fed,"Intel(R) Core(TM) i5-8365U CPU @ 1.60GHz; linux/amd64","2.2.10","-d:release --mm:arc",WM,8,1000000,equality,matches_unchecked,0,16,71.433800
2ac0eac9c4fbb32c5270547757d233b5030f8fed,"Intel(R) Core(TM) i5-8365U CPU @ 1.60GHz; linux/amd64","2.2.10","-d:release --mm:arc",WM,8,1000000,equality,matches_unchecked,0,17,83.277430
2ac0eac9c4fbb32c5270547757d233b5030f8fed,"Intel(R) Core(TM) i5-8365U CPU @ 1.60GHz; linux/amd64","2.2.10","-d:release --mm:arc",WM,8,1000000,equality,matches_unchecked,0,18,82.415390
2ac0eac9c4fbb32c5270547757d233b5030f8fed,"Intel(R) Core(TM) i5-8365U CPU @ 1.60GHz; linux/amd64","2.2.10","-d:release --mm:arc",WM,8,1000000,equality,matches_unchecked,0,19,78.697190
2ac0eac9c4fbb32c5270547757d233b5030f8fed,"Intel(R) Core(TM) i5-8365U CPU @ 1.60GHz; linux/amd64","2.2.10","-d:release --mm:arc",WM,8,1000000,equality,matches_unchecked,0,20,72.832880
2ac0eac9c4fbb32c5270547757d233b5030f8fed,"Intel(R) Core(TM) i5-8365U CPU @ 1.60GHz; linux/amd64","2.2.10","-d:release --mm:arc",WM,8,1000000,equality,matches_unchecked,0,21,75.718030
2ac0eac9c4fbb32c5270547757d233b5030f8fed,"Intel(R) Core(TM) i5-8365U CPU @ 1.60GHz; linux/amd64","2.2.10","-d:release --mm:arc",RWM,8,1000000,equality,access,0,1,414.401060
2ac0eac9c4fbb32c5270547757d233b5030f8fed,"Intel(R) Core(TM) i5-8365U CPU @ 1.60GHz; linux/amd64","2.2.10","-d:release --mm:arc",RWM,8,1000000,equality,access,0,2,464.915760
2ac0eac9c4fbb32c5270547757d233b5030f8fed,"Intel(R) Core(TM) i5-8365U CPU @ 1.60GHz; linux/amd64","2.2.10","-d:release --mm:arc",RWM,8,1000000,equality,access,0,3,439.129380
2ac0eac9c4fbb32c5270547757d233b5030f8fed,"Intel(R) Core(TM) i5-8365U CPU @ 1.60GHz; linux/amd64","2.2.10","-d:release --mm:arc",RWM,8,1000000,equality,access,0,4,416.292160
2ac0eac9c4fbb32c5270547757d233b5030f8fed,"Intel(R) Core(TM) i5-8365U CPU @ 1.60GHz; linux/amd64","2.2.10","-d:release --mm:arc",RWM,8,1000000,equality,access,0,5,462.100580
2ac0eac9c4fbb32c5270547757d233b5030f8fed,"Intel(R) Core(TM) i5-8365U CPU @ 1.60GHz; linux/amd64","2.2.10","-d:release --mm:arc",RWM,8,1000000,equality,access,0,6,473.246150
2ac0eac9c4fbb32c5270547757d233b5030f8fed,"Intel(R) Core(TM) i5-8365U CPU @ 1.60GHz; linux/amd64","2.2.10","-d:release --mm:arc",RWM,8,1000000,equality,access,0,7,547.268090
2ac0eac9c4fbb32c5270547757d233b5030f8fed,"Intel(R) Core(TM) i5-8365U CPU @ 1.60GHz; linux/amd64","2.2.10","-d:release --mm:arc",RWM,8,1000000,equality,access,0,8,441.938490
2ac0eac9c4fbb32c5270547757d233b5030f8fed,"Intel(R) Core(TM) i5-8365U CPU @ 1.60GHz; linux/amd64","2.2.10","-d:release --mm:arc",RWM,8,1000000,equality,access,0,9,443.571580
2ac0eac9c4fbb32c5270547757d233b5030f8fed,"Intel(R) Core(TM) i5-8365U CPU @ 1.60GHz; linux/amd64","2.2.10","-d:release --mm:arc",RWM,8,1000000,equality,access,0,10,443.505570
2ac0eac9c4fbb32c5270547757d233b5030f8fed,"Intel(R) Core(TM) i5-8365U CPU @ 1.60GHz; linux/amd64","2.2.10","-d:release --mm:arc",RWM,8,1000000,equality,access,0,11,448.506840
2ac0eac9c4fbb32c5270547757d233b5030f8fed,"Intel(R) Core(TM) i5-8365U CPU @ 1.60GHz; linux/amd64","2.2.10","-d:release --mm:arc",RWM,8,1000000,equality,access,0,12,421.228380
2ac0eac9c4fbb32c5270547757d233b5030f8fed,"Intel(R) Core(TM) i5-8365U CPU @ 1.60GHz; linux/amd64","2.2.10","-d:release --mm:arc",RWM,8,1000000,equality,access,0,13,470.170990
2ac0eac9c4fbb32c5270547757d233b5030f8fed,"Intel(R) Core(TM) i5-8365U CPU @ 1.60GHz; linux/amd64","2.2.10","-d:release --mm:arc",RWM,8,1000000,equality,access,0,14,535.951490
2ac0eac9c4fbb32c5270547757d233b5030f8fed,"Intel(R) Core(TM) i5-8365U CPU @ 1.60GHz; linux/amd64","2.2.10","-d:release --mm:arc",RWM,8,1000000,equality,access,0,15,550.803270
2ac0eac9c4fbb32c5270547757d233b5030f8fed,"Intel(R) Core(TM) i5-8365U CPU @ 1.60GHz; linux/amd64","2.2.10","-d:release --mm:arc",RWM,8,1000000,equality,access,0,16,422.765470
2ac0eac9c4fbb32c5270547757d233b5030f8fed,"Intel(R) Core(TM) i5-8365U CPU @ 1.60GHz; linux/amd64","2.2.10","-d:release --mm:arc",RWM,8,1000000,equality,access,0,17,452.161040
2ac0eac9c4fbb32c5270547757d233b5030f8fed,"Intel(R) Core(TM) i5-8365U CPU @ 1.60GHz; linux/amd64","2.2.10","-d:release --mm:arc",RWM,8,1000000,equality,access,0,18,465.727750
2ac0eac9c4fbb32c5270547757d233b5030f8fed,"Intel(R) Core(TM) i5-8365U CPU @ 1.60GHz; linux/amd64","2.2.10","-d:release --mm:arc",RWM,8,1000000,equality,access,0,19,417.560190
2ac0eac9c4fbb32c5270547757d233b5030f8fed,"Intel(R) Core(TM) i5-8365U CPU @ 1.60GHz; linux/amd64","2.2.10","-d:release --mm:arc",RWM,8,1000000,equality,access,0,20,484.547760
2ac0eac9c4fbb32c5270547757d233b5030f8fed,"Intel(R) Core(TM) i5-8365U CPU @ 1.60GHz; linux/amd64","2.2.10","-d:release --mm:arc",RWM,8,1000000,equality,access,0,21,439.972380
2ac0eac9c4fbb32c5270547757d233b5030f8fed,"Intel(R) Core(TM) i5-8365U CPU @ 1.60GHz; linux/amd64","2.2.10","-d:release --mm:arc",RWM,8,1000000,equality,matches_checked,0,1,74.654970
2ac0eac9c4fbb32c5270547757d233b5030f8fed,"Intel(R) Core(TM) i5-8365U CPU @ 1.60GHz; linux/amd64","2.2.10","-d:release --mm:arc",RWM,8,1000000,equality,matches_checked,0,2,90.480810
2ac0eac9c4fbb32c5270547757d233b5030f8fed,"Intel(R) Core(TM) i5-8365U CPU @ 1.60GHz; linux/amd64","2.2.10","-d:release --mm:arc",RWM,8,1000000,equality,matches_checked,0,3,81.959360
2ac0eac9c4fbb32c5270547757d233b5030f8fed,"Intel(R) Core(TM) i5-8365U CPU @ 1.60GHz; linux/amd64","2.2.10","-d:release --mm:arc",RWM,8,1000000,equality,matches_checked,0,4,71.312790
2ac0eac9c4fbb32c5270547757d233b5030f8fed,"Intel(R) Core(TM) i5-8365U CPU @ 1.60GHz; linux/amd64","2.2.10","-d:release --mm:arc",RWM,8,1000000,equality,matches_checked,0,5,81.113310
2ac0eac9c4fbb32c5270547757d233b5030f8fed,"Intel(R) Core(TM) i5-8365U CPU @ 1.60GHz; linux/amd64","2.2.10","-d:release --mm:arc",RWM,8,1000000,equality,matches_checked,0,6,89.250740
2ac0eac9c4fbb32c5270547757d233b5030f8fed,"Intel(R) Core(TM) i5-8365U CPU @ 1.60GHz; linux/amd64","2.2.10","-d:release --mm:arc",RWM,8,1000000,equality,matches_checked,0,7,76.895090
2ac0eac9c4fbb32c5270547757d233b5030f8fed,"Intel(R) Core(TM) i5-8365U CPU @ 1.60GHz; linux/amd64","2.2.10","-d:release --mm:arc",RWM,8,1000000,equality,matches_checked,0,8,72.023830
2ac0eac9c4fbb32c5270547757d233b5030f8fed,"Intel(R) Core(TM) i5-8365U CPU @ 1.60GHz; linux/amd64","2.2.10","-d:release --mm:arc",RWM,8,1000000,equality,matches_checked,0,9,71.716810
2ac0eac9c4fbb32c5270547757d233b5030f8fed,"Intel(R) Core(TM) i5-8365U CPU @ 1.60GHz; linux/amd64","2.2.10","-d:release --mm:arc",RWM,8,1000000,equality,matches_checked,0,10,86.983620
2ac0eac9c4fbb32c5270547757d233b5030f8fed,"Intel(R) Core(TM) i5-8365U CPU @ 1.60GHz; linux/amd64","2.2.10","-d:release --mm:arc",RWM,8,1000000,equality,matches_checked,0,11,69.869710
2ac0eac9c4fbb32c5270547757d233b5030f8fed,"Intel(R) Core(TM) i5-8365U CPU @ 1.60GHz; linux/amd64","2.2.10","-d:release --mm:arc",RWM,8,1000000,equality,matches_checked,0,12,81.006300
2ac0eac9c4fbb32c5270547757d233b5030f8fed,"Intel(R) Core(TM) i5-8365U CPU @ 1.60GHz; linux/amd64","2.2.10","-d:release --mm:arc",RWM,8,1000000,equality,matches_checked,0,13,71.887830
2ac0eac9c4fbb32c5270547757d233b5030f8fed,"Intel(R) Core(TM) i5-8365U CPU @ 1.60GHz; linux/amd64","2.2.10","-d:release --mm:arc",RWM,8,1000000,equality,matches_checked,0,14,78.909190
2ac0eac9c4fbb32c5270547757d233b5030f8fed,"Intel(R) Core(TM) i5-8365U CPU @ 1.60GHz; linux/amd64","2.2.10","-d:release --mm:arc",RWM,8,1000000,equality,matches_checked,0,15,87.033630
2ac0eac9c4fbb32c5270547757d233b5030f8fed,"Intel(R) Core(TM) i5-8365U CPU @ 1.60GHz; linux/amd64","2.2.10","-d:release --mm:arc",RWM,8,1000000,equality,matches_checked,0,16,84.457480
2ac0eac9c4fbb32c5270547757d233b5030f8fed,"Intel(R) Core(TM) i5-8365U CPU @ 1.60GHz; linux/amd64","2.2.10","-d:release --mm:arc",RWM,8,1000000,equality,matches_checked,0,17,70.515750
2ac0eac9c4fbb32c5270547757d233b5030f8fed,"Intel(R) Core(TM) i5-8365U CPU @ 1.60GHz; linux/amd64","2.2.10","-d:release --mm:arc",RWM,8,1000000,equality,matches_checked,0,18,81.294320
2ac0eac9c4fbb32c5270547757d233b5030f8fed,"Intel(R) Core(TM) i5-8365U CPU @ 1.60GHz; linux/amd64","2.2.10","-d:release --mm:arc",RWM,8,1000000,equality,matches_checked,0,19,77.183110
2ac0eac9c4fbb32c5270547757d233b5030f8fed,"Intel(R) Core(TM) i5-8365U CPU @ 1.60GHz; linux/amd64","2.2.10","-d:release --mm:arc",RWM,8,1000000,equality,matches_checked,0,20,82.122360
2ac0eac9c4fbb32c5270547757d233b5030f8fed,"Intel(R) Core(TM) i5-8365U CPU @ 1.60GHz; linux/amd64","2.2.10","-d:release --mm:arc",RWM,8,1000000,equality,matches_checked,0,21,72.856870
2ac0eac9c4fbb32c5270547757d233b5030f8fed,"Intel(R) Core(TM) i5-8365U CPU @ 1.60GHz; linux/amd64","2.2.10","-d:release --mm:arc",RWM,8,1000000,equality,matches_unchecked,0,1,80.503270
2ac0eac9c4fbb32c5270547757d233b5030f8fed,"Intel(R) Core(TM) i5-8365U CPU @ 1.60GHz; linux/amd64","2.2.10","-d:release --mm:arc",RWM,8,1000000,equality,matches_unchecked,0,2,69.307680
2ac0eac9c4fbb32c5270547757d233b5030f8fed,"Intel(R) Core(TM) i5-8365U CPU @ 1.60GHz; linux/amd64","2.2.10","-d:release --mm:arc",RWM,8,1000000,equality,matches_unchecked,0,3,86.372590
2ac0eac9c4fbb32c5270547757d233b5030f8fed,"Intel(R) Core(TM) i5-8365U CPU @ 1.60GHz; linux/amd64","2.2.10","-d:release --mm:arc",RWM,8,1000000,equality,matches_unchecked,0,4,68.341630
2ac0eac9c4fbb32c5270547757d233b5030f8fed,"Intel(R) Core(TM) i5-8365U CPU @ 1.60GHz; linux/amd64","2.2.10","-d:release --mm:arc",RWM,8,1000000,equality,matches_unchecked,0,5,80.632290
2ac0eac9c4fbb32c5270547757d233b5030f8fed,"Intel(R) Core(TM) i5-8365U CPU @ 1.60GHz; linux/amd64","2.2.10","-d:release --mm:arc",RWM,8,1000000,equality,matches_unchecked,0,6,79.544230
2ac0eac9c4fbb32c5270547757d233b5030f8fed,"Intel(R) Core(TM) i5-8365U CPU @ 1.60GHz; linux/amd64","2.2.10","-d:release --mm:arc",RWM,8,1000000,equality,matches_unchecked,0,7,82.135360
2ac0eac9c4fbb32c5270547757d233b5030f8fed,"Intel(R) Core(TM) i5-8365U CPU @ 1.60GHz; linux/amd64","2.2.10","-d:release --mm:arc",RWM,8,1000000,equality,matches_unchecked,0,8,67.278580
2ac0eac9c4fbb32c5270547757d233b5030f8fed,"Intel(R) Core(TM) i5-8365U CPU @ 1.60GHz; linux/amd64","2.2.10","-d:release --mm:arc",RWM,8,1000000,equality,matches_unchecked,0,9,76.289050
2ac0eac9c4fbb32c5270547757d233b5030f8fed,"Intel(R) Core(TM) i5-8365U CPU @ 1.60GHz; linux/amd64","2.2.10","-d:release --mm:arc",RWM,8,1000000,equality,matches_unchecked,0,10,74.812980
2ac0eac9c4fbb32c5270547757d233b5030f8fed,"Intel(R) Core(TM) i5-8365U CPU @ 1.60GHz; linux/amd64","2.2.10","-d:release --mm:arc",RWM,8,1000000,equality,matches_unchecked,0,11,75.668020
2ac0eac9c4fbb32c5270547757d233b5030f8fed,"Intel(R) Core(TM) i5-8365U CPU @ 1.60GHz; linux/amd64","2.2.10","-d:release --mm:arc",RWM,8,1000000,equality,matches_unchecked,0,12,70.677760
2ac0eac9c4fbb32c5270547757d233b5030f8fed,"Intel(R) Core(TM) i5-8365U CPU @ 1.60GHz; linux/amd64","2.2.10","-d:release --mm:arc",RWM,8,1000000,equality,matches_unchecked,0,13,68.880660
2ac0eac9c4fbb32c5270547757d233b5030f8fed,"Intel(R) Core(TM) i5-8365U CPU @ 1.60GHz; linux/amd64","2.2.10","-d:release --mm:arc",RWM,8,1000000,equality,matches_unchecked,0,14,81.322320
2ac0eac9c4fbb32c5270547757d233b5030f8fed,"Intel(R) Core(TM) i5-8365U CPU @ 1.60GHz; linux/amd64","2.2.10","-d:release --mm:arc",RWM,8,1000000,equality,matches_unchecked,0,15,67.451590
2ac0eac9c4fbb32c5270547757d233b5030f8fed,"Intel(R) Core(TM) i5-8365U CPU @ 1.60GHz; linux/amd64","2.2.10","-d:release --mm:arc",RWM,8,1000000,equality,matches_unchecked,0,16,79.151200
2ac0eac9c4fbb32c5270547757d233b5030f8fed,"Intel(R) Core(TM) i5-8365U CPU @ 1.60GHz; linux/amd64","2.2.10","-d:release --mm:arc",RWM,8,1000000,equality,matches_unchecked,0,17,68.751660
2ac0eac9c4fbb32c5270547757d233b5030f8fed,"Intel(R) Core(TM) i5-8365U CPU @ 1.60GHz; linux/amd64","2.2.10","-d:release --mm:arc",RWM,8,1000000,equality,matches_unchecked,0,18,75.292000
2ac0eac9c4fbb32c5270547757d233b5030f8fed,"Intel(R) Core(TM) i5-8365U CPU @ 1.60GHz; linux/amd64","2.2.10","-d:release --mm:arc",RWM,8,1000000,equality,matches_unchecked,0,19,82.574390
2ac0eac9c4fbb32c5270547757d233b5030f8fed,"Intel(R) Core(TM) i5-8365U CPU @ 1.60GHz; linux/amd64","2.2.10","-d:release --mm:arc",RWM,8,1000000,equality,matches_unchecked,0,20,84.688500
2ac0eac9c4fbb32c5270547757d233b5030f8fed,"Intel(R) Core(TM) i5-8365U CPU @ 1.60GHz; linux/amd64","2.2.10","-d:release --mm:arc",RWM,8,1000000,equality,matches_unchecked,0,21,66.542540
2ac0eac9c4fbb32c5270547757d233b5030f8fed,"Intel(R) Core(TM) i5-8365U CPU @ 1.60GHz; linux/amd64","2.2.10","-d:release --mm:arc",WM,8,1000000,equality,access,1,1,457.369310
2ac0eac9c4fbb32c5270547757d233b5030f8fed,"Intel(R) Core(TM) i5-8365U CPU @ 1.60GHz; linux/amd64","2.2.10","-d:release --mm:arc",WM,8,1000000,equality,access,1,2,430.403880
2ac0eac9c4fbb32c5270547757d233b5030f8fed,"Intel(R) Core(TM) i5-8365U CPU @ 1.60GHz; linux/amd64","2.2.10","-d:release --mm:arc",WM,8,1000000,equality,access,1,3,439.992380
2ac0eac9c4fbb32c5270547757d233b5030f8fed,"Intel(R) Core(TM) i5-8365U CPU @ 1.60GHz; linux/amd64","2.2.10","-d:release --mm:arc",WM,8,1000000,equality,access,1,4,441.444460
2ac0eac9c4fbb32c5270547757d233b5030f8fed,"Intel(R) Core(TM) i5-8365U CPU @ 1.60GHz; linux/amd64","2.2.10","-d:release --mm:arc",WM,8,1000000,equality,access,1,5,506.201910
2ac0eac9c4fbb32c5270547757d233b5030f8fed,"Intel(R) Core(TM) i5-8365U CPU @ 1.60GHz; linux/amd64","2.2.10","-d:release --mm:arc",WM,8,1000000,equality,access,1,6,469.734960
2ac0eac9c4fbb32c5270547757d233b5030f8fed,"Intel(R) Core(TM) i5-8365U CPU @ 1.60GHz; linux/amd64","2.2.10","-d:release --mm:arc",WM,8,1000000,equality,access,1,7,415.514090
2ac0eac9c4fbb32c5270547757d233b5030f8fed,"Intel(R) Core(TM) i5-8365U CPU @ 1.60GHz; linux/amd64","2.2.10","-d:release --mm:arc",WM,8,1000000,equality,access,1,8,495.146320
2ac0eac9c4fbb32c5270547757d233b5030f8fed,"Intel(R) Core(TM) i5-8365U CPU @ 1.60GHz; linux/amd64","2.2.10","-d:release --mm:arc",WM,8,1000000,equality,access,1,9,622.834100
2ac0eac9c4fbb32c5270547757d233b5030f8fed,"Intel(R) Core(TM) i5-8365U CPU @ 1.60GHz; linux/amd64","2.2.10","-d:release --mm:arc",WM,8,1000000,equality,access,1,10,682.534280
2ac0eac9c4fbb32c5270547757d233b5030f8fed,"Intel(R) Core(TM) i5-8365U CPU @ 1.60GHz; linux/amd64","2.2.10","-d:release --mm:arc",WM,8,1000000,equality,access,1,11,621.575030
2ac0eac9c4fbb32c5270547757d233b5030f8fed,"Intel(R) Core(TM) i5-8365U CPU @ 1.60GHz; linux/amd64","2.2.10","-d:release --mm:arc",WM,8,1000000,equality,access,1,12,698.321120
2ac0eac9c4fbb32c5270547757d233b5030f8fed,"Intel(R) Core(TM) i5-8365U CPU @ 1.60GHz; linux/amd64","2.2.10","-d:release --mm:arc",WM,8,1000000,equality,access,1,13,518.435550
2ac0eac9c4fbb32c5270547757d233b5030f8fed,"Intel(R) Core(TM) i5-8365U CPU @ 1.60GHz; linux/amd64","2.2.10","-d:release --mm:arc",WM,8,1000000,equality,access,1,14,484.932780
2ac0eac9c4fbb32c5270547757d233b5030f8fed,"Intel(R) Core(TM) i5-8365U CPU @ 1.60GHz; linux/amd64","2.2.10","-d:release --mm:arc",WM,8,1000000,equality,access,1,15,538.566620
2ac0eac9c4fbb32c5270547757d233b5030f8fed,"Intel(R) Core(TM) i5-8365U CPU @ 1.60GHz; linux/amd64","2.2.10","-d:release --mm:arc",WM,8,1000000,equality,access,1,16,476.375320
2ac0eac9c4fbb32c5270547757d233b5030f8fed,"Intel(R) Core(TM) i5-8365U CPU @ 1.60GHz; linux/amd64","2.2.10","-d:release --mm:arc",WM,8,1000000,equality,access,1,17,479.263470
2ac0eac9c4fbb32c5270547757d233b5030f8fed,"Intel(R) Core(TM) i5-8365U CPU @ 1.60GHz; linux/amd64","2.2.10","-d:release --mm:arc",WM,8,1000000,equality,access,1,18,437.952280
2ac0eac9c4fbb32c5270547757d233b5030f8fed,"Intel(R) Core(TM) i5-8365U CPU @ 1.60GHz; linux/amd64","2.2.10","-d:release --mm:arc",WM,8,1000000,equality,access,1,19,459.216410
2ac0eac9c4fbb32c5270547757d233b5030f8fed,"Intel(R) Core(TM) i5-8365U CPU @ 1.60GHz; linux/amd64","2.2.10","-d:release --mm:arc",WM,8,1000000,equality,access,1,20,464.082660
2ac0eac9c4fbb32c5270547757d233b5030f8fed,"Intel(R) Core(TM) i5-8365U CPU @ 1.60GHz; linux/amd64","2.2.10","-d:release --mm:arc",WM,8,1000000,equality,access,1,21,492.891200
2ac0eac9c4fbb32c5270547757d233b5030f8fed,"Intel(R) Core(TM) i5-8365U CPU @ 1.60GHz; linux/amd64","2.2.10","-d:release --mm:arc",WM,8,1000000,equality,matches_checked,1,1,81.711340
2ac0eac9c4fbb32c5270547757d233b5030f8fed,"Intel(R) Core(TM) i5-8365U CPU @ 1.60GHz; linux/amd64","2.2.10","-d:release --mm:arc",WM,8,1000000,equality,matches_checked,1,2,94.223010
2ac0eac9c4fbb32c5270547757d233b5030f8fed,"Intel(R) Core(TM) i5-8365U CPU @ 1.60GHz; linux/amd64","2.2.10","-d:release --mm:arc",WM,8,1000000,equality,matches_checked,1,3,82.297370
2ac0eac9c4fbb32c5270547757d233b5030f8fed,"Intel(R) Core(TM) i5-8365U CPU @ 1.60GHz; linux/amd64","2.2.10","-d:release --mm:arc",WM,8,1000000,equality,matches_checked,1,4,88.373700
2ac0eac9c4fbb32c5270547757d233b5030f8fed,"Intel(R) Core(TM) i5-8365U CPU @ 1.60GHz; linux/amd64","2.2.10","-d:release --mm:arc",WM,8,1000000,equality,matches_checked,1,5,77.560120
2ac0eac9c4fbb32c5270547757d233b5030f8fed,"Intel(R) Core(TM) i5-8365U CPU @ 1.60GHz; linux/amd64","2.2.10","-d:release --mm:arc",WM,8,1000000,equality,matches_checked,1,6,100.198330
2ac0eac9c4fbb32c5270547757d233b5030f8fed,"Intel(R) Core(TM) i5-8365U CPU @ 1.60GHz; linux/amd64","2.2.10","-d:release --mm:arc",WM,8,1000000,equality,matches_checked,1,7,77.563120
2ac0eac9c4fbb32c5270547757d233b5030f8fed,"Intel(R) Core(TM) i5-8365U CPU @ 1.60GHz; linux/amd64","2.2.10","-d:release --mm:arc",WM,8,1000000,equality,matches_checked,1,8,113.868060
2ac0eac9c4fbb32c5270547757d233b5030f8fed,"Intel(R) Core(TM) i5-8365U CPU @ 1.60GHz; linux/amd64","2.2.10","-d:release --mm:arc",WM,8,1000000,equality,matches_checked,1,9,76.113040
2ac0eac9c4fbb32c5270547757d233b5030f8fed,"Intel(R) Core(TM) i5-8365U CPU @ 1.60GHz; linux/amd64","2.2.10","-d:release --mm:arc",WM,8,1000000,equality,matches_checked,1,10,112.698990
2ac0eac9c4fbb32c5270547757d233b5030f8fed,"Intel(R) Core(TM) i5-8365U CPU @ 1.60GHz; linux/amd64","2.2.10","-d:release --mm:arc",WM,8,1000000,equality,matches_checked,1,11,79.591230
2ac0eac9c4fbb32c5270547757d233b5030f8fed,"Intel(R) Core(TM) i5-8365U CPU @ 1.60GHz; linux/amd64","2.2.10","-d:release --mm:arc",WM,8,1000000,equality,matches_checked,1,12,88.012680
2ac0eac9c4fbb32c5270547757d233b5030f8fed,"Intel(R) Core(TM) i5-8365U CPU @ 1.60GHz; linux/amd64","2.2.10","-d:release --mm:arc",WM,8,1000000,equality,matches_checked,1,13,95.488070
2ac0eac9c4fbb32c5270547757d233b5030f8fed,"Intel(R) Core(TM) i5-8365U CPU @ 1.60GHz; linux/amd64","2.2.10","-d:release --mm:arc",WM,8,1000000,equality,matches_checked,1,14,89.904770
2ac0eac9c4fbb32c5270547757d233b5030f8fed,"Intel(R) Core(TM) i5-8365U CPU @ 1.60GHz; linux/amd64","2.2.10","-d:release --mm:arc",WM,8,1000000,equality,matches_checked,1,15,91.436860
2ac0eac9c4fbb32c5270547757d233b5030f8fed,"Intel(R) Core(TM) i5-8365U CPU @ 1.60GHz; linux/amd64","2.2.10","-d:release --mm:arc",WM,8,1000000,equality,matches_checked,1,16,76.773080
2ac0eac9c4fbb32c5270547757d233b5030f8fed,"Intel(R) Core(TM) i5-8365U CPU @ 1.60GHz; linux/amd64","2.2.10","-d:release --mm:arc",WM,8,1000000,equality,matches_checked,1,17,96.784150
2ac0eac9c4fbb32c5270547757d233b5030f8fed,"Intel(R) Core(TM) i5-8365U CPU @ 1.60GHz; linux/amd64","2.2.10","-d:release --mm:arc",WM,8,1000000,equality,matches_checked,1,18,77.974140
2ac0eac9c4fbb32c5270547757d233b5030f8fed,"Intel(R) Core(TM) i5-8365U CPU @ 1.60GHz; linux/amd64","2.2.10","-d:release --mm:arc",WM,8,1000000,equality,matches_checked,1,19,106.407660
2ac0eac9c4fbb32c5270547757d233b5030f8fed,"Intel(R) Core(TM) i5-8365U CPU @ 1.60GHz; linux/amd64","2.2.10","-d:release --mm:arc",WM,8,1000000,equality,matches_checked,1,20,76.545070
2ac0eac9c4fbb32c5270547757d233b5030f8fed,"Intel(R) Core(TM) i5-8365U CPU @ 1.60GHz; linux/amd64","2.2.10","-d:release --mm:arc",WM,8,1000000,equality,matches_checked,1,21,107.801730
2ac0eac9c4fbb32c5270547757d233b5030f8fed,"Intel(R) Core(TM) i5-8365U CPU @ 1.60GHz; linux/amd64","2.2.10","-d:release --mm:arc",WM,8,1000000,equality,matches_unchecked,1,1,90.462810
2ac0eac9c4fbb32c5270547757d233b5030f8fed,"Intel(R) Core(TM) i5-8365U CPU @ 1.60GHz; linux/amd64","2.2.10","-d:release --mm:arc",WM,8,1000000,equality,matches_unchecked,1,2,84.058470
2ac0eac9c4fbb32c5270547757d233b5030f8fed,"Intel(R) Core(TM) i5-8365U CPU @ 1.60GHz; linux/amd64","2.2.10","-d:release --mm:arc",WM,8,1000000,equality,matches_unchecked,1,3,101.279380
2ac0eac9c4fbb32c5270547757d233b5030f8fed,"Intel(R) Core(TM) i5-8365U CPU @ 1.60GHz; linux/amd64","2.2.10","-d:release --mm:arc",WM,8,1000000,equality,matches_unchecked,1,4,84.102470
2ac0eac9c4fbb32c5270547757d233b5030f8fed,"Intel(R) Core(TM) i5-8365U CPU @ 1.60GHz; linux/amd64","2.2.10","-d:release --mm:arc",WM,8,1000000,equality,matches_unchecked,1,5,85.397540
2ac0eac9c4fbb32c5270547757d233b5030f8fed,"Intel(R) Core(TM) i5-8365U CPU @ 1.60GHz; linux/amd64","2.2.10","-d:release --mm:arc",WM,8,1000000,equality,matches_unchecked,1,6,104.025530
2ac0eac9c4fbb32c5270547757d233b5030f8fed,"Intel(R) Core(TM) i5-8365U CPU @ 1.60GHz; linux/amd64","2.2.10","-d:release --mm:arc",WM,8,1000000,equality,matches_unchecked,1,7,86.821620
2ac0eac9c4fbb32c5270547757d233b5030f8fed,"Intel(R) Core(TM) i5-8365U CPU @ 1.60GHz; linux/amd64","2.2.10","-d:release --mm:arc",WM,8,1000000,equality,matches_unchecked,1,8,124.212600
2ac0eac9c4fbb32c5270547757d233b5030f8fed,"Intel(R) Core(TM) i5-8365U CPU @ 1.60GHz; linux/amd64","2.2.10","-d:release --mm:arc",WM,8,1000000,equality,matches_unchecked,1,9,79.822240
2ac0eac9c4fbb32c5270547757d233b5030f8fed,"Intel(R) Core(TM) i5-8365U CPU @ 1.60GHz; linux/amd64","2.2.10","-d:release --mm:arc",WM,8,1000000,equality,matches_unchecked,1,10,124.350610
2ac0eac9c4fbb32c5270547757d233b5030f8fed,"Intel(R) Core(TM) i5-8365U CPU @ 1.60GHz; linux/amd64","2.2.10","-d:release --mm:arc",WM,8,1000000,equality,matches_unchecked,1,11,105.964630
2ac0eac9c4fbb32c5270547757d233b5030f8fed,"Intel(R) Core(TM) i5-8365U CPU @ 1.60GHz; linux/amd64","2.2.10","-d:release --mm:arc",WM,8,1000000,equality,matches_unchecked,1,12,79.623230
2ac0eac9c4fbb32c5270547757d233b5030f8fed,"Intel(R) Core(TM) i5-8365U CPU @ 1.60GHz; linux/amd64","2.2.10","-d:release --mm:arc",WM,8,1000000,equality,matches_unchecked,1,13,117.193230
2ac0eac9c4fbb32c5270547757d233b5030f8fed,"Intel(R) Core(TM) i5-8365U CPU @ 1.60GHz; linux/amd64","2.2.10","-d:release --mm:arc",WM,8,1000000,equality,matches_unchecked,1,14,83.859460
2ac0eac9c4fbb32c5270547757d233b5030f8fed,"Intel(R) Core(TM) i5-8365U CPU @ 1.60GHz; linux/amd64","2.2.10","-d:release --mm:arc",WM,8,1000000,equality,matches_unchecked,1,15,88.706720
2ac0eac9c4fbb32c5270547757d233b5030f8fed,"Intel(R) Core(TM) i5-8365U CPU @ 1.60GHz; linux/amd64","2.2.10","-d:release --mm:arc",WM,8,1000000,equality,matches_unchecked,1,16,111.066900
2ac0eac9c4fbb32c5270547757d233b5030f8fed,"Intel(R) Core(TM) i5-8365U CPU @ 1.60GHz; linux/amd64","2.2.10","-d:release --mm:arc",WM,8,1000000,equality,matches_unchecked,1,17,88.438700
2ac0eac9c4fbb32c5270547757d233b5030f8fed,"Intel(R) Core(TM) i5-8365U CPU @ 1.60GHz; linux/amd64","2.2.10","-d:release --mm:arc",WM,8,1000000,equality,matches_unchecked,1,18,129.750900
2ac0eac9c4fbb32c5270547757d233b5030f8fed,"Intel(R) Core(TM) i5-8365U CPU @ 1.60GHz; linux/amd64","2.2.10","-d:release --mm:arc",WM,8,1000000,equality,matches_unchecked,1,19,89.677760
2ac0eac9c4fbb32c5270547757d233b5030f8fed,"Intel(R) Core(TM) i5-8365U CPU @ 1.60GHz; linux/amd64","2.2.10","-d:release --mm:arc",WM,8,1000000,equality,matches_unchecked,1,20,92.171900
2ac0eac9c4fbb32c5270547757d233b5030f8fed,"Intel(R) Core(TM) i5-8365U CPU @ 1.60GHz; linux/amd64","2.2.10","-d:release --mm:arc",WM,8,1000000,equality,matches_unchecked,1,21,106.323650
2ac0eac9c4fbb32c5270547757d233b5030f8fed,"Intel(R) Core(TM) i5-8365U CPU @ 1.60GHz; linux/amd64","2.2.10","-d:release --mm:arc",RWM,8,1000000,equality,access,1,1,509.161060
2ac0eac9c4fbb32c5270547757d233b5030f8fed,"Intel(R) Core(TM) i5-8365U CPU @ 1.60GHz; linux/amd64","2.2.10","-d:release --mm:arc",RWM,8,1000000,equality,access,1,2,450.814960
2ac0eac9c4fbb32c5270547757d233b5030f8fed,"Intel(R) Core(TM) i5-8365U CPU @ 1.60GHz; linux/amd64","2.2.10","-d:release --mm:arc",RWM,8,1000000,equality,access,1,3,447.855810
2ac0eac9c4fbb32c5270547757d233b5030f8fed,"Intel(R) Core(TM) i5-8365U CPU @ 1.60GHz; linux/amd64","2.2.10","-d:release --mm:arc",RWM,8,1000000,equality,access,1,4,428.587780
2ac0eac9c4fbb32c5270547757d233b5030f8fed,"Intel(R) Core(TM) i5-8365U CPU @ 1.60GHz; linux/amd64","2.2.10","-d:release --mm:arc",RWM,8,1000000,equality,access,1,5,478.447430
2ac0eac9c4fbb32c5270547757d233b5030f8fed,"Intel(R) Core(TM) i5-8365U CPU @ 1.60GHz; linux/amd64","2.2.10","-d:release --mm:arc",RWM,8,1000000,equality,access,1,6,436.320190
2ac0eac9c4fbb32c5270547757d233b5030f8fed,"Intel(R) Core(TM) i5-8365U CPU @ 1.60GHz; linux/amd64","2.2.10","-d:release --mm:arc",RWM,8,1000000,equality,access,1,7,481.260580
2ac0eac9c4fbb32c5270547757d233b5030f8fed,"Intel(R) Core(TM) i5-8365U CPU @ 1.60GHz; linux/amd64","2.2.10","-d:release --mm:arc",RWM,8,1000000,equality,access,1,8,427.900740
2ac0eac9c4fbb32c5270547757d233b5030f8fed,"Intel(R) Core(TM) i5-8365U CPU @ 1.60GHz; linux/amd64","2.2.10","-d:release --mm:arc",RWM,8,1000000,equality,access,1,9,443.399570
2ac0eac9c4fbb32c5270547757d233b5030f8fed,"Intel(R) Core(TM) i5-8365U CPU @ 1.60GHz; linux/amd64","2.2.10","-d:release --mm:arc",RWM,8,1000000,equality,access,1,10,463.645640
2ac0eac9c4fbb32c5270547757d233b5030f8fed,"Intel(R) Core(TM) i5-8365U CPU @ 1.60GHz; linux/amd64","2.2.10","-d:release --mm:arc",RWM,8,1000000,equality,access,1,11,434.811110
2ac0eac9c4fbb32c5270547757d233b5030f8fed,"Intel(R) Core(TM) i5-8365U CPU @ 1.60GHz; linux/amd64","2.2.10","-d:release --mm:arc",RWM,8,1000000,equality,access,1,12,434.720100
2ac0eac9c4fbb32c5270547757d233b5030f8fed,"Intel(R) Core(TM) i5-8365U CPU @ 1.60GHz; linux/amd64","2.2.10","-d:release --mm:arc",RWM,8,1000000,equality,access,1,13,455.770230
2ac0eac9c4fbb32c5270547757d233b5030f8fed,"Intel(R) Core(TM) i5-8365U CPU @ 1.60GHz; linux/amd64","2.2.10","-d:release --mm:arc",RWM,8,1000000,equality,access,1,14,448.952860
2ac0eac9c4fbb32c5270547757d233b5030f8fed,"Intel(R) Core(TM) i5-8365U CPU @ 1.60GHz; linux/amd64","2.2.10","-d:release --mm:arc",RWM,8,1000000,equality,access,1,15,418.782260
2ac0eac9c4fbb32c5270547757d233b5030f8fed,"Intel(R) Core(TM) i5-8365U CPU @ 1.60GHz; linux/amd64","2.2.10","-d:release --mm:arc",RWM,8,1000000,equality,access,1,16,485.100780
2ac0eac9c4fbb32c5270547757d233b5030f8fed,"Intel(R) Core(TM) i5-8365U CPU @ 1.60GHz; linux/amd64","2.2.10","-d:release --mm:arc",RWM,8,1000000,equality,access,1,17,421.270390
2ac0eac9c4fbb32c5270547757d233b5030f8fed,"Intel(R) Core(TM) i5-8365U CPU @ 1.60GHz; linux/amd64","2.2.10","-d:release --mm:arc",RWM,8,1000000,equality,access,1,18,429.026800
2ac0eac9c4fbb32c5270547757d233b5030f8fed,"Intel(R) Core(TM) i5-8365U CPU @ 1.60GHz; linux/amd64","2.2.10","-d:release --mm:arc",RWM,8,1000000,equality,access,1,19,433.576050
2ac0eac9c4fbb32c5270547757d233b5030f8fed,"Intel(R) Core(TM) i5-8365U CPU @ 1.60GHz; linux/amd64","2.2.10","-d:release --mm:arc",RWM,8,1000000,equality,access,1,20,479.561490
2ac0eac9c4fbb32c5270547757d233b5030f8fed,"Intel(R) Core(TM) i5-8365U CPU @ 1.60GHz; linux/amd64","2.2.10","-d:release --mm:arc",RWM,8,1000000,equality,access,1,21,570.063300
2ac0eac9c4fbb32c5270547757d233b5030f8fed,"Intel(R) Core(TM) i5-8365U CPU @ 1.60GHz; linux/amd64","2.2.10","-d:release --mm:arc",RWM,8,1000000,equality,matches_checked,1,1,94.224010
2ac0eac9c4fbb32c5270547757d233b5030f8fed,"Intel(R) Core(TM) i5-8365U CPU @ 1.60GHz; linux/amd64","2.2.10","-d:release --mm:arc",RWM,8,1000000,equality,matches_checked,1,2,80.913300
2ac0eac9c4fbb32c5270547757d233b5030f8fed,"Intel(R) Core(TM) i5-8365U CPU @ 1.60GHz; linux/amd64","2.2.10","-d:release --mm:arc",RWM,8,1000000,equality,matches_checked,1,3,93.772980
2ac0eac9c4fbb32c5270547757d233b5030f8fed,"Intel(R) Core(TM) i5-8365U CPU @ 1.60GHz; linux/amd64","2.2.10","-d:release --mm:arc",RWM,8,1000000,equality,matches_checked,1,4,87.158640
2ac0eac9c4fbb32c5270547757d233b5030f8fed,"Intel(R) Core(TM) i5-8365U CPU @ 1.60GHz; linux/amd64","2.2.10","-d:release --mm:arc",RWM,8,1000000,equality,matches_checked,1,5,82.807400
2ac0eac9c4fbb32c5270547757d233b5030f8fed,"Intel(R) Core(TM) i5-8365U CPU @ 1.60GHz; linux/amd64","2.2.10","-d:release --mm:arc",RWM,8,1000000,equality,matches_checked,1,6,90.422800
2ac0eac9c4fbb32c5270547757d233b5030f8fed,"Intel(R) Core(TM) i5-8365U CPU @ 1.60GHz; linux/amd64","2.2.10","-d:release --mm:arc",RWM,8,1000000,equality,matches_checked,1,7,90.384810
2ac0eac9c4fbb32c5270547757d233b5030f8fed,"Intel(R) Core(TM) i5-8365U CPU @ 1.60GHz; linux/amd64","2.2.10","-d:release --mm:arc",RWM,8,1000000,equality,matches_checked,1,8,81.366320
2ac0eac9c4fbb32c5270547757d233b5030f8fed,"Intel(R) Core(TM) i5-8365U CPU @ 1.60GHz; linux/amd64","2.2.10","-d:release --mm:arc",RWM,8,1000000,equality,matches_checked,1,9,75.080990
2ac0eac9c4fbb32c5270547757d233b5030f8fed,"Intel(R) Core(TM) i5-8365U CPU @ 1.60GHz; linux/amd64","2.2.10","-d:release --mm:arc",RWM,8,1000000,equality,matches_checked,1,10,89.386750
2ac0eac9c4fbb32c5270547757d233b5030f8fed,"Intel(R) Core(TM) i5-8365U CPU @ 1.60GHz; linux/amd64","2.2.10","-d:release --mm:arc",RWM,8,1000000,equality,matches_checked,1,11,87.368650
2ac0eac9c4fbb32c5270547757d233b5030f8fed,"Intel(R) Core(TM) i5-8365U CPU @ 1.60GHz; linux/amd64","2.2.10","-d:release --mm:arc",RWM,8,1000000,equality,matches_checked,1,12,100.292330
2ac0eac9c4fbb32c5270547757d233b5030f8fed,"Intel(R) Core(TM) i5-8365U CPU @ 1.60GHz; linux/amd64","2.2.10","-d:release --mm:arc",RWM,8,1000000,equality,matches_checked,1,13,79.997250
2ac0eac9c4fbb32c5270547757d233b5030f8fed,"Intel(R) Core(TM) i5-8365U CPU @ 1.60GHz; linux/amd64","2.2.10","-d:release --mm:arc",RWM,8,1000000,equality,matches_checked,1,14,106.172640
2ac0eac9c4fbb32c5270547757d233b5030f8fed,"Intel(R) Core(TM) i5-8365U CPU @ 1.60GHz; linux/amd64","2.2.10","-d:release --mm:arc",RWM,8,1000000,equality,matches_checked,1,15,79.227210
2ac0eac9c4fbb32c5270547757d233b5030f8fed,"Intel(R) Core(TM) i5-8365U CPU @ 1.60GHz; linux/amd64","2.2.10","-d:release --mm:arc",RWM,8,1000000,equality,matches_checked,1,16,92.262900
2ac0eac9c4fbb32c5270547757d233b5030f8fed,"Intel(R) Core(TM) i5-8365U CPU @ 1.60GHz; linux/amd64","2.2.10","-d:release --mm:arc",RWM,8,1000000,equality,matches_checked,1,17,76.654070
2ac0eac9c4fbb32c5270547757d233b5030f8fed,"Intel(R) Core(TM) i5-8365U CPU @ 1.60GHz; linux/amd64","2.2.10","-d:release --mm:arc",RWM,8,1000000,equality,matches_checked,1,18,100.007320
2ac0eac9c4fbb32c5270547757d233b5030f8fed,"Intel(R) Core(TM) i5-8365U CPU @ 1.60GHz; linux/amd64","2.2.10","-d:release --mm:arc",RWM,8,1000000,equality,matches_checked,1,19,74.697970
2ac0eac9c4fbb32c5270547757d233b5030f8fed,"Intel(R) Core(TM) i5-8365U CPU @ 1.60GHz; linux/amd64","2.2.10","-d:release --mm:arc",RWM,8,1000000,equality,matches_checked,1,20,80.378270
2ac0eac9c4fbb32c5270547757d233b5030f8fed,"Intel(R) Core(TM) i5-8365U CPU @ 1.60GHz; linux/amd64","2.2.10","-d:release --mm:arc",RWM,8,1000000,equality,matches_checked,1,21,78.550180
2ac0eac9c4fbb32c5270547757d233b5030f8fed,"Intel(R) Core(TM) i5-8365U CPU @ 1.60GHz; linux/amd64","2.2.10","-d:release --mm:arc",RWM,8,1000000,equality,matches_unchecked,1,1,75.228000
2ac0eac9c4fbb32c5270547757d233b5030f8fed,"Intel(R) Core(TM) i5-8365U CPU @ 1.60GHz; linux/amd64","2.2.10","-d:release --mm:arc",RWM,8,1000000,equality,matches_unchecked,1,2,79.847240
2ac0eac9c4fbb32c5270547757d233b5030f8fed,"Intel(R) Core(TM) i5-8365U CPU @ 1.60GHz; linux/amd64","2.2.10","-d:release --mm:arc",RWM,8,1000000,equality,matches_unchecked,1,3,76.345060
2ac0eac9c4fbb32c5270547757d233b5030f8fed,"Intel(R) Core(TM) i5-8365U CPU @ 1.60GHz; linux/amd64","2.2.10","-d:release --mm:arc",RWM,8,1000000,equality,matches_unchecked,1,4,91.740880
2ac0eac9c4fbb32c5270547757d233b5030f8fed,"Intel(R) Core(TM) i5-8365U CPU @ 1.60GHz; linux/amd64","2.2.10","-d:release --mm:arc",RWM,8,1000000,equality,matches_unchecked,1,5,73.247890
2ac0eac9c4fbb32c5270547757d233b5030f8fed,"Intel(R) Core(TM) i5-8365U CPU @ 1.60GHz; linux/amd64","2.2.10","-d:release --mm:arc",RWM,8,1000000,equality,matches_unchecked,1,6,117.755260
2ac0eac9c4fbb32c5270547757d233b5030f8fed,"Intel(R) Core(TM) i5-8365U CPU @ 1.60GHz; linux/amd64","2.2.10","-d:release --mm:arc",RWM,8,1000000,equality,matches_unchecked,1,7,97.317170
2ac0eac9c4fbb32c5270547757d233b5030f8fed,"Intel(R) Core(TM) i5-8365U CPU @ 1.60GHz; linux/amd64","2.2.10","-d:release --mm:arc",RWM,8,1000000,equality,matches_unchecked,1,8,108.151750
2ac0eac9c4fbb32c5270547757d233b5030f8fed,"Intel(R) Core(TM) i5-8365U CPU @ 1.60GHz; linux/amd64","2.2.10","-d:release --mm:arc",RWM,8,1000000,equality,matches_unchecked,1,9,84.150470
2ac0eac9c4fbb32c5270547757d233b5030f8fed,"Intel(R) Core(TM) i5-8365U CPU @ 1.60GHz; linux/amd64","2.2.10","-d:release --mm:arc",RWM,8,1000000,equality,matches_unchecked,1,10,74.137940
2ac0eac9c4fbb32c5270547757d233b5030f8fed,"Intel(R) Core(TM) i5-8365U CPU @ 1.60GHz; linux/amd64","2.2.10","-d:release --mm:arc",RWM,8,1000000,equality,matches_unchecked,1,11,92.735930
2ac0eac9c4fbb32c5270547757d233b5030f8fed,"Intel(R) Core(TM) i5-8365U CPU @ 1.60GHz; linux/amd64","2.2.10","-d:release --mm:arc",RWM,8,1000000,equality,matches_unchecked,1,12,76.719080
2ac0eac9c4fbb32c5270547757d233b5030f8fed,"Intel(R) Core(TM) i5-8365U CPU @ 1.60GHz; linux/amd64","2.2.10","-d:release --mm:arc",RWM,8,1000000,equality,matches_unchecked,1,13,88.114690
2ac0eac9c4fbb32c5270547757d233b5030f8fed,"Intel(R) Core(TM) i5-8365U CPU @ 1.60GHz; linux/amd64","2.2.10","-d:release --mm:arc",RWM,8,1000000,equality,matches_unchecked,1,14,73.683910
2ac0eac9c4fbb32c5270547757d233b5030f8fed,"Intel(R) Core(TM) i5-8365U CPU @ 1.60GHz; linux/amd64","2.2.10","-d:release --mm:arc",RWM,8,1000000,equality,matches_unchecked,1,15,91.902890
2ac0eac9c4fbb32c5270547757d233b5030f8fed,"Intel(R) Core(TM) i5-8365U CPU @ 1.60GHz; linux/amd64","2.2.10","-d:release --mm:arc",RWM,8,1000000,equality,matches_unchecked,1,16,74.582960
2ac0eac9c4fbb32c5270547757d233b5030f8fed,"Intel(R) Core(TM) i5-8365U CPU @ 1.60GHz; linux/amd64","2.2.10","-d:release --mm:arc",RWM,8,1000000,equality,matches_unchecked,1,17,108.433760
2ac0eac9c4fbb32c5270547757d233b5030f8fed,"Intel(R) Core(TM) i5-8365U CPU @ 1.60GHz; linux/amd64","2.2.10","-d:release --mm:arc",RWM,8,1000000,equality,matches_unchecked,1,18,103.709520
2ac0eac9c4fbb32c5270547757d233b5030f8fed,"Intel(R) Core(TM) i5-8365U CPU @ 1.60GHz; linux/amd64","2.2.10","-d:release --mm:arc",RWM,8,1000000,equality,matches_unchecked,1,19,112.241960
2ac0eac9c4fbb32c5270547757d233b5030f8fed,"Intel(R) Core(TM) i5-8365U CPU @ 1.60GHz; linux/amd64","2.2.10","-d:release --mm:arc",RWM,8,1000000,equality,matches_unchecked,1,20,86.199580
2ac0eac9c4fbb32c5270547757d233b5030f8fed,"Intel(R) Core(TM) i5-8365U CPU @ 1.60GHz; linux/amd64","2.2.10","-d:release --mm:arc",RWM,8,1000000,equality,matches_unchecked,1,21,71.998830
2ac0eac9c4fbb32c5270547757d233b5030f8fed,"Intel(R) Core(TM) i5-8365U CPU @ 1.60GHz; linux/amd64","2.2.10","-d:release --mm:arc",WM,8,1000000,equality,access,50,1,478.818440
2ac0eac9c4fbb32c5270547757d233b5030f8fed,"Intel(R) Core(TM) i5-8365U CPU @ 1.60GHz; linux/amd64","2.2.10","-d:release --mm:arc",WM,8,1000000,equality,access,50,2,467.724850
2ac0eac9c4fbb32c5270547757d233b5030f8fed,"Intel(R) Core(TM) i5-8365U CPU @ 1.60GHz; linux/amd64","2.2.10","-d:release --mm:arc",WM,8,1000000,equality,access,50,3,392.601870
2ac0eac9c4fbb32c5270547757d233b5030f8fed,"Intel(R) Core(TM) i5-8365U CPU @ 1.60GHz; linux/amd64","2.2.10","-d:release --mm:arc",WM,8,1000000,equality,access,50,4,481.377590
2ac0eac9c4fbb32c5270547757d233b5030f8fed,"Intel(R) Core(TM) i5-8365U CPU @ 1.60GHz; linux/amd64","2.2.10","-d:release --mm:arc",WM,8,1000000,equality,access,50,5,428.211760
2ac0eac9c4fbb32c5270547757d233b5030f8fed,"Intel(R) Core(TM) i5-8365U CPU @ 1.60GHz; linux/amd64","2.2.10","-d:release --mm:arc",WM,8,1000000,equality,access,50,6,416.394130
2ac0eac9c4fbb32c5270547757d233b5030f8fed,"Intel(R) Core(TM) i5-8365U CPU @ 1.60GHz; linux/amd64","2.2.10","-d:release --mm:arc",WM,8,1000000,equality,access,50,7,426.500670
2ac0eac9c4fbb32c5270547757d233b5030f8fed,"Intel(R) Core(TM) i5-8365U CPU @ 1.60GHz; linux/amd64","2.2.10","-d:release --mm:arc",WM,8,1000000,equality,access,50,8,414.611030
2ac0eac9c4fbb32c5270547757d233b5030f8fed,"Intel(R) Core(TM) i5-8365U CPU @ 1.60GHz; linux/amd64","2.2.10","-d:release --mm:arc",WM,8,1000000,equality,access,50,9,408.891730
2ac0eac9c4fbb32c5270547757d233b5030f8fed,"Intel(R) Core(TM) i5-8365U CPU @ 1.60GHz; linux/amd64","2.2.10","-d:release --mm:arc",WM,8,1000000,equality,access,50,10,488.252950
2ac0eac9c4fbb32c5270547757d233b5030f8fed,"Intel(R) Core(TM) i5-8365U CPU @ 1.60GHz; linux/amd64","2.2.10","-d:release --mm:arc",WM,8,1000000,equality,access,50,11,577.321690
2ac0eac9c4fbb32c5270547757d233b5030f8fed,"Intel(R) Core(TM) i5-8365U CPU @ 1.60GHz; linux/amd64","2.2.10","-d:release --mm:arc",WM,8,1000000,equality,access,50,12,473.878190
2ac0eac9c4fbb32c5270547757d233b5030f8fed,"Intel(R) Core(TM) i5-8365U CPU @ 1.60GHz; linux/amd64","2.2.10","-d:release --mm:arc",WM,8,1000000,equality,access,50,13,429.551830
2ac0eac9c4fbb32c5270547757d233b5030f8fed,"Intel(R) Core(TM) i5-8365U CPU @ 1.60GHz; linux/amd64","2.2.10","-d:release --mm:arc",WM,8,1000000,equality,access,50,14,431.960950
2ac0eac9c4fbb32c5270547757d233b5030f8fed,"Intel(R) Core(TM) i5-8365U CPU @ 1.60GHz; linux/amd64","2.2.10","-d:release --mm:arc",WM,8,1000000,equality,access,50,15,441.888480
2ac0eac9c4fbb32c5270547757d233b5030f8fed,"Intel(R) Core(TM) i5-8365U CPU @ 1.60GHz; linux/amd64","2.2.10","-d:release --mm:arc",WM,8,1000000,equality,access,50,16,438.456310
2ac0eac9c4fbb32c5270547757d233b5030f8fed,"Intel(R) Core(TM) i5-8365U CPU @ 1.60GHz; linux/amd64","2.2.10","-d:release --mm:arc",WM,8,1000000,equality,access,50,17,425.338600
2ac0eac9c4fbb32c5270547757d233b5030f8fed,"Intel(R) Core(TM) i5-8365U CPU @ 1.60GHz; linux/amd64","2.2.10","-d:release --mm:arc",WM,8,1000000,equality,access,50,18,499.178530
2ac0eac9c4fbb32c5270547757d233b5030f8fed,"Intel(R) Core(TM) i5-8365U CPU @ 1.60GHz; linux/amd64","2.2.10","-d:release --mm:arc",WM,8,1000000,equality,access,50,19,456.698280
2ac0eac9c4fbb32c5270547757d233b5030f8fed,"Intel(R) Core(TM) i5-8365U CPU @ 1.60GHz; linux/amd64","2.2.10","-d:release --mm:arc",WM,8,1000000,equality,access,50,20,416.802150
2ac0eac9c4fbb32c5270547757d233b5030f8fed,"Intel(R) Core(TM) i5-8365U CPU @ 1.60GHz; linux/amd64","2.2.10","-d:release --mm:arc",WM,8,1000000,equality,access,50,21,498.068470
2ac0eac9c4fbb32c5270547757d233b5030f8fed,"Intel(R) Core(TM) i5-8365U CPU @ 1.60GHz; linux/amd64","2.2.10","-d:release --mm:arc",WM,8,1000000,equality,matches_checked,50,1,216.162490
2ac0eac9c4fbb32c5270547757d233b5030f8fed,"Intel(R) Core(TM) i5-8365U CPU @ 1.60GHz; linux/amd64","2.2.10","-d:release --mm:arc",WM,8,1000000,equality,matches_checked,50,2,295.697720
2ac0eac9c4fbb32c5270547757d233b5030f8fed,"Intel(R) Core(TM) i5-8365U CPU @ 1.60GHz; linux/amd64","2.2.10","-d:release --mm:arc",WM,8,1000000,equality,matches_checked,50,3,330.440560
2ac0eac9c4fbb32c5270547757d233b5030f8fed,"Intel(R) Core(TM) i5-8365U CPU @ 1.60GHz; linux/amd64","2.2.10","-d:release --mm:arc",WM,8,1000000,equality,matches_checked,50,4,246.190090
2ac0eac9c4fbb32c5270547757d233b5030f8fed,"Intel(R) Core(TM) i5-8365U CPU @ 1.60GHz; linux/amd64","2.2.10","-d:release --mm:arc",WM,8,1000000,equality,matches_checked,50,5,280.789920
2ac0eac9c4fbb32c5270547757d233b5030f8fed,"Intel(R) Core(TM) i5-8365U CPU @ 1.60GHz; linux/amd64","2.2.10","-d:release --mm:arc",WM,8,1000000,equality,matches_checked,50,6,233.551420
2ac0eac9c4fbb32c5270547757d233b5030f8fed,"Intel(R) Core(TM) i5-8365U CPU @ 1.60GHz; linux/amd64","2.2.10","-d:release --mm:arc",WM,8,1000000,equality,matches_checked,50,7,264.351050
2ac0eac9c4fbb32c5270547757d233b5030f8fed,"Intel(R) Core(TM) i5-8365U CPU @ 1.60GHz; linux/amd64","2.2.10","-d:release --mm:arc",WM,8,1000000,equality,matches_checked,50,8,231.802320
2ac0eac9c4fbb32c5270547757d233b5030f8fed,"Intel(R) Core(TM) i5-8365U CPU @ 1.60GHz; linux/amd64","2.2.10","-d:release --mm:arc",WM,8,1000000,equality,matches_checked,50,9,259.608790
2ac0eac9c4fbb32c5270547757d233b5030f8fed,"Intel(R) Core(TM) i5-8365U CPU @ 1.60GHz; linux/amd64","2.2.10","-d:release --mm:arc",WM,8,1000000,equality,matches_checked,50,10,227.492100
2ac0eac9c4fbb32c5270547757d233b5030f8fed,"Intel(R) Core(TM) i5-8365U CPU @ 1.60GHz; linux/amd64","2.2.10","-d:release --mm:arc",WM,8,1000000,equality,matches_checked,50,11,246.684110
2ac0eac9c4fbb32c5270547757d233b5030f8fed,"Intel(R) Core(TM) i5-8365U CPU @ 1.60GHz; linux/amd64","2.2.10","-d:release --mm:arc",WM,8,1000000,equality,matches_checked,50,12,243.835960
2ac0eac9c4fbb32c5270547757d233b5030f8fed,"Intel(R) Core(TM) i5-8365U CPU @ 1.60GHz; linux/amd64","2.2.10","-d:release --mm:arc",WM,8,1000000,equality,matches_checked,50,13,333.324710
2ac0eac9c4fbb32c5270547757d233b5030f8fed,"Intel(R) Core(TM) i5-8365U CPU @ 1.60GHz; linux/amd64","2.2.10","-d:release --mm:arc",WM,8,1000000,equality,matches_checked,50,14,250.592320
2ac0eac9c4fbb32c5270547757d233b5030f8fed,"Intel(R) Core(TM) i5-8365U CPU @ 1.60GHz; linux/amd64","2.2.10","-d:release --mm:arc",WM,8,1000000,equality,matches_checked,50,15,249.116240
2ac0eac9c4fbb32c5270547757d233b5030f8fed,"Intel(R) Core(TM) i5-8365U CPU @ 1.60GHz; linux/amd64","2.2.10","-d:release --mm:arc",WM,8,1000000,equality,matches_checked,50,16,238.834700
2ac0eac9c4fbb32c5270547757d233b5030f8fed,"Intel(R) Core(TM) i5-8365U CPU @ 1.60GHz; linux/amd64","2.2.10","-d:release --mm:arc",WM,8,1000000,equality,matches_checked,50,17,250.494310
2ac0eac9c4fbb32c5270547757d233b5030f8fed,"Intel(R) Core(TM) i5-8365U CPU @ 1.60GHz; linux/amd64","2.2.10","-d:release --mm:arc",WM,8,1000000,equality,matches_checked,50,18,229.620210
2ac0eac9c4fbb32c5270547757d233b5030f8fed,"Intel(R) Core(TM) i5-8365U CPU @ 1.60GHz; linux/amd64","2.2.10","-d:release --mm:arc",WM,8,1000000,equality,matches_checked,50,19,228.143120
2ac0eac9c4fbb32c5270547757d233b5030f8fed,"Intel(R) Core(TM) i5-8365U CPU @ 1.60GHz; linux/amd64","2.2.10","-d:release --mm:arc",WM,8,1000000,equality,matches_checked,50,20,229.540200
2ac0eac9c4fbb32c5270547757d233b5030f8fed,"Intel(R) Core(TM) i5-8365U CPU @ 1.60GHz; linux/amd64","2.2.10","-d:release --mm:arc",WM,8,1000000,equality,matches_checked,50,21,287.421280
2ac0eac9c4fbb32c5270547757d233b5030f8fed,"Intel(R) Core(TM) i5-8365U CPU @ 1.60GHz; linux/amd64","2.2.10","-d:release --mm:arc",WM,8,1000000,equality,matches_unchecked,50,1,249.074240
2ac0eac9c4fbb32c5270547757d233b5030f8fed,"Intel(R) Core(TM) i5-8365U CPU @ 1.60GHz; linux/amd64","2.2.10","-d:release --mm:arc",WM,8,1000000,equality,matches_unchecked,50,2,232.599360
2ac0eac9c4fbb32c5270547757d233b5030f8fed,"Intel(R) Core(TM) i5-8365U CPU @ 1.60GHz; linux/amd64","2.2.10","-d:release --mm:arc",WM,8,1000000,equality,matches_unchecked,50,3,222.998860
2ac0eac9c4fbb32c5270547757d233b5030f8fed,"Intel(R) Core(TM) i5-8365U CPU @ 1.60GHz; linux/amd64","2.2.10","-d:release --mm:arc",WM,8,1000000,equality,matches_unchecked,50,4,263.731010
2ac0eac9c4fbb32c5270547757d233b5030f8fed,"Intel(R) Core(TM) i5-8365U CPU @ 1.60GHz; linux/amd64","2.2.10","-d:release --mm:arc",WM,8,1000000,equality,matches_unchecked,50,5,258.195730
2ac0eac9c4fbb32c5270547757d233b5030f8fed,"Intel(R) Core(TM) i5-8365U CPU @ 1.60GHz; linux/amd64","2.2.10","-d:release --mm:arc",WM,8,1000000,equality,matches_unchecked,50,6,240.964810
2ac0eac9c4fbb32c5270547757d233b5030f8fed,"Intel(R) Core(TM) i5-8365U CPU @ 1.60GHz; linux/amd64","2.2.10","-d:release --mm:arc",WM,8,1000000,equality,matches_unchecked,50,7,221.938790
2ac0eac9c4fbb32c5270547757d233b5030f8fed,"Intel(R) Core(TM) i5-8365U CPU @ 1.60GHz; linux/amd64","2.2.10","-d:release --mm:arc",WM,8,1000000,equality,matches_unchecked,50,8,252.026400
2ac0eac9c4fbb32c5270547757d233b5030f8fed,"Intel(R) Core(TM) i5-8365U CPU @ 1.60GHz; linux/amd64","2.2.10","-d:release --mm:arc",WM,8,1000000,equality,matches_unchecked,50,9,231.616310
2ac0eac9c4fbb32c5270547757d233b5030f8fed,"Intel(R) Core(TM) i5-8365U CPU @ 1.60GHz; linux/amd64","2.2.10","-d:release --mm:arc",WM,8,1000000,equality,matches_unchecked,50,10,231.676310
2ac0eac9c4fbb32c5270547757d233b5030f8fed,"Intel(R) Core(TM) i5-8365U CPU @ 1.60GHz; linux/amd64","2.2.10","-d:release --mm:arc",WM,8,1000000,equality,matches_unchecked,50,11,211.628250
2ac0eac9c4fbb32c5270547757d233b5030f8fed,"Intel(R) Core(TM) i5-8365U CPU @ 1.60GHz; linux/amd64","2.2.10","-d:release --mm:arc",WM,8,1000000,equality,matches_unchecked,50,12,259.532790
2ac0eac9c4fbb32c5270547757d233b5030f8fed,"Intel(R) Core(TM) i5-8365U CPU @ 1.60GHz; linux/amd64","2.2.10","-d:release --mm:arc",WM,8,1000000,equality,matches_unchecked,50,13,225.240970
2ac0eac9c4fbb32c5270547757d233b5030f8fed,"Intel(R) Core(TM) i5-8365U CPU @ 1.60GHz; linux/amd64","2.2.10","-d:release --mm:arc",WM,8,1000000,equality,matches_unchecked,50,14,214.026380
2ac0eac9c4fbb32c5270547757d233b5030f8fed,"Intel(R) Core(TM) i5-8365U CPU @ 1.60GHz; linux/amd64","2.2.10","-d:release --mm:arc",WM,8,1000000,equality,matches_unchecked,50,15,259.889810
2ac0eac9c4fbb32c5270547757d233b5030f8fed,"Intel(R) Core(TM) i5-8365U CPU @ 1.60GHz; linux/amd64","2.2.10","-d:release --mm:arc",WM,8,1000000,equality,matches_unchecked,50,16,306.640300
2ac0eac9c4fbb32c5270547757d233b5030f8fed,"Intel(R) Core(TM) i5-8365U CPU @ 1.60GHz; linux/amd64","2.2.10","-d:release --mm:arc",WM,8,1000000,equality,matches_unchecked,50,17,229.315190
2ac0eac9c4fbb32c5270547757d233b5030f8fed,"Intel(R) Core(TM) i5-8365U CPU @ 1.60GHz; linux/amd64","2.2.10","-d:release --mm:arc",WM,8,1000000,equality,matches_unchecked,50,18,223.776890
2ac0eac9c4fbb32c5270547757d233b5030f8fed,"Intel(R) Core(TM) i5-8365U CPU @ 1.60GHz; linux/amd64","2.2.10","-d:release --mm:arc",WM,8,1000000,equality,matches_unchecked,50,19,290.306430
2ac0eac9c4fbb32c5270547757d233b5030f8fed,"Intel(R) Core(TM) i5-8365U CPU @ 1.60GHz; linux/amd64","2.2.10","-d:release --mm:arc",WM,8,1000000,equality,matches_unchecked,50,20,319.573990
2ac0eac9c4fbb32c5270547757d233b5030f8fed,"Intel(R) Core(TM) i5-8365U CPU @ 1.60GHz; linux/amd64","2.2.10","-d:release --mm:arc",WM,8,1000000,equality,matches_unchecked,50,21,287.132260
2ac0eac9c4fbb32c5270547757d233b5030f8fed,"Intel(R) Core(TM) i5-8365U CPU @ 1.60GHz; linux/amd64","2.2.10","-d:release --mm:arc",RWM,8,1000000,equality,access,50,1,419.705300
2ac0eac9c4fbb32c5270547757d233b5030f8fed,"Intel(R) Core(TM) i5-8365U CPU @ 1.60GHz; linux/amd64","2.2.10","-d:release --mm:arc",RWM,8,1000000,equality,access,50,2,460.060450
2ac0eac9c4fbb32c5270547757d233b5030f8fed,"Intel(R) Core(TM) i5-8365U CPU @ 1.60GHz; linux/amd64","2.2.10","-d:release --mm:arc",RWM,8,1000000,equality,access,50,3,431.422930
2ac0eac9c4fbb32c5270547757d233b5030f8fed,"Intel(R) Core(TM) i5-8365U CPU @ 1.60GHz; linux/amd64","2.2.10","-d:release --mm:arc",RWM,8,1000000,equality,access,50,4,436.816210
2ac0eac9c4fbb32c5270547757d233b5030f8fed,"Intel(R) Core(TM) i5-8365U CPU @ 1.60GHz; linux/amd64","2.2.10","-d:release --mm:arc",RWM,8,1000000,equality,access,50,5,452.484050
2ac0eac9c4fbb32c5270547757d233b5030f8fed,"Intel(R) Core(TM) i5-8365U CPU @ 1.60GHz; linux/amd64","2.2.10","-d:release --mm:arc",RWM,8,1000000,equality,access,50,6,405.788570
2ac0eac9c4fbb32c5270547757d233b5030f8fed,"Intel(R) Core(TM) i5-8365U CPU @ 1.60GHz; linux/amd64","2.2.10","-d:release --mm:arc",RWM,8,1000000,equality,access,50,7,416.380130
2ac0eac9c4fbb32c5270547757d233b5030f8fed,"Intel(R) Core(TM) i5-8365U CPU @ 1.60GHz; linux/amd64","2.2.10","-d:release --mm:arc",RWM,8,1000000,equality,access,50,8,408.055690
2ac0eac9c4fbb32c5270547757d233b5030f8fed,"Intel(R) Core(TM) i5-8365U CPU @ 1.60GHz; linux/amd64","2.2.10","-d:release --mm:arc",RWM,8,1000000,equality,access,50,9,472.792130
2ac0eac9c4fbb32c5270547757d233b5030f8fed,"Intel(R) Core(TM) i5-8365U CPU @ 1.60GHz; linux/amd64","2.2.10","-d:release --mm:arc",RWM,8,1000000,equality,access,50,10,518.092530
2ac0eac9c4fbb32c5270547757d233b5030f8fed,"Intel(R) Core(TM) i5-8365U CPU @ 1.60GHz; linux/amd64","2.2.10","-d:release --mm:arc",RWM,8,1000000,equality,access,50,11,452.352040
2ac0eac9c4fbb32c5270547757d233b5030f8fed,"Intel(R) Core(TM) i5-8365U CPU @ 1.60GHz; linux/amd64","2.2.10","-d:release --mm:arc",RWM,8,1000000,equality,access,50,12,436.182190
2ac0eac9c4fbb32c5270547757d233b5030f8fed,"Intel(R) Core(TM) i5-8365U CPU @ 1.60GHz; linux/amd64","2.2.10","-d:release --mm:arc",RWM,8,1000000,equality,access,50,13,431.462930
2ac0eac9c4fbb32c5270547757d233b5030f8fed,"Intel(R) Core(TM) i5-8365U CPU @ 1.60GHz; linux/amd64","2.2.10","-d:release --mm:arc",RWM,8,1000000,equality,access,50,14,450.524940
2ac0eac9c4fbb32c5270547757d233b5030f8fed,"Intel(R) Core(TM) i5-8365U CPU @ 1.60GHz; linux/amd64","2.2.10","-d:release --mm:arc",RWM,8,1000000,equality,access,50,15,424.065540
2ac0eac9c4fbb32c5270547757d233b5030f8fed,"Intel(R) Core(TM) i5-8365U CPU @ 1.60GHz; linux/amd64","2.2.10","-d:release --mm:arc",RWM,8,1000000,equality,access,50,16,438.331300
2ac0eac9c4fbb32c5270547757d233b5030f8fed,"Intel(R) Core(TM) i5-8365U CPU @ 1.60GHz; linux/amd64","2.2.10","-d:release --mm:arc",RWM,8,1000000,equality,access,50,17,474.151200
2ac0eac9c4fbb32c5270547757d233b5030f8fed,"Intel(R) Core(TM) i5-8365U CPU @ 1.60GHz; linux/amd64","2.2.10","-d:release --mm:arc",RWM,8,1000000,equality,access,50,18,448.525840
2ac0eac9c4fbb32c5270547757d233b5030f8fed,"Intel(R) Core(TM) i5-8365U CPU @ 1.60GHz; linux/amd64","2.2.10","-d:release --mm:arc",RWM,8,1000000,equality,access,50,19,471.254050
2ac0eac9c4fbb32c5270547757d233b5030f8fed,"Intel(R) Core(TM) i5-8365U CPU @ 1.60GHz; linux/amd64","2.2.10","-d:release --mm:arc",RWM,8,1000000,equality,access,50,20,457.746330
2ac0eac9c4fbb32c5270547757d233b5030f8fed,"Intel(R) Core(TM) i5-8365U CPU @ 1.60GHz; linux/amd64","2.2.10","-d:release --mm:arc",RWM,8,1000000,equality,access,50,21,482.968670
2ac0eac9c4fbb32c5270547757d233b5030f8fed,"Intel(R) Core(TM) i5-8365U CPU @ 1.60GHz; linux/amd64","2.2.10","-d:release --mm:arc",RWM,8,1000000,equality,matches_checked,50,1,312.202590
2ac0eac9c4fbb32c5270547757d233b5030f8fed,"Intel(R) Core(TM) i5-8365U CPU @ 1.60GHz; linux/amd64","2.2.10","-d:release --mm:arc",RWM,8,1000000,equality,matches_checked,50,2,227.952120
2ac0eac9c4fbb32c5270547757d233b5030f8fed,"Intel(R) Core(TM) i5-8365U CPU @ 1.60GHz; linux/amd64","2.2.10","-d:release --mm:arc",RWM,8,1000000,equality,matches_checked,50,3,220.154700
2ac0eac9c4fbb32c5270547757d233b5030f8fed,"Intel(R) Core(TM) i5-8365U CPU @ 1.60GHz; linux/amd64","2.2.10","-d:release --mm:arc",RWM,8,1000000,equality,matches_checked,50,4,243.586950
2ac0eac9c4fbb32c5270547757d233b5030f8fed,"Intel(R) Core(TM) i5-8365U CPU @ 1.60GHz; linux/amd64","2.2.10","-d:release --mm:arc",RWM,8,1000000,equality,matches_checked,50,5,237.242610
2ac0eac9c4fbb32c5270547757d233b5030f8fed,"Intel(R) Core(TM) i5-8365U CPU @ 1.60GHz; linux/amd64","2.2.10","-d:release --mm:arc",RWM,8,1000000,equality,matches_checked,50,6,225.460980
2ac0eac9c4fbb32c5270547757d233b5030f8fed,"Intel(R) Core(TM) i5-8365U CPU @ 1.60GHz; linux/amd64","2.2.10","-d:release --mm:arc",RWM,8,1000000,equality,matches_checked,50,7,235.640520
2ac0eac9c4fbb32c5270547757d233b5030f8fed,"Intel(R) Core(TM) i5-8365U CPU @ 1.60GHz; linux/amd64","2.2.10","-d:release --mm:arc",RWM,8,1000000,equality,matches_checked,50,8,254.112510
2ac0eac9c4fbb32c5270547757d233b5030f8fed,"Intel(R) Core(TM) i5-8365U CPU @ 1.60GHz; linux/amd64","2.2.10","-d:release --mm:arc",RWM,8,1000000,equality,matches_checked,50,9,529.974170
2ac0eac9c4fbb32c5270547757d233b5030f8fed,"Intel(R) Core(TM) i5-8365U CPU @ 1.60GHz; linux/amd64","2.2.10","-d:release --mm:arc",RWM,8,1000000,equality,matches_checked,50,10,451.546000
2ac0eac9c4fbb32c5270547757d233b5030f8fed,"Intel(R) Core(TM) i5-8365U CPU @ 1.60GHz; linux/amd64","2.2.10","-d:release --mm:arc",RWM,8,1000000,equality,matches_checked,50,11,395.160000
2ac0eac9c4fbb32c5270547757d233b5030f8fed,"Intel(R) Core(TM) i5-8365U CPU @ 1.60GHz; linux/amd64","2.2.10","-d:release --mm:arc",RWM,8,1000000,equality,matches_checked,50,12,391.089790
2ac0eac9c4fbb32c5270547757d233b5030f8fed,"Intel(R) Core(TM) i5-8365U CPU @ 1.60GHz; linux/amd64","2.2.10","-d:release --mm:arc",RWM,8,1000000,equality,matches_checked,50,13,352.811750
2ac0eac9c4fbb32c5270547757d233b5030f8fed,"Intel(R) Core(TM) i5-8365U CPU @ 1.60GHz; linux/amd64","2.2.10","-d:release --mm:arc",RWM,8,1000000,equality,matches_checked,50,14,391.387800
2ac0eac9c4fbb32c5270547757d233b5030f8fed,"Intel(R) Core(TM) i5-8365U CPU @ 1.60GHz; linux/amd64","2.2.10","-d:release --mm:arc",RWM,8,1000000,equality,matches_checked,50,15,292.161530
2ac0eac9c4fbb32c5270547757d233b5030f8fed,"Intel(R) Core(TM) i5-8365U CPU @ 1.60GHz; linux/amd64","2.2.10","-d:release --mm:arc",RWM,8,1000000,equality,matches_checked,50,16,263.263990
2ac0eac9c4fbb32c5270547757d233b5030f8fed,"Intel(R) Core(TM) i5-8365U CPU @ 1.60GHz; linux/amd64","2.2.10","-d:release --mm:arc",RWM,8,1000000,equality,matches_checked,50,17,322.957170
2ac0eac9c4fbb32c5270547757d233b5030f8fed,"Intel(R) Core(TM) i5-8365U CPU @ 1.60GHz; linux/amd64","2.2.10","-d:release --mm:arc",RWM,8,1000000,equality,matches_checked,50,18,349.271560
2ac0eac9c4fbb32c5270547757d233b5030f8fed,"Intel(R) Core(TM) i5-8365U CPU @ 1.60GHz; linux/amd64","2.2.10","-d:release --mm:arc",RWM,8,1000000,equality,matches_checked,50,19,253.135460
2ac0eac9c4fbb32c5270547757d233b5030f8fed,"Intel(R) Core(TM) i5-8365U CPU @ 1.60GHz; linux/amd64","2.2.10","-d:release --mm:arc",RWM,8,1000000,equality,matches_checked,50,20,285.183150
2ac0eac9c4fbb32c5270547757d233b5030f8fed,"Intel(R) Core(TM) i5-8365U CPU @ 1.60GHz; linux/amd64","2.2.10","-d:release --mm:arc",RWM,8,1000000,equality,matches_checked,50,21,261.239890
2ac0eac9c4fbb32c5270547757d233b5030f8fed,"Intel(R) Core(TM) i5-8365U CPU @ 1.60GHz; linux/amd64","2.2.10","-d:release --mm:arc",RWM,8,1000000,equality,matches_unchecked,50,1,245.652060
2ac0eac9c4fbb32c5270547757d233b5030f8fed,"Intel(R) Core(TM) i5-8365U CPU @ 1.60GHz; linux/amd64","2.2.10","-d:release --mm:arc",RWM,8,1000000,equality,matches_unchecked,50,2,247.505150
2ac0eac9c4fbb32c5270547757d233b5030f8fed,"Intel(R) Core(TM) i5-8365U CPU @ 1.60GHz; linux/amd64","2.2.10","-d:release --mm:arc",RWM,8,1000000,equality,matches_unchecked,50,3,251.137350
2ac0eac9c4fbb32c5270547757d233b5030f8fed,"Intel(R) Core(TM) i5-8365U CPU @ 1.60GHz; linux/amd64","2.2.10","-d:release --mm:arc",RWM,8,1000000,equality,matches_unchecked,50,4,239.980750
2ac0eac9c4fbb32c5270547757d233b5030f8fed,"Intel(R) Core(TM) i5-8365U CPU @ 1.60GHz; linux/amd64","2.2.10","-d:release --mm:arc",RWM,8,1000000,equality,matches_unchecked,50,5,256.452640
2ac0eac9c4fbb32c5270547757d233b5030f8fed,"Intel(R) Core(TM) i5-8365U CPU @ 1.60GHz; linux/amd64","2.2.10","-d:release --mm:arc",RWM,8,1000000,equality,matches_unchecked,50,6,239.927750
2ac0eac9c4fbb32c5270547757d233b5030f8fed,"Intel(R) Core(TM) i5-8365U CPU @ 1.60GHz; linux/amd64","2.2.10","-d:release --mm:arc",RWM,8,1000000,equality,matches_unchecked,50,7,231.908140
2ac0eac9c4fbb32c5270547757d233b5030f8fed,"Intel(R) Core(TM) i5-8365U CPU @ 1.60GHz; linux/amd64","2.2.10","-d:release --mm:arc",RWM,8,1000000,equality,matches_unchecked,50,8,247.495880
2ac0eac9c4fbb32c5270547757d233b5030f8fed,"Intel(R) Core(TM) i5-8365U CPU @ 1.60GHz; linux/amd64","2.2.10","-d:release --mm:arc",RWM,8,1000000,equality,matches_unchecked,50,9,224.439670
2ac0eac9c4fbb32c5270547757d233b5030f8fed,"Intel(R) Core(TM) i5-8365U CPU @ 1.60GHz; linux/amd64","2.2.10","-d:release --mm:arc",RWM,8,1000000,equality,matches_unchecked,50,10,235.241240
2ac0eac9c4fbb32c5270547757d233b5030f8fed,"Intel(R) Core(TM) i5-8365U CPU @ 1.60GHz; linux/amd64","2.2.10","-d:release --mm:arc",RWM,8,1000000,equality,matches_unchecked,50,11,253.400180
2ac0eac9c4fbb32c5270547757d233b5030f8fed,"Intel(R) Core(TM) i5-8365U CPU @ 1.60GHz; linux/amd64","2.2.10","-d:release --mm:arc",RWM,8,1000000,equality,matches_unchecked,50,12,242.767630
2ac0eac9c4fbb32c5270547757d233b5030f8fed,"Intel(R) Core(TM) i5-8365U CPU @ 1.60GHz; linux/amd64","2.2.10","-d:release --mm:arc",RWM,8,1000000,equality,matches_unchecked,50,13,229.412930
2ac0eac9c4fbb32c5270547757d233b5030f8fed,"Intel(R) Core(TM) i5-8365U CPU @ 1.60GHz; linux/amd64","2.2.10","-d:release --mm:arc",RWM,8,1000000,equality,matches_unchecked,50,14,225.842750
2ac0eac9c4fbb32c5270547757d233b5030f8fed,"Intel(R) Core(TM) i5-8365U CPU @ 1.60GHz; linux/amd64","2.2.10","-d:release --mm:arc",RWM,8,1000000,equality,matches_unchecked,50,15,258.805460
2ac0eac9c4fbb32c5270547757d233b5030f8fed,"Intel(R) Core(TM) i5-8365U CPU @ 1.60GHz; linux/amd64","2.2.10","-d:release --mm:arc",RWM,8,1000000,equality,matches_unchecked,50,16,226.951800
2ac0eac9c4fbb32c5270547757d233b5030f8fed,"Intel(R) Core(TM) i5-8365U CPU @ 1.60GHz; linux/amd64","2.2.10","-d:release --mm:arc",RWM,8,1000000,equality,matches_unchecked,50,17,245.182760
2ac0eac9c4fbb32c5270547757d233b5030f8fed,"Intel(R) Core(TM) i5-8365U CPU @ 1.60GHz; linux/amd64","2.2.10","-d:release --mm:arc",RWM,8,1000000,equality,matches_unchecked,50,18,230.011960
2ac0eac9c4fbb32c5270547757d233b5030f8fed,"Intel(R) Core(TM) i5-8365U CPU @ 1.60GHz; linux/amd64","2.2.10","-d:release --mm:arc",RWM,8,1000000,equality,matches_unchecked,50,19,245.871790
2ac0eac9c4fbb32c5270547757d233b5030f8fed,"Intel(R) Core(TM) i5-8365U CPU @ 1.60GHz; linux/amd64","2.2.10","-d:release --mm:arc",RWM,8,1000000,equality,matches_unchecked,50,20,248.362920
2ac0eac9c4fbb32c5270547757d233b5030f8fed,"Intel(R) Core(TM) i5-8365U CPU @ 1.60GHz; linux/amd64","2.2.10","-d:release --mm:arc",RWM,8,1000000,equality,matches_unchecked,50,21,250.477030
2ac0eac9c4fbb32c5270547757d233b5030f8fed,"Intel(R) Core(TM) i5-8365U CPU @ 1.60GHz; linux/amd64","2.2.10","-d:release --mm:arc",WM,8,1000000,equality,access,100,1,451.671490
2ac0eac9c4fbb32c5270547757d233b5030f8fed,"Intel(R) Core(TM) i5-8365U CPU @ 1.60GHz; linux/amd64","2.2.10","-d:release --mm:arc",WM,8,1000000,equality,access,100,2,402.898950
2ac0eac9c4fbb32c5270547757d233b5030f8fed,"Intel(R) Core(TM) i5-8365U CPU @ 1.60GHz; linux/amd64","2.2.10","-d:release --mm:arc",WM,8,1000000,equality,access,100,3,430.967420
2ac0eac9c4fbb32c5270547757d233b5030f8fed,"Intel(R) Core(TM) i5-8365U CPU @ 1.60GHz; linux/amd64","2.2.10","-d:release --mm:arc",WM,8,1000000,equality,access,100,4,445.382170
2ac0eac9c4fbb32c5270547757d233b5030f8fed,"Intel(R) Core(TM) i5-8365U CPU @ 1.60GHz; linux/amd64","2.2.10","-d:release --mm:arc",WM,8,1000000,equality,access,100,5,602.684340
2ac0eac9c4fbb32c5270547757d233b5030f8fed,"Intel(R) Core(TM) i5-8365U CPU @ 1.60GHz; linux/amd64","2.2.10","-d:release --mm:arc",WM,8,1000000,equality,access,100,6,606.024520
2ac0eac9c4fbb32c5270547757d233b5030f8fed,"Intel(R) Core(TM) i5-8365U CPU @ 1.60GHz; linux/amd64","2.2.10","-d:release --mm:arc",WM,8,1000000,equality,access,100,7,474.528680
2ac0eac9c4fbb32c5270547757d233b5030f8fed,"Intel(R) Core(TM) i5-8365U CPU @ 1.60GHz; linux/amd64","2.2.10","-d:release --mm:arc",WM,8,1000000,equality,access,100,8,444.438120
2ac0eac9c4fbb32c5270547757d233b5030f8fed,"Intel(R) Core(TM) i5-8365U CPU @ 1.60GHz; linux/amd64","2.2.10","-d:release --mm:arc",WM,8,1000000,equality,access,100,9,431.987470
2ac0eac9c4fbb32c5270547757d233b5030f8fed,"Intel(R) Core(TM) i5-8365U CPU @ 1.60GHz; linux/amd64","2.2.10","-d:release --mm:arc",WM,8,1000000,equality,access,100,10,466.913280
2ac0eac9c4fbb32c5270547757d233b5030f8fed,"Intel(R) Core(TM) i5-8365U CPU @ 1.60GHz; linux/amd64","2.2.10","-d:release --mm:arc",WM,8,1000000,equality,access,100,11,431.264430
2ac0eac9c4fbb32c5270547757d233b5030f8fed,"Intel(R) Core(TM) i5-8365U CPU @ 1.60GHz; linux/amd64","2.2.10","-d:release --mm:arc",WM,8,1000000,equality,access,100,12,481.801060
2ac0eac9c4fbb32c5270547757d233b5030f8fed,"Intel(R) Core(TM) i5-8365U CPU @ 1.60GHz; linux/amd64","2.2.10","-d:release --mm:arc",WM,8,1000000,equality,access,100,13,429.104320
2ac0eac9c4fbb32c5270547757d233b5030f8fed,"Intel(R) Core(TM) i5-8365U CPU @ 1.60GHz; linux/amd64","2.2.10","-d:release --mm:arc",WM,8,1000000,equality,access,100,14,445.769190
2ac0eac9c4fbb32c5270547757d233b5030f8fed,"Intel(R) Core(TM) i5-8365U CPU @ 1.60GHz; linux/amd64","2.2.10","-d:release --mm:arc",WM,8,1000000,equality,access,100,15,448.545330
2ac0eac9c4fbb32c5270547757d233b5030f8fed,"Intel(R) Core(TM) i5-8365U CPU @ 1.60GHz; linux/amd64","2.2.10","-d:release --mm:arc",WM,8,1000000,equality,access,100,16,475.747750
2ac0eac9c4fbb32c5270547757d233b5030f8fed,"Intel(R) Core(TM) i5-8365U CPU @ 1.60GHz; linux/amd64","2.2.10","-d:release --mm:arc",WM,8,1000000,equality,access,100,17,664.619560
2ac0eac9c4fbb32c5270547757d233b5030f8fed,"Intel(R) Core(TM) i5-8365U CPU @ 1.60GHz; linux/amd64","2.2.10","-d:release --mm:arc",WM,8,1000000,equality,access,100,18,562.429250
2ac0eac9c4fbb32c5270547757d233b5030f8fed,"Intel(R) Core(TM) i5-8365U CPU @ 1.60GHz; linux/amd64","2.2.10","-d:release --mm:arc",WM,8,1000000,equality,access,100,19,448.010300
2ac0eac9c4fbb32c5270547757d233b5030f8fed,"Intel(R) Core(TM) i5-8365U CPU @ 1.60GHz; linux/amd64","2.2.10","-d:release --mm:arc",WM,8,1000000,equality,access,100,20,447.234260
2ac0eac9c4fbb32c5270547757d233b5030f8fed,"Intel(R) Core(TM) i5-8365U CPU @ 1.60GHz; linux/amd64","2.2.10","-d:release --mm:arc",WM,8,1000000,equality,access,100,21,441.203950
2ac0eac9c4fbb32c5270547757d233b5030f8fed,"Intel(R) Core(TM) i5-8365U CPU @ 1.60GHz; linux/amd64","2.2.10","-d:release --mm:arc",WM,8,1000000,equality,matches_checked,100,1,399.019760
2ac0eac9c4fbb32c5270547757d233b5030f8fed,"Intel(R) Core(TM) i5-8365U CPU @ 1.60GHz; linux/amd64","2.2.10","-d:release --mm:arc",WM,8,1000000,equality,matches_checked,100,2,385.530050
2ac0eac9c4fbb32c5270547757d233b5030f8fed,"Intel(R) Core(TM) i5-8365U CPU @ 1.60GHz; linux/amd64","2.2.10","-d:release --mm:arc",WM,8,1000000,equality,matches_checked,100,3,403.364980
2ac0eac9c4fbb32c5270547757d233b5030f8fed,"Intel(R) Core(TM) i5-8365U CPU @ 1.60GHz; linux/amd64","2.2.10","-d:release --mm:arc",WM,8,1000000,equality,matches_checked,100,4,387.094130
2ac0eac9c4fbb32c5270547757d233b5030f8fed,"Intel(R) Core(TM) i5-8365U CPU @ 1.60GHz; linux/amd64","2.2.10","-d:release --mm:arc",WM,8,1000000,equality,matches_checked,100,5,468.319350
2ac0eac9c4fbb32c5270547757d233b5030f8fed,"Intel(R) Core(TM) i5-8365U CPU @ 1.60GHz; linux/amd64","2.2.10","-d:release --mm:arc",WM,8,1000000,equality,matches_checked,100,6,391.567370
2ac0eac9c4fbb32c5270547757d233b5030f8fed,"Intel(R) Core(TM) i5-8365U CPU @ 1.60GHz; linux/amd64","2.2.10","-d:release --mm:arc",WM,8,1000000,equality,matches_checked,100,7,390.112290
2ac0eac9c4fbb32c5270547757d233b5030f8fed,"Intel(R) Core(TM) i5-8365U CPU @ 1.60GHz; linux/amd64","2.2.10","-d:release --mm:arc",WM,8,1000000,equality,matches_checked,100,8,458.018830
2ac0eac9c4fbb32c5270547757d233b5030f8fed,"Intel(R) Core(TM) i5-8365U CPU @ 1.60GHz; linux/amd64","2.2.10","-d:release --mm:arc",WM,8,1000000,equality,matches_checked,100,9,397.853690
2ac0eac9c4fbb32c5270547757d233b5030f8fed,"Intel(R) Core(TM) i5-8365U CPU @ 1.60GHz; linux/amd64","2.2.10","-d:release --mm:arc",WM,8,1000000,equality,matches_checked,100,10,462.673070
2ac0eac9c4fbb32c5270547757d233b5030f8fed,"Intel(R) Core(TM) i5-8365U CPU @ 1.60GHz; linux/amd64","2.2.10","-d:release --mm:arc",WM,8,1000000,equality,matches_checked,100,11,379.611740
2ac0eac9c4fbb32c5270547757d233b5030f8fed,"Intel(R) Core(TM) i5-8365U CPU @ 1.60GHz; linux/amd64","2.2.10","-d:release --mm:arc",WM,8,1000000,equality,matches_checked,100,12,384.457000
2ac0eac9c4fbb32c5270547757d233b5030f8fed,"Intel(R) Core(TM) i5-8365U CPU @ 1.60GHz; linux/amd64","2.2.10","-d:release --mm:arc",WM,8,1000000,equality,matches_checked,100,13,385.000020
2ac0eac9c4fbb32c5270547757d233b5030f8fed,"Intel(R) Core(TM) i5-8365U CPU @ 1.60GHz; linux/amd64","2.2.10","-d:release --mm:arc",WM,8,1000000,equality,matches_checked,100,14,399.786800
2ac0eac9c4fbb32c5270547757d233b5030f8fed,"Intel(R) Core(TM) i5-8365U CPU @ 1.60GHz; linux/amd64","2.2.10","-d:release --mm:arc",WM,8,1000000,equality,matches_checked,100,15,388.024180
2ac0eac9c4fbb32c5270547757d233b5030f8fed,"Intel(R) Core(TM) i5-8365U CPU @ 1.60GHz; linux/amd64","2.2.10","-d:release --mm:arc",WM,8,1000000,equality,matches_checked,100,16,375.005510
2ac0eac9c4fbb32c5270547757d233b5030f8fed,"Intel(R) Core(TM) i5-8365U CPU @ 1.60GHz; linux/amd64","2.2.10","-d:release --mm:arc",WM,8,1000000,equality,matches_checked,100,17,431.149420
2ac0eac9c4fbb32c5270547757d233b5030f8fed,"Intel(R) Core(TM) i5-8365U CPU @ 1.60GHz; linux/amd64","2.2.10","-d:release --mm:arc",WM,8,1000000,equality,matches_checked,100,18,514.414760
2ac0eac9c4fbb32c5270547757d233b5030f8fed,"Intel(R) Core(TM) i5-8365U CPU @ 1.60GHz; linux/amd64","2.2.10","-d:release --mm:arc",WM,8,1000000,equality,matches_checked,100,19,399.581780
2ac0eac9c4fbb32c5270547757d233b5030f8fed,"Intel(R) Core(TM) i5-8365U CPU @ 1.60GHz; linux/amd64","2.2.10","-d:release --mm:arc",WM,8,1000000,equality,matches_checked,100,20,441.018940
2ac0eac9c4fbb32c5270547757d233b5030f8fed,"Intel(R) Core(TM) i5-8365U CPU @ 1.60GHz; linux/amd64","2.2.10","-d:release --mm:arc",WM,8,1000000,equality,matches_checked,100,21,417.120700
2ac0eac9c4fbb32c5270547757d233b5030f8fed,"Intel(R) Core(TM) i5-8365U CPU @ 1.60GHz; linux/amd64","2.2.10","-d:release --mm:arc",WM,8,1000000,equality,matches_unchecked,100,1,474.907710
2ac0eac9c4fbb32c5270547757d233b5030f8fed,"Intel(R) Core(TM) i5-8365U CPU @ 1.60GHz; linux/amd64","2.2.10","-d:release --mm:arc",WM,8,1000000,equality,matches_unchecked,100,2,371.342310
2ac0eac9c4fbb32c5270547757d233b5030f8fed,"Intel(R) Core(TM) i5-8365U CPU @ 1.60GHz; linux/amd64","2.2.10","-d:release --mm:arc",WM,8,1000000,equality,matches_unchecked,100,3,431.905470
2ac0eac9c4fbb32c5270547757d233b5030f8fed,"Intel(R) Core(TM) i5-8365U CPU @ 1.60GHz; linux/amd64","2.2.10","-d:release --mm:arc",WM,8,1000000,equality,matches_unchecked,100,4,371.180300
2ac0eac9c4fbb32c5270547757d233b5030f8fed,"Intel(R) Core(TM) i5-8365U CPU @ 1.60GHz; linux/amd64","2.2.10","-d:release --mm:arc",WM,8,1000000,equality,matches_unchecked,100,5,488.860430
2ac0eac9c4fbb32c5270547757d233b5030f8fed,"Intel(R) Core(TM) i5-8365U CPU @ 1.60GHz; linux/amd64","2.2.10","-d:release --mm:arc",WM,8,1000000,equality,matches_unchecked,100,6,373.271420
2ac0eac9c4fbb32c5270547757d233b5030f8fed,"Intel(R) Core(TM) i5-8365U CPU @ 1.60GHz; linux/amd64","2.2.10","-d:release --mm:arc",WM,8,1000000,equality,matches_unchecked,100,7,500.296020
2ac0eac9c4fbb32c5270547757d233b5030f8fed,"Intel(R) Core(TM) i5-8365U CPU @ 1.60GHz; linux/amd64","2.2.10","-d:release --mm:arc",WM,8,1000000,equality,matches_unchecked,100,8,408.200230
2ac0eac9c4fbb32c5270547757d233b5030f8fed,"Intel(R) Core(TM) i5-8365U CPU @ 1.60GHz; linux/amd64","2.2.10","-d:release --mm:arc",WM,8,1000000,equality,matches_unchecked,100,9,439.462860
2ac0eac9c4fbb32c5270547757d233b5030f8fed,"Intel(R) Core(TM) i5-8365U CPU @ 1.60GHz; linux/amd64","2.2.10","-d:release --mm:arc",WM,8,1000000,equality,matches_unchecked,100,10,461.158980
2ac0eac9c4fbb32c5270547757d233b5030f8fed,"Intel(R) Core(TM) i5-8365U CPU @ 1.60GHz; linux/amd64","2.2.10","-d:release --mm:arc",WM,8,1000000,equality,matches_unchecked,100,11,394.361520
2ac0eac9c4fbb32c5270547757d233b5030f8fed,"Intel(R) Core(TM) i5-8365U CPU @ 1.60GHz; linux/amd64","2.2.10","-d:release --mm:arc",WM,8,1000000,equality,matches_unchecked,100,12,396.000590
2ac0eac9c4fbb32c5270547757d233b5030f8fed,"Intel(R) Core(TM) i5-8365U CPU @ 1.60GHz; linux/amd64","2.2.10","-d:release --mm:arc",WM,8,1000000,equality,matches_unchecked,100,13,379.897760
2ac0eac9c4fbb32c5270547757d233b5030f8fed,"Intel(R) Core(TM) i5-8365U CPU @ 1.60GHz; linux/amd64","2.2.10","-d:release --mm:arc",WM,8,1000000,equality,matches_unchecked,100,14,381.843870
2ac0eac9c4fbb32c5270547757d233b5030f8fed,"Intel(R) Core(TM) i5-8365U CPU @ 1.60GHz; linux/amd64","2.2.10","-d:release --mm:arc",WM,8,1000000,equality,matches_unchecked,100,15,422.075950
2ac0eac9c4fbb32c5270547757d233b5030f8fed,"Intel(R) Core(TM) i5-8365U CPU @ 1.60GHz; linux/amd64","2.2.10","-d:release --mm:arc",WM,8,1000000,equality,matches_unchecked,100,16,393.041440
2ac0eac9c4fbb32c5270547757d233b5030f8fed,"Intel(R) Core(TM) i5-8365U CPU @ 1.60GHz; linux/amd64","2.2.10","-d:release --mm:arc",WM,8,1000000,equality,matches_unchecked,100,17,393.367460
2ac0eac9c4fbb32c5270547757d233b5030f8fed,"Intel(R) Core(TM) i5-8365U CPU @ 1.60GHz; linux/amd64","2.2.10","-d:release --mm:arc",WM,8,1000000,equality,matches_unchecked,100,18,372.033350
2ac0eac9c4fbb32c5270547757d233b5030f8fed,"Intel(R) Core(TM) i5-8365U CPU @ 1.60GHz; linux/amd64","2.2.10","-d:release --mm:arc",WM,8,1000000,equality,matches_unchecked,100,19,371.710330
2ac0eac9c4fbb32c5270547757d233b5030f8fed,"Intel(R) Core(TM) i5-8365U CPU @ 1.60GHz; linux/amd64","2.2.10","-d:release --mm:arc",WM,8,1000000,equality,matches_unchecked,100,20,419.377810
2ac0eac9c4fbb32c5270547757d233b5030f8fed,"Intel(R) Core(TM) i5-8365U CPU @ 1.60GHz; linux/amd64","2.2.10","-d:release --mm:arc",WM,8,1000000,equality,matches_unchecked,100,21,379.243730
2ac0eac9c4fbb32c5270547757d233b5030f8fed,"Intel(R) Core(TM) i5-8365U CPU @ 1.60GHz; linux/amd64","2.2.10","-d:release --mm:arc",RWM,8,1000000,equality,access,100,1,489.960480
2ac0eac9c4fbb32c5270547757d233b5030f8fed,"Intel(R) Core(TM) i5-8365U CPU @ 1.60GHz; linux/amd64","2.2.10","-d:release --mm:arc",RWM,8,1000000,equality,access,100,2,416.967690
2ac0eac9c4fbb32c5270547757d233b5030f8fed,"Intel(R) Core(TM) i5-8365U CPU @ 1.60GHz; linux/amd64","2.2.10","-d:release --mm:arc",RWM,8,1000000,equality,access,100,3,433.532550
2ac0eac9c4fbb32c5270547757d233b5030f8fed,"Intel(R) Core(TM) i5-8365U CPU @ 1.60GHz; linux/amd64","2.2.10","-d:release --mm:arc",RWM,8,1000000,equality,access,100,4,448.728340
2ac0eac9c4fbb32c5270547757d233b5030f8fed,"Intel(R) Core(TM) i5-8365U CPU @ 1.60GHz; linux/amd64","2.2.10","-d:release --mm:arc",RWM,8,1000000,equality,access,100,5,406.281130
2ac0eac9c4fbb32c5270547757d233b5030f8fed,"Intel(R) Core(TM) i5-8365U CPU @ 1.60GHz; linux/amd64","2.2.10","-d:release --mm:arc",RWM,8,1000000,equality,access,100,6,439.214850
2ac0eac9c4fbb32c5270547757d233b5030f8fed,"Intel(R) Core(TM) i5-8365U CPU @ 1.60GHz; linux/amd64","2.2.10","-d:release --mm:arc",RWM,8,1000000,equality,access,100,7,426.134160
2ac0eac9c4fbb32c5270547757d233b5030f8fed,"Intel(R) Core(TM) i5-8365U CPU @ 1.60GHz; linux/amd64","2.2.10","-d:release --mm:arc",RWM,8,1000000,equality,access,100,8,474.986710
2ac0eac9c4fbb32c5270547757d233b5030f8fed,"Intel(R) Core(TM) i5-8365U CPU @ 1.60GHz; linux/amd64","2.2.10","-d:release --mm:arc",RWM,8,1000000,equality,access,100,9,432.363490
2ac0eac9c4fbb32c5270547757d233b5030f8fed,"Intel(R) Core(TM) i5-8365U CPU @ 1.60GHz; linux/amd64","2.2.10","-d:release --mm:arc",RWM,8,1000000,equality,access,100,10,410.214330
2ac0eac9c4fbb32c5270547757d233b5030f8fed,"Intel(R) Core(TM) i5-8365U CPU @ 1.60GHz; linux/amd64","2.2.10","-d:release --mm:arc",RWM,8,1000000,equality,access,100,11,496.263810
2ac0eac9c4fbb32c5270547757d233b5030f8fed,"Intel(R) Core(TM) i5-8365U CPU @ 1.60GHz; linux/amd64","2.2.10","-d:release --mm:arc",RWM,8,1000000,equality,access,100,12,450.620440
2ac0eac9c4fbb32c5270547757d233b5030f8fed,"Intel(R) Core(TM) i5-8365U CPU @ 1.60GHz; linux/amd64","2.2.10","-d:release --mm:arc",RWM,8,1000000,equality,access,100,13,436.681710
2ac0eac9c4fbb32c5270547757d233b5030f8fed,"Intel(R) Core(TM) i5-8365U CPU @ 1.60GHz; linux/amd64","2.2.10","-d:release --mm:arc",RWM,8,1000000,equality,access,100,14,436.149690
2ac0eac9c4fbb32c5270547757d233b5030f8fed,"Intel(R) Core(TM) i5-8365U CPU @ 1.60GHz; linux/amd64","2.2.10","-d:release --mm:arc",RWM,8,1000000,equality,access,100,15,446.819240
2ac0eac9c4fbb32c5270547757d233b5030f8fed,"Intel(R) Core(TM) i5-8365U CPU @ 1.60GHz; linux/amd64","2.2.10","-d:release --mm:arc",RWM,8,1000000,equality,access,100,16,425.605130
2ac0eac9c4fbb32c5270547757d233b5030f8fed,"Intel(R) Core(TM) i5-8365U CPU @ 1.60GHz; linux/amd64","2.2.10","-d:release --mm:arc",RWM,8,1000000,equality,access,100,17,444.563130
2ac0eac9c4fbb32c5270547757d233b5030f8fed,"Intel(R) Core(TM) i5-8365U CPU @ 1.60GHz; linux/amd64","2.2.10","-d:release --mm:arc",RWM,8,1000000,equality,access,100,18,410.313340
2ac0eac9c4fbb32c5270547757d233b5030f8fed,"Intel(R) Core(TM) i5-8365U CPU @ 1.60GHz; linux/amd64","2.2.10","-d:release --mm:arc",RWM,8,1000000,equality,access,100,19,401.973910
2ac0eac9c4fbb32c5270547757d233b5030f8fed,"Intel(R) Core(TM) i5-8365U CPU @ 1.60GHz; linux/amd64","2.2.10","-d:release --mm:arc",RWM,8,1000000,equality,access,100,20,420.943890
2ac0eac9c4fbb32c5270547757d233b5030f8fed,"Intel(R) Core(TM) i5-8365U CPU @ 1.60GHz; linux/amd64","2.2.10","-d:release --mm:arc",RWM,8,1000000,equality,access,100,21,486.126290
2ac0eac9c4fbb32c5270547757d233b5030f8fed,"Intel(R) Core(TM) i5-8365U CPU @ 1.60GHz; linux/amd64","2.2.10","-d:release --mm:arc",RWM,8,1000000,equality,matches_checked,100,1,365.921030
2ac0eac9c4fbb32c5270547757d233b5030f8fed,"Intel(R) Core(TM) i5-8365U CPU @ 1.60GHz; linux/amd64","2.2.10","-d:release --mm:arc",RWM,8,1000000,equality,matches_checked,100,2,365.013990
2ac0eac9c4fbb32c5270547757d233b5030f8fed,"Intel(R) Core(TM) i5-8365U CPU @ 1.60GHz; linux/amd64","2.2.10","-d:release --mm:arc",RWM,8,1000000,equality,matches_checked,100,3,488.467400
2ac0eac9c4fbb32c5270547757d233b5030f8fed,"Intel(R) Core(TM) i5-8365U CPU @ 1.60GHz; linux/amd64","2.2.10","-d:release --mm:arc",RWM,8,1000000,equality,matches_checked,100,4,464.139140
2ac0eac9c4fbb32c5270547757d233b5030f8fed,"Intel(R) Core(TM) i5-8365U CPU @ 1.60GHz; linux/amd64","2.2.10","-d:release --mm:arc",RWM,8,1000000,equality,matches_checked,100,5,409.755320
2ac0eac9c4fbb32c5270547757d233b5030f8fed,"Intel(R) Core(TM) i5-8365U CPU @ 1.60GHz; linux/amd64","2.2.10","-d:release --mm:arc",RWM,8,1000000,equality,matches_checked,100,6,382.429890
2ac0eac9c4fbb32c5270547757d233b5030f8fed,"Intel(R) Core(TM) i5-8365U CPU @ 1.60GHz; linux/amd64","2.2.10","-d:release --mm:arc",RWM,8,1000000,equality,matches_checked,100,7,565.764430
2ac0eac9c4fbb32c5270547757d233b5030f8fed,"Intel(R) Core(TM) i5-8365U CPU @ 1.60GHz; linux/amd64","2.2.10","-d:release --mm:arc",RWM,8,1000000,equality,matches_checked,100,8,461.946020
2ac0eac9c4fbb32c5270547757d233b5030f8fed,"Intel(R) Core(TM) i5-8365U CPU @ 1.60GHz; linux/amd64","2.2.10","-d:release --mm:arc",RWM,8,1000000,equality,matches_checked,100,9,473.861650
2ac0eac9c4fbb32c5270547757d233b5030f8fed,"Intel(R) Core(TM) i5-8365U CPU @ 1.60GHz; linux/amd64","2.2.10","-d:release --mm:arc",RWM,8,1000000,equality,matches_checked,100,10,399.065760
2ac0eac9c4fbb32c5270547757d233b5030f8fed,"Intel(R) Core(TM) i5-8365U CPU @ 1.60GHz; linux/amd64","2.2.10","-d:release --mm:arc",RWM,8,1000000,equality,matches_checked,100,11,390.139290
2ac0eac9c4fbb32c5270547757d233b5030f8fed,"Intel(R) Core(TM) i5-8365U CPU @ 1.60GHz; linux/amd64","2.2.10","-d:release --mm:arc",RWM,8,1000000,equality,matches_checked,100,12,569.792640
2ac0eac9c4fbb32c5270547757d233b5030f8fed,"Intel(R) Core(TM) i5-8365U CPU @ 1.60GHz; linux/amd64","2.2.10","-d:release --mm:arc",RWM,8,1000000,equality,matches_checked,100,13,451.960510
2ac0eac9c4fbb32c5270547757d233b5030f8fed,"Intel(R) Core(TM) i5-8365U CPU @ 1.60GHz; linux/amd64","2.2.10","-d:release --mm:arc",RWM,8,1000000,equality,matches_checked,100,14,432.134470
2ac0eac9c4fbb32c5270547757d233b5030f8fed,"Intel(R) Core(TM) i5-8365U CPU @ 1.60GHz; linux/amd64","2.2.10","-d:release --mm:arc",RWM,8,1000000,equality,matches_checked,100,15,383.705960
2ac0eac9c4fbb32c5270547757d233b5030f8fed,"Intel(R) Core(TM) i5-8365U CPU @ 1.60GHz; linux/amd64","2.2.10","-d:release --mm:arc",RWM,8,1000000,equality,matches_checked,100,16,407.293190
2ac0eac9c4fbb32c5270547757d233b5030f8fed,"Intel(R) Core(TM) i5-8365U CPU @ 1.60GHz; linux/amd64","2.2.10","-d:release --mm:arc",RWM,8,1000000,equality,matches_checked,100,17,395.421560
2ac0eac9c4fbb32c5270547757d233b5030f8fed,"Intel(R) Core(TM) i5-8365U CPU @ 1.60GHz; linux/amd64","2.2.10","-d:release --mm:arc",RWM,8,1000000,equality,matches_checked,100,18,397.024660
2ac0eac9c4fbb32c5270547757d233b5030f8fed,"Intel(R) Core(TM) i5-8365U CPU @ 1.60GHz; linux/amd64","2.2.10","-d:release --mm:arc",RWM,8,1000000,equality,matches_checked,100,19,409.014270
2ac0eac9c4fbb32c5270547757d233b5030f8fed,"Intel(R) Core(TM) i5-8365U CPU @ 1.60GHz; linux/amd64","2.2.10","-d:release --mm:arc",RWM,8,1000000,equality,matches_checked,100,20,385.033030
2ac0eac9c4fbb32c5270547757d233b5030f8fed,"Intel(R) Core(TM) i5-8365U CPU @ 1.60GHz; linux/amd64","2.2.10","-d:release --mm:arc",RWM,8,1000000,equality,matches_checked,100,21,404.504040
2ac0eac9c4fbb32c5270547757d233b5030f8fed,"Intel(R) Core(TM) i5-8365U CPU @ 1.60GHz; linux/amd64","2.2.10","-d:release --mm:arc",RWM,8,1000000,equality,matches_unchecked,100,1,402.633940
2ac0eac9c4fbb32c5270547757d233b5030f8fed,"Intel(R) Core(TM) i5-8365U CPU @ 1.60GHz; linux/amd64","2.2.10","-d:release --mm:arc",RWM,8,1000000,equality,matches_unchecked,100,2,380.712800
2ac0eac9c4fbb32c5270547757d233b5030f8fed,"Intel(R) Core(TM) i5-8365U CPU @ 1.60GHz; linux/amd64","2.2.10","-d:release --mm:arc",RWM,8,1000000,equality,matches_unchecked,100,3,368.898190
2ac0eac9c4fbb32c5270547757d233b5030f8fed,"Intel(R) Core(TM) i5-8365U CPU @ 1.60GHz; linux/amd64","2.2.10","-d:release --mm:arc",RWM,8,1000000,equality,matches_unchecked,100,4,419.022800
2ac0eac9c4fbb32c5270547757d233b5030f8fed,"Intel(R) Core(TM) i5-8365U CPU @ 1.60GHz; linux/amd64","2.2.10","-d:release --mm:arc",RWM,8,1000000,equality,matches_unchecked,100,5,376.126560
2ac0eac9c4fbb32c5270547757d233b5030f8fed,"Intel(R) Core(TM) i5-8365U CPU @ 1.60GHz; linux/amd64","2.2.10","-d:release --mm:arc",RWM,8,1000000,equality,matches_unchecked,100,6,375.120510
2ac0eac9c4fbb32c5270547757d233b5030f8fed,"Intel(R) Core(TM) i5-8365U CPU @ 1.60GHz; linux/amd64","2.2.10","-d:release --mm:arc",RWM,8,1000000,equality,matches_unchecked,100,7,392.418410
2ac0eac9c4fbb32c5270547757d233b5030f8fed,"Intel(R) Core(TM) i5-8365U CPU @ 1.60GHz; linux/amd64","2.2.10","-d:release --mm:arc",RWM,8,1000000,equality,matches_unchecked,100,8,437.902780
2ac0eac9c4fbb32c5270547757d233b5030f8fed,"Intel(R) Core(TM) i5-8365U CPU @ 1.60GHz; linux/amd64","2.2.10","-d:release --mm:arc",RWM,8,1000000,equality,matches_unchecked,100,9,490.185500
2ac0eac9c4fbb32c5270547757d233b5030f8fed,"Intel(R) Core(TM) i5-8365U CPU @ 1.60GHz; linux/amd64","2.2.10","-d:release --mm:arc",RWM,8,1000000,equality,matches_unchecked,100,10,392.166390
2ac0eac9c4fbb32c5270547757d233b5030f8fed,"Intel(R) Core(TM) i5-8365U CPU @ 1.60GHz; linux/amd64","2.2.10","-d:release --mm:arc",RWM,8,1000000,equality,matches_unchecked,100,11,429.477340
2ac0eac9c4fbb32c5270547757d233b5030f8fed,"Intel(R) Core(TM) i5-8365U CPU @ 1.60GHz; linux/amd64","2.2.10","-d:release --mm:arc",RWM,8,1000000,equality,matches_unchecked,100,12,395.104550
2ac0eac9c4fbb32c5270547757d233b5030f8fed,"Intel(R) Core(TM) i5-8365U CPU @ 1.60GHz; linux/amd64","2.2.10","-d:release --mm:arc",RWM,8,1000000,equality,matches_unchecked,100,13,385.662060
2ac0eac9c4fbb32c5270547757d233b5030f8fed,"Intel(R) Core(TM) i5-8365U CPU @ 1.60GHz; linux/amd64","2.2.10","-d:release --mm:arc",RWM,8,1000000,equality,matches_unchecked,100,14,406.542150
2ac0eac9c4fbb32c5270547757d233b5030f8fed,"Intel(R) Core(TM) i5-8365U CPU @ 1.60GHz; linux/amd64","2.2.10","-d:release --mm:arc",RWM,8,1000000,equality,matches_unchecked,100,15,392.830430
2ac0eac9c4fbb32c5270547757d233b5030f8fed,"Intel(R) Core(TM) i5-8365U CPU @ 1.60GHz; linux/amd64","2.2.10","-d:release --mm:arc",RWM,8,1000000,equality,matches_unchecked,100,16,405.723110
2ac0eac9c4fbb32c5270547757d233b5030f8fed,"Intel(R) Core(TM) i5-8365U CPU @ 1.60GHz; linux/amd64","2.2.10","-d:release --mm:arc",RWM,8,1000000,equality,matches_unchecked,100,17,486.830320
2ac0eac9c4fbb32c5270547757d233b5030f8fed,"Intel(R) Core(TM) i5-8365U CPU @ 1.60GHz; linux/amd64","2.2.10","-d:release --mm:arc",RWM,8,1000000,equality,matches_unchecked,100,18,398.315720
2ac0eac9c4fbb32c5270547757d233b5030f8fed,"Intel(R) Core(TM) i5-8365U CPU @ 1.60GHz; linux/amd64","2.2.10","-d:release --mm:arc",RWM,8,1000000,equality,matches_unchecked,100,19,414.328550
2ac0eac9c4fbb32c5270547757d233b5030f8fed,"Intel(R) Core(TM) i5-8365U CPU @ 1.60GHz; linux/amd64","2.2.10","-d:release --mm:arc",RWM,8,1000000,equality,matches_unchecked,100,20,382.007870
2ac0eac9c4fbb32c5270547757d233b5030f8fed,"Intel(R) Core(TM) i5-8365U CPU @ 1.60GHz; linux/amd64","2.2.10","-d:release --mm:arc",RWM,8,1000000,equality,matches_unchecked,100,21,374.995500
2ac0eac9c4fbb32c5270547757d233b5030f8fed,"Intel(R) Core(TM) i5-8365U CPU @ 1.60GHz; linux/amd64","2.2.10","-d:release --mm:arc",WM,8,1000000,range,access,0.1,1,584.296390
2ac0eac9c4fbb32c5270547757d233b5030f8fed,"Intel(R) Core(TM) i5-8365U CPU @ 1.60GHz; linux/amd64","2.2.10","-d:release --mm:arc",WM,8,1000000,range,access,0.1,2,452.150520
2ac0eac9c4fbb32c5270547757d233b5030f8fed,"Intel(R) Core(TM) i5-8365U CPU @ 1.60GHz; linux/amd64","2.2.10","-d:release --mm:arc",WM,8,1000000,range,access,0.1,3,509.887520
2ac0eac9c4fbb32c5270547757d233b5030f8fed,"Intel(R) Core(TM) i5-8365U CPU @ 1.60GHz; linux/amd64","2.2.10","-d:release --mm:arc",WM,8,1000000,range,access,0.1,4,435.024630
2ac0eac9c4fbb32c5270547757d233b5030f8fed,"Intel(R) Core(TM) i5-8365U CPU @ 1.60GHz; linux/amd64","2.2.10","-d:release --mm:arc",WM,8,1000000,range,access,0.1,5,438.393800
2ac0eac9c4fbb32c5270547757d233b5030f8fed,"Intel(R) Core(TM) i5-8365U CPU @ 1.60GHz; linux/amd64","2.2.10","-d:release --mm:arc",WM,8,1000000,range,access,0.1,6,423.220010
2ac0eac9c4fbb32c5270547757d233b5030f8fed,"Intel(R) Core(TM) i5-8365U CPU @ 1.60GHz; linux/amd64","2.2.10","-d:release --mm:arc",WM,8,1000000,range,access,0.1,7,460.560960
2ac0eac9c4fbb32c5270547757d233b5030f8fed,"Intel(R) Core(TM) i5-8365U CPU @ 1.60GHz; linux/amd64","2.2.10","-d:release --mm:arc",WM,8,1000000,range,access,0.1,8,412.093430
2ac0eac9c4fbb32c5270547757d233b5030f8fed,"Intel(R) Core(TM) i5-8365U CPU @ 1.60GHz; linux/amd64","2.2.10","-d:release --mm:arc",WM,8,1000000,range,access,0.1,9,460.272940
2ac0eac9c4fbb32c5270547757d233b5030f8fed,"Intel(R) Core(TM) i5-8365U CPU @ 1.60GHz; linux/amd64","2.2.10","-d:release --mm:arc",WM,8,1000000,range,access,0.1,10,440.903930
2ac0eac9c4fbb32c5270547757d233b5030f8fed,"Intel(R) Core(TM) i5-8365U CPU @ 1.60GHz; linux/amd64","2.2.10","-d:release --mm:arc",WM,8,1000000,range,access,0.1,11,442.413010
2ac0eac9c4fbb32c5270547757d233b5030f8fed,"Intel(R) Core(TM) i5-8365U CPU @ 1.60GHz; linux/amd64","2.2.10","-d:release --mm:arc",WM,8,1000000,range,access,0.1,12,507.120380
2ac0eac9c4fbb32c5270547757d233b5030f8fed,"Intel(R) Core(TM) i5-8365U CPU @ 1.60GHz; linux/amd64","2.2.10","-d:release --mm:arc",WM,8,1000000,range,access,0.1,13,451.594490
2ac0eac9c4fbb32c5270547757d233b5030f8fed,"Intel(R) Core(TM) i5-8365U CPU @ 1.60GHz; linux/amd64","2.2.10","-d:release --mm:arc",WM,8,1000000,range,access,0.1,14,448.842340
2ac0eac9c4fbb32c5270547757d233b5030f8fed,"Intel(R) Core(TM) i5-8365U CPU @ 1.60GHz; linux/amd64","2.2.10","-d:release --mm:arc",WM,8,1000000,range,access,0.1,15,511.140590
2ac0eac9c4fbb32c5270547757d233b5030f8fed,"Intel(R) Core(TM) i5-8365U CPU @ 1.60GHz; linux/amd64","2.2.10","-d:release --mm:arc",WM,8,1000000,range,access,0.1,16,490.817530
2ac0eac9c4fbb32c5270547757d233b5030f8fed,"Intel(R) Core(TM) i5-8365U CPU @ 1.60GHz; linux/amd64","2.2.10","-d:release --mm:arc",WM,8,1000000,range,access,0.1,17,424.543080
2ac0eac9c4fbb32c5270547757d233b5030f8fed,"Intel(R) Core(TM) i5-8365U CPU @ 1.60GHz; linux/amd64","2.2.10","-d:release --mm:arc",WM,8,1000000,range,access,0.1,18,468.342360
2ac0eac9c4fbb32c5270547757d233b5030f8fed,"Intel(R) Core(TM) i5-8365U CPU @ 1.60GHz; linux/amd64","2.2.10","-d:release --mm:arc",WM,8,1000000,range,access,0.1,19,435.612660
2ac0eac9c4fbb32c5270547757d233b5030f8fed,"Intel(R) Core(TM) i5-8365U CPU @ 1.60GHz; linux/amd64","2.2.10","-d:release --mm:arc",WM,8,1000000,range,access,0.1,20,437.194740
2ac0eac9c4fbb32c5270547757d233b5030f8fed,"Intel(R) Core(TM) i5-8365U CPU @ 1.60GHz; linux/amd64","2.2.10","-d:release --mm:arc",WM,8,1000000,range,access,0.1,21,414.452560
2ac0eac9c4fbb32c5270547757d233b5030f8fed,"Intel(R) Core(TM) i5-8365U CPU @ 1.60GHz; linux/amd64","2.2.10","-d:release --mm:arc",WM,8,1000000,range,range_unchecked,0.1,1,80.950210
2ac0eac9c4fbb32c5270547757d233b5030f8fed,"Intel(R) Core(TM) i5-8365U CPU @ 1.60GHz; linux/amd64","2.2.10","-d:release --mm:arc",WM,8,1000000,range,range_unchecked,0.1,2,64.949380
2ac0eac9c4fbb32c5270547757d233b5030f8fed,"Intel(R) Core(TM) i5-8365U CPU @ 1.60GHz; linux/amd64","2.2.10","-d:release --mm:arc",WM,8,1000000,range,range_unchecked,0.1,3,67.711520
2ac0eac9c4fbb32c5270547757d233b5030f8fed,"Intel(R) Core(TM) i5-8365U CPU @ 1.60GHz; linux/amd64","2.2.10","-d:release --mm:arc",WM,8,1000000,range,range_unchecked,0.1,4,64.622360
2ac0eac9c4fbb32c5270547757d233b5030f8fed,"Intel(R) Core(TM) i5-8365U CPU @ 1.60GHz; linux/amd64","2.2.10","-d:release --mm:arc",WM,8,1000000,range,range_unchecked,0.1,5,73.742830
2ac0eac9c4fbb32c5270547757d233b5030f8fed,"Intel(R) Core(TM) i5-8365U CPU @ 1.60GHz; linux/amd64","2.2.10","-d:release --mm:arc",WM,8,1000000,range,range_unchecked,0.1,6,102.507330
2ac0eac9c4fbb32c5270547757d233b5030f8fed,"Intel(R) Core(TM) i5-8365U CPU @ 1.60GHz; linux/amd64","2.2.10","-d:release --mm:arc",WM,8,1000000,range,range_unchecked,0.1,7,70.610680
2ac0eac9c4fbb32c5270547757d233b5030f8fed,"Intel(R) Core(TM) i5-8365U CPU @ 1.60GHz; linux/amd64","2.2.10","-d:release --mm:arc",WM,8,1000000,range,range_unchecked,0.1,8,67.104490
2ac0eac9c4fbb32c5270547757d233b5030f8fed,"Intel(R) Core(TM) i5-8365U CPU @ 1.60GHz; linux/amd64","2.2.10","-d:release --mm:arc",WM,8,1000000,range,range_unchecked,0.1,9,83.542340
2ac0eac9c4fbb32c5270547757d233b5030f8fed,"Intel(R) Core(TM) i5-8365U CPU @ 1.60GHz; linux/amd64","2.2.10","-d:release --mm:arc",WM,8,1000000,range,range_unchecked,0.1,10,129.789750
2ac0eac9c4fbb32c5270547757d233b5030f8fed,"Intel(R) Core(TM) i5-8365U CPU @ 1.60GHz; linux/amd64","2.2.10","-d:release --mm:arc",WM,8,1000000,range,range_unchecked,0.1,11,69.340610
2ac0eac9c4fbb32c5270547757d233b5030f8fed,"Intel(R) Core(TM) i5-8365U CPU @ 1.60GHz; linux/amd64","2.2.10","-d:release --mm:arc",WM,8,1000000,range,range_unchecked,0.1,12,72.412770
2ac0eac9c4fbb32c5270547757d233b5030f8fed,"Intel(R) Core(TM) i5-8365U CPU @ 1.60GHz; linux/amd64","2.2.10","-d:release --mm:arc",WM,8,1000000,range,range_unchecked,0.1,13,65.555410
2ac0eac9c4fbb32c5270547757d233b5030f8fed,"Intel(R) Core(TM) i5-8365U CPU @ 1.60GHz; linux/amd64","2.2.10","-d:release --mm:arc",WM,8,1000000,range,range_unchecked,0.1,14,71.986740
2ac0eac9c4fbb32c5270547757d233b5030f8fed,"Intel(R) Core(TM) i5-8365U CPU @ 1.60GHz; linux/amd64","2.2.10","-d:release --mm:arc",WM,8,1000000,range,range_unchecked,0.1,15,67.294500
2ac0eac9c4fbb32c5270547757d233b5030f8fed,"Intel(R) Core(TM) i5-8365U CPU @ 1.60GHz; linux/amd64","2.2.10","-d:release --mm:arc",WM,8,1000000,range,range_unchecked,0.1,16,71.729730
2ac0eac9c4fbb32c5270547757d233b5030f8fed,"Intel(R) Core(TM) i5-8365U CPU @ 1.60GHz; linux/amd64","2.2.10","-d:release --mm:arc",WM,8,1000000,range,range_unchecked,0.1,17,114.100930
2ac0eac9c4fbb32c5270547757d233b5030f8fed,"Intel(R) Core(TM) i5-8365U CPU @ 1.60GHz; linux/amd64","2.2.10","-d:release --mm:arc",WM,8,1000000,range,range_unchecked,0.1,18,98.845140
2ac0eac9c4fbb32c5270547757d233b5030f8fed,"Intel(R) Core(TM) i5-8365U CPU @ 1.60GHz; linux/amd64","2.2.10","-d:release --mm:arc",WM,8,1000000,range,range_unchecked,0.1,19,112.208840
2ac0eac9c4fbb32c5270547757d233b5030f8fed,"Intel(R) Core(TM) i5-8365U CPU @ 1.60GHz; linux/amd64","2.2.10","-d:release --mm:arc",WM,8,1000000,range,range_unchecked,0.1,20,111.330790
2ac0eac9c4fbb32c5270547757d233b5030f8fed,"Intel(R) Core(TM) i5-8365U CPU @ 1.60GHz; linux/amd64","2.2.10","-d:release --mm:arc",WM,8,1000000,range,range_unchecked,0.1,21,93.212850
2ac0eac9c4fbb32c5270547757d233b5030f8fed,"Intel(R) Core(TM) i5-8365U CPU @ 1.60GHz; linux/amd64","2.2.10","-d:release --mm:arc",WM,8,1000000,range,access,1,1,508.051430
2ac0eac9c4fbb32c5270547757d233b5030f8fed,"Intel(R) Core(TM) i5-8365U CPU @ 1.60GHz; linux/amd64","2.2.10","-d:release --mm:arc",WM,8,1000000,range,access,1,2,455.986720
2ac0eac9c4fbb32c5270547757d233b5030f8fed,"Intel(R) Core(TM) i5-8365U CPU @ 1.60GHz; linux/amd64","2.2.10","-d:release --mm:arc",WM,8,1000000,range,access,1,3,521.925140
2ac0eac9c4fbb32c5270547757d233b5030f8fed,"Intel(R) Core(TM) i5-8365U CPU @ 1.60GHz; linux/amd64","2.2.10","-d:release --mm:arc",WM,8,1000000,range,access,1,4,455.322690
2ac0eac9c4fbb32c5270547757d233b5030f8fed,"Intel(R) Core(TM) i5-8365U CPU @ 1.60GHz; linux/amd64","2.2.10","-d:release --mm:arc",WM,8,1000000,range,access,1,5,469.256400
2ac0eac9c4fbb32c5270547757d233b5030f8fed,"Intel(R) Core(TM) i5-8365U CPU @ 1.60GHz; linux/amd64","2.2.10","-d:release --mm:arc",WM,8,1000000,range,access,1,6,501.041060
2ac0eac9c4fbb32c5270547757d233b5030f8fed,"Intel(R) Core(TM) i5-8365U CPU @ 1.60GHz; linux/amd64","2.2.10","-d:release --mm:arc",WM,8,1000000,range,access,1,7,433.871560
2ac0eac9c4fbb32c5270547757d233b5030f8fed,"Intel(R) Core(TM) i5-8365U CPU @ 1.60GHz; linux/amd64","2.2.10","-d:release --mm:arc",WM,8,1000000,range,access,1,8,447.601290
2ac0eac9c4fbb32c5270547757d233b5030f8fed,"Intel(R) Core(TM) i5-8365U CPU @ 1.60GHz; linux/amd64","2.2.10","-d:release --mm:arc",WM,8,1000000,range,access,1,9,460.140930
2ac0eac9c4fbb32c5270547757d233b5030f8fed,"Intel(R) Core(TM) i5-8365U CPU @ 1.60GHz; linux/amd64","2.2.10","-d:release --mm:arc",WM,8,1000000,range,access,1,10,439.939880
2ac0eac9c4fbb32c5270547757d233b5030f8fed,"Intel(R) Core(TM) i5-8365U CPU @ 1.60GHz; linux/amd64","2.2.10","-d:release --mm:arc",WM,8,1000000,range,access,1,11,523.674240
2ac0eac9c4fbb32c5270547757d233b5030f8fed,"Intel(R) Core(TM) i5-8365U CPU @ 1.60GHz; linux/amd64","2.2.10","-d:release --mm:arc",WM,8,1000000,range,access,1,12,437.277740
2ac0eac9c4fbb32c5270547757d233b5030f8fed,"Intel(R) Core(TM) i5-8365U CPU @ 1.60GHz; linux/amd64","2.2.10","-d:release --mm:arc",WM,8,1000000,range,access,1,13,461.167980
2ac0eac9c4fbb32c5270547757d233b5030f8fed,"Intel(R) Core(TM) i5-8365U CPU @ 1.60GHz; linux/amd64","2.2.10","-d:release --mm:arc",WM,8,1000000,range,access,1,14,469.754160
2ac0eac9c4fbb32c5270547757d233b5030f8fed,"Intel(R) Core(TM) i5-8365U CPU @ 1.60GHz; linux/amd64","2.2.10","-d:release --mm:arc",WM,8,1000000,range,access,1,15,413.127810
2ac0eac9c4fbb32c5270547757d233b5030f8fed,"Intel(R) Core(TM) i5-8365U CPU @ 1.60GHz; linux/amd64","2.2.10","-d:release --mm:arc",WM,8,1000000,range,access,1,16,494.539910
2ac0eac9c4fbb32c5270547757d233b5030f8fed,"Intel(R) Core(TM) i5-8365U CPU @ 1.60GHz; linux/amd64","2.2.10","-d:release --mm:arc",WM,8,1000000,range,access,1,17,434.767910
2ac0eac9c4fbb32c5270547757d233b5030f8fed,"Intel(R) Core(TM) i5-8365U CPU @ 1.60GHz; linux/amd64","2.2.10","-d:release --mm:arc",WM,8,1000000,range,access,1,18,423.523330
2ac0eac9c4fbb32c5270547757d233b5030f8fed,"Intel(R) Core(TM) i5-8365U CPU @ 1.60GHz; linux/amd64","2.2.10","-d:release --mm:arc",WM,8,1000000,range,access,1,19,440.493190
2ac0eac9c4fbb32c5270547757d233b5030f8fed,"Intel(R) Core(TM) i5-8365U CPU @ 1.60GHz; linux/amd64","2.2.10","-d:release --mm:arc",WM,8,1000000,range,access,1,20,439.207130
2ac0eac9c4fbb32c5270547757d233b5030f8fed,"Intel(R) Core(TM) i5-8365U CPU @ 1.60GHz; linux/amd64","2.2.10","-d:release --mm:arc",WM,8,1000000,range,access,1,21,455.944970
2ac0eac9c4fbb32c5270547757d233b5030f8fed,"Intel(R) Core(TM) i5-8365U CPU @ 1.60GHz; linux/amd64","2.2.10","-d:release --mm:arc",WM,8,1000000,range,range_unchecked,1,1,66.944380
2ac0eac9c4fbb32c5270547757d233b5030f8fed,"Intel(R) Core(TM) i5-8365U CPU @ 1.60GHz; linux/amd64","2.2.10","-d:release --mm:arc",WM,8,1000000,range,range_unchecked,1,2,71.649600
2ac0eac9c4fbb32c5270547757d233b5030f8fed,"Intel(R) Core(TM) i5-8365U CPU @ 1.60GHz; linux/amd64","2.2.10","-d:release --mm:arc",WM,8,1000000,range,range_unchecked,1,3,62.305130
2ac0eac9c4fbb32c5270547757d233b5030f8fed,"Intel(R) Core(TM) i5-8365U CPU @ 1.60GHz; linux/amd64","2.2.10","-d:release --mm:arc",WM,8,1000000,range,range_unchecked,1,4,85.946330
2ac0eac9c4fbb32c5270547757d233b5030f8fed,"Intel(R) Core(TM) i5-8365U CPU @ 1.60GHz; linux/amd64","2.2.10","-d:release --mm:arc",WM,8,1000000,range,range_unchecked,1,5,86.213350
2ac0eac9c4fbb32c5270547757d233b5030f8fed,"Intel(R) Core(TM) i5-8365U CPU @ 1.60GHz; linux/amd64","2.2.10","-d:release --mm:arc",WM,8,1000000,range,range_unchecked,1,6,70.098530
2ac0eac9c4fbb32c5270547757d233b5030f8fed,"Intel(R) Core(TM) i5-8365U CPU @ 1.60GHz; linux/amd64","2.2.10","-d:release --mm:arc",WM,8,1000000,range,range_unchecked,1,7,70.162530
2ac0eac9c4fbb32c5270547757d233b5030f8fed,"Intel(R) Core(TM) i5-8365U CPU @ 1.60GHz; linux/amd64","2.2.10","-d:release --mm:arc",WM,8,1000000,range,range_unchecked,1,8,65.157290
2ac0eac9c4fbb32c5270547757d233b5030f8fed,"Intel(R) Core(TM) i5-8365U CPU @ 1.60GHz; linux/amd64","2.2.10","-d:release --mm:arc",WM,8,1000000,range,range_unchecked,1,9,91.689620
2ac0eac9c4fbb32c5270547757d233b5030f8fed,"Intel(R) Core(TM) i5-8365U CPU @ 1.60GHz; linux/amd64","2.2.10","-d:release --mm:arc",WM,8,1000000,range,range_unchecked,1,10,65.837310
2ac0eac9c4fbb32c5270547757d233b5030f8fed,"Intel(R) Core(TM) i5-8365U CPU @ 1.60GHz; linux/amd64","2.2.10","-d:release --mm:arc",WM,8,1000000,range,range_unchecked,1,11,92.797680
2ac0eac9c4fbb32c5270547757d233b5030f8fed,"Intel(R) Core(TM) i5-8365U CPU @ 1.60GHz; linux/amd64","2.2.10","-d:release --mm:arc",WM,8,1000000,range,range_unchecked,1,12,102.247150
2ac0eac9c4fbb32c5270547757d233b5030f8fed,"Intel(R) Core(TM) i5-8365U CPU @ 1.60GHz; linux/amd64","2.2.10","-d:release --mm:arc",WM,8,1000000,range,range_unchecked,1,13,80.500050
2ac0eac9c4fbb32c5270547757d233b5030f8fed,"Intel(R) Core(TM) i5-8365U CPU @ 1.60GHz; linux/amd64","2.2.10","-d:release --mm:arc",WM,8,1000000,range,range_unchecked,1,14,66.101330
2ac0eac9c4fbb32c5270547757d233b5030f8fed,"Intel(R) Core(TM) i5-8365U CPU @ 1.60GHz; linux/amd64","2.2.10","-d:release --mm:arc",WM,8,1000000,range,range_unchecked,1,15,70.648560
2ac0eac9c4fbb32c5270547757d233b5030f8fed,"Intel(R) Core(TM) i5-8365U CPU @ 1.60GHz; linux/amd64","2.2.10","-d:release --mm:arc",WM,8,1000000,range,range_unchecked,1,16,62.663160
2ac0eac9c4fbb32c5270547757d233b5030f8fed,"Intel(R) Core(TM) i5-8365U CPU @ 1.60GHz; linux/amd64","2.2.10","-d:release --mm:arc",WM,8,1000000,range,range_unchecked,1,17,64.830270
2ac0eac9c4fbb32c5270547757d233b5030f8fed,"Intel(R) Core(TM) i5-8365U CPU @ 1.60GHz; linux/amd64","2.2.10","-d:release --mm:arc",WM,8,1000000,range,range_unchecked,1,18,81.783120
2ac0eac9c4fbb32c5270547757d233b5030f8fed,"Intel(R) Core(TM) i5-8365U CPU @ 1.60GHz; linux/amd64","2.2.10","-d:release --mm:arc",WM,8,1000000,range,range_unchecked,1,19,67.238380
2ac0eac9c4fbb32c5270547757d233b5030f8fed,"Intel(R) Core(TM) i5-8365U CPU @ 1.60GHz; linux/amd64","2.2.10","-d:release --mm:arc",WM,8,1000000,range,range_unchecked,1,20,71.211590
2ac0eac9c4fbb32c5270547757d233b5030f8fed,"Intel(R) Core(TM) i5-8365U CPU @ 1.60GHz; linux/amd64","2.2.10","-d:release --mm:arc",WM,8,1000000,range,range_unchecked,1,21,64.154230
2ac0eac9c4fbb32c5270547757d233b5030f8fed,"Intel(R) Core(TM) i5-8365U CPU @ 1.60GHz; linux/amd64","2.2.10","-d:release --mm:arc",WM,8,1000000,range,access,10,1,982.226480
2ac0eac9c4fbb32c5270547757d233b5030f8fed,"Intel(R) Core(TM) i5-8365U CPU @ 1.60GHz; linux/amd64","2.2.10","-d:release --mm:arc",WM,8,1000000,range,access,10,2,657.478120
2ac0eac9c4fbb32c5270547757d233b5030f8fed,"Intel(R) Core(TM) i5-8365U CPU @ 1.60GHz; linux/amd64","2.2.10","-d:release --mm:arc",WM,8,1000000,range,access,10,3,580.158230
2ac0eac9c4fbb32c5270547757d233b5030f8fed,"Intel(R) Core(TM) i5-8365U CPU @ 1.60GHz; linux/amd64","2.2.10","-d:release --mm:arc",WM,8,1000000,range,access,10,4,521.530270
2ac0eac9c4fbb32c5270547757d233b5030f8fed,"Intel(R) Core(TM) i5-8365U CPU @ 1.60GHz; linux/amd64","2.2.10","-d:release --mm:arc",WM,8,1000000,range,access,10,5,499.513170
2ac0eac9c4fbb32c5270547757d233b5030f8fed,"Intel(R) Core(TM) i5-8365U CPU @ 1.60GHz; linux/amd64","2.2.10","-d:release --mm:arc",WM,8,1000000,range,access,10,6,587.706600
2ac0eac9c4fbb32c5270547757d233b5030f8fed,"Intel(R) Core(TM) i5-8365U CPU @ 1.60GHz; linux/amd64","2.2.10","-d:release --mm:arc",WM,8,1000000,range,access,10,7,497.915080
2ac0eac9c4fbb32c5270547757d233b5030f8fed,"Intel(R) Core(TM) i5-8365U CPU @ 1.60GHz; linux/amd64","2.2.10","-d:release --mm:arc",WM,8,1000000,range,access,10,8,466.874510
2ac0eac9c4fbb32c5270547757d233b5030f8fed,"Intel(R) Core(TM) i5-8365U CPU @ 1.60GHz; linux/amd64","2.2.10","-d:release --mm:arc",WM,8,1000000,range,access,10,9,476.899030
2ac0eac9c4fbb32c5270547757d233b5030f8fed,"Intel(R) Core(TM) i5-8365U CPU @ 1.60GHz; linux/amd64","2.2.10","-d:release --mm:arc",WM,8,1000000,range,access,10,10,444.798410
2ac0eac9c4fbb32c5270547757d233b5030f8fed,"Intel(R) Core(TM) i5-8365U CPU @ 1.60GHz; linux/amd64","2.2.10","-d:release --mm:arc",WM,8,1000000,range,access,10,11,416.952000
2ac0eac9c4fbb32c5270547757d233b5030f8fed,"Intel(R) Core(TM) i5-8365U CPU @ 1.60GHz; linux/amd64","2.2.10","-d:release --mm:arc",WM,8,1000000,range,access,10,12,459.405140
2ac0eac9c4fbb32c5270547757d233b5030f8fed,"Intel(R) Core(TM) i5-8365U CPU @ 1.60GHz; linux/amd64","2.2.10","-d:release --mm:arc",WM,8,1000000,range,access,10,13,430.056670
2ac0eac9c4fbb32c5270547757d233b5030f8fed,"Intel(R) Core(TM) i5-8365U CPU @ 1.60GHz; linux/amd64","2.2.10","-d:release --mm:arc",WM,8,1000000,range,access,10,14,483.681360
2ac0eac9c4fbb32c5270547757d233b5030f8fed,"Intel(R) Core(TM) i5-8365U CPU @ 1.60GHz; linux/amd64","2.2.10","-d:release --mm:arc",WM,8,1000000,range,access,10,15,449.364640
2ac0eac9c4fbb32c5270547757d233b5030f8fed,"Intel(R) Core(TM) i5-8365U CPU @ 1.60GHz; linux/amd64","2.2.10","-d:release --mm:arc",WM,8,1000000,range,access,10,16,451.600750
2ac0eac9c4fbb32c5270547757d233b5030f8fed,"Intel(R) Core(TM) i5-8365U CPU @ 1.60GHz; linux/amd64","2.2.10","-d:release --mm:arc",WM,8,1000000,range,access,10,17,453.990870
2ac0eac9c4fbb32c5270547757d233b5030f8fed,"Intel(R) Core(TM) i5-8365U CPU @ 1.60GHz; linux/amd64","2.2.10","-d:release --mm:arc",WM,8,1000000,range,access,10,18,445.796460
2ac0eac9c4fbb32c5270547757d233b5030f8fed,"Intel(R) Core(TM) i5-8365U CPU @ 1.60GHz; linux/amd64","2.2.10","-d:release --mm:arc",WM,8,1000000,range,access,10,19,425.259420
2ac0eac9c4fbb32c5270547757d233b5030f8fed,"Intel(R) Core(TM) i5-8365U CPU @ 1.60GHz; linux/amd64","2.2.10","-d:release --mm:arc",WM,8,1000000,range,access,10,20,544.399430
2ac0eac9c4fbb32c5270547757d233b5030f8fed,"Intel(R) Core(TM) i5-8365U CPU @ 1.60GHz; linux/amd64","2.2.10","-d:release --mm:arc",WM,8,1000000,range,access,10,21,527.987600
2ac0eac9c4fbb32c5270547757d233b5030f8fed,"Intel(R) Core(TM) i5-8365U CPU @ 1.60GHz; linux/amd64","2.2.10","-d:release --mm:arc",WM,8,1000000,range,range_unchecked,10,1,66.640350
2ac0eac9c4fbb32c5270547757d233b5030f8fed,"Intel(R) Core(TM) i5-8365U CPU @ 1.60GHz; linux/amd64","2.2.10","-d:release --mm:arc",WM,8,1000000,range,range_unchecked,10,2,70.485550
2ac0eac9c4fbb32c5270547757d233b5030f8fed,"Intel(R) Core(TM) i5-8365U CPU @ 1.60GHz; linux/amd64","2.2.10","-d:release --mm:arc",WM,8,1000000,range,range_unchecked,10,3,66.936380
2ac0eac9c4fbb32c5270547757d233b5030f8fed,"Intel(R) Core(TM) i5-8365U CPU @ 1.60GHz; linux/amd64","2.2.10","-d:release --mm:arc",WM,8,1000000,range,range_unchecked,10,4,67.732410
2ac0eac9c4fbb32c5270547757d233b5030f8fed,"Intel(R) Core(TM) i5-8365U CPU @ 1.60GHz; linux/amd64","2.2.10","-d:release --mm:arc",WM,8,1000000,range,range_unchecked,10,5,76.506850
2ac0eac9c4fbb32c5270547757d233b5030f8fed,"Intel(R) Core(TM) i5-8365U CPU @ 1.60GHz; linux/amd64","2.2.10","-d:release --mm:arc",WM,8,1000000,range,range_unchecked,10,6,73.834720
2ac0eac9c4fbb32c5270547757d233b5030f8fed,"Intel(R) Core(TM) i5-8365U CPU @ 1.60GHz; linux/amd64","2.2.10","-d:release --mm:arc",WM,8,1000000,range,range_unchecked,10,7,69.832520
2ac0eac9c4fbb32c5270547757d233b5030f8fed,"Intel(R) Core(TM) i5-8365U CPU @ 1.60GHz; linux/amd64","2.2.10","-d:release --mm:arc",WM,8,1000000,range,range_unchecked,10,8,67.815420
2ac0eac9c4fbb32c5270547757d233b5030f8fed,"Intel(R) Core(TM) i5-8365U CPU @ 1.60GHz; linux/amd64","2.2.10","-d:release --mm:arc",WM,8,1000000,range,range_unchecked,10,9,74.780760
2ac0eac9c4fbb32c5270547757d233b5030f8fed,"Intel(R) Core(TM) i5-8365U CPU @ 1.60GHz; linux/amd64","2.2.10","-d:release --mm:arc",WM,8,1000000,range,range_unchecked,10,10,70.589550
2ac0eac9c4fbb32c5270547757d233b5030f8fed,"Intel(R) Core(TM) i5-8365U CPU @ 1.60GHz; linux/amd64","2.2.10","-d:release --mm:arc",WM,8,1000000,range,range_unchecked,10,11,73.436700
2ac0eac9c4fbb32c5270547757d233b5030f8fed,"Intel(R) Core(TM) i5-8365U CPU @ 1.60GHz; linux/amd64","2.2.10","-d:release --mm:arc",WM,8,1000000,range,range_unchecked,10,12,66.727360
2ac0eac9c4fbb32c5270547757d233b5030f8fed,"Intel(R) Core(TM) i5-8365U CPU @ 1.60GHz; linux/amd64","2.2.10","-d:release --mm:arc",WM,8,1000000,range,range_unchecked,10,13,65.871320
2ac0eac9c4fbb32c5270547757d233b5030f8fed,"Intel(R) Core(TM) i5-8365U CPU @ 1.60GHz; linux/amd64","2.2.10","-d:release --mm:arc",WM,8,1000000,range,range_unchecked,10,14,76.887870
2ac0eac9c4fbb32c5270547757d233b5030f8fed,"Intel(R) Core(TM) i5-8365U CPU @ 1.60GHz; linux/amd64","2.2.10","-d:release --mm:arc",WM,8,1000000,range,range_unchecked,10,15,65.187290
2ac0eac9c4fbb32c5270547757d233b5030f8fed,"Intel(R) Core(TM) i5-8365U CPU @ 1.60GHz; linux/amd64","2.2.10","-d:release --mm:arc",WM,8,1000000,range,range_unchecked,10,16,71.374590
2ac0eac9c4fbb32c5270547757d233b5030f8fed,"Intel(R) Core(TM) i5-8365U CPU @ 1.60GHz; linux/amd64","2.2.10","-d:release --mm:arc",WM,8,1000000,range,range_unchecked,10,17,65.235290
2ac0eac9c4fbb32c5270547757d233b5030f8fed,"Intel(R) Core(TM) i5-8365U CPU @ 1.60GHz; linux/amd64","2.2.10","-d:release --mm:arc",WM,8,1000000,range,range_unchecked,10,18,68.800470
2ac0eac9c4fbb32c5270547757d233b5030f8fed,"Intel(R) Core(TM) i5-8365U CPU @ 1.60GHz; linux/amd64","2.2.10","-d:release --mm:arc",WM,8,1000000,range,range_unchecked,10,19,76.383850
2ac0eac9c4fbb32c5270547757d233b5030f8fed,"Intel(R) Core(TM) i5-8365U CPU @ 1.60GHz; linux/amd64","2.2.10","-d:release --mm:arc",WM,8,1000000,range,range_unchecked,10,20,67.123380
2ac0eac9c4fbb32c5270547757d233b5030f8fed,"Intel(R) Core(TM) i5-8365U CPU @ 1.60GHz; linux/amd64","2.2.10","-d:release --mm:arc",WM,8,1000000,range,range_unchecked,10,21,76.595860
2ac0eac9c4fbb32c5270547757d233b5030f8fed,"Intel(R) Core(TM) i5-8365U CPU @ 1.60GHz; linux/amd64","2.2.10","-d:release --mm:arc",WM,8,1000000,range,access,25,1,482.168290
2ac0eac9c4fbb32c5270547757d233b5030f8fed,"Intel(R) Core(TM) i5-8365U CPU @ 1.60GHz; linux/amd64","2.2.10","-d:release --mm:arc",WM,8,1000000,range,access,25,2,408.658590
2ac0eac9c4fbb32c5270547757d233b5030f8fed,"Intel(R) Core(TM) i5-8365U CPU @ 1.60GHz; linux/amd64","2.2.10","-d:release --mm:arc",WM,8,1000000,range,access,25,3,487.247540
2ac0eac9c4fbb32c5270547757d233b5030f8fed,"Intel(R) Core(TM) i5-8365U CPU @ 1.60GHz; linux/amd64","2.2.10","-d:release --mm:arc",WM,8,1000000,range,access,25,4,451.658750
2ac0eac9c4fbb32c5270547757d233b5030f8fed,"Intel(R) Core(TM) i5-8365U CPU @ 1.60GHz; linux/amd64","2.2.10","-d:release --mm:arc",WM,8,1000000,range,access,25,5,412.958800
2ac0eac9c4fbb32c5270547757d233b5030f8fed,"Intel(R) Core(TM) i5-8365U CPU @ 1.60GHz; linux/amd64","2.2.10","-d:release --mm:arc",WM,8,1000000,range,access,25,6,448.110570
2ac0eac9c4fbb32c5270547757d233b5030f8fed,"Intel(R) Core(TM) i5-8365U CPU @ 1.60GHz; linux/amd64","2.2.10","-d:release --mm:arc",WM,8,1000000,range,access,25,7,409.255620
2ac0eac9c4fbb32c5270547757d233b5030f8fed,"Intel(R) Core(TM) i5-8365U CPU @ 1.60GHz; linux/amd64","2.2.10","-d:release --mm:arc",WM,8,1000000,range,access,25,8,423.507330
2ac0eac9c4fbb32c5270547757d233b5030f8fed,"Intel(R) Core(TM) i5-8365U CPU @ 1.60GHz; linux/amd64","2.2.10","-d:release --mm:arc",WM,8,1000000,range,access,25,9,413.409830
2ac0eac9c4fbb32c5270547757d233b5030f8fed,"Intel(R) Core(TM) i5-8365U CPU @ 1.60GHz; linux/amd64","2.2.10","-d:release --mm:arc",WM,8,1000000,range,access,25,10,425.603440
2ac0eac9c4fbb32c5270547757d233b5030f8fed,"Intel(R) Core(TM) i5-8365U CPU @ 1.60GHz; linux/amd64","2.2.10","-d:release --mm:arc",WM,8,1000000,range,access,25,11,426.712500
2ac0eac9c4fbb32c5270547757d233b5030f8fed,"Intel(R) Core(TM) i5-8365U CPU @ 1.60GHz; linux/amd64","2.2.10","-d:release --mm:arc",WM,8,1000000,range,access,25,12,416.871000
2ac0eac9c4fbb32c5270547757d233b5030f8fed,"Intel(R) Core(TM) i5-8365U CPU @ 1.60GHz; linux/amd64","2.2.10","-d:release --mm:arc",WM,8,1000000,range,access,25,13,471.535750
2ac0eac9c4fbb32c5270547757d233b5030f8fed,"Intel(R) Core(TM) i5-8365U CPU @ 1.60GHz; linux/amd64","2.2.10","-d:release --mm:arc",WM,8,1000000,range,access,25,14,415.640940
2ac0eac9c4fbb32c5270547757d233b5030f8fed,"Intel(R) Core(TM) i5-8365U CPU @ 1.60GHz; linux/amd64","2.2.10","-d:release --mm:arc",WM,8,1000000,range,access,25,15,464.971420
2ac0eac9c4fbb32c5270547757d233b5030f8fed,"Intel(R) Core(TM) i5-8365U CPU @ 1.60GHz; linux/amd64","2.2.10","-d:release --mm:arc",WM,8,1000000,range,access,25,16,438.788110
2ac0eac9c4fbb32c5270547757d233b5030f8fed,"Intel(R) Core(TM) i5-8365U CPU @ 1.60GHz; linux/amd64","2.2.10","-d:release --mm:arc",WM,8,1000000,range,access,25,17,449.503640
2ac0eac9c4fbb32c5270547757d233b5030f8fed,"Intel(R) Core(TM) i5-8365U CPU @ 1.60GHz; linux/amd64","2.2.10","-d:release --mm:arc",WM,8,1000000,range,access,25,18,431.430740
2ac0eac9c4fbb32c5270547757d233b5030f8fed,"Intel(R) Core(TM) i5-8365U CPU @ 1.60GHz; linux/amd64","2.2.10","-d:release --mm:arc",WM,8,1000000,range,access,25,19,540.693230
2ac0eac9c4fbb32c5270547757d233b5030f8fed,"Intel(R) Core(TM) i5-8365U CPU @ 1.60GHz; linux/amd64","2.2.10","-d:release --mm:arc",WM,8,1000000,range,access,25,20,445.945460
2ac0eac9c4fbb32c5270547757d233b5030f8fed,"Intel(R) Core(TM) i5-8365U CPU @ 1.60GHz; linux/amd64","2.2.10","-d:release --mm:arc",WM,8,1000000,range,access,25,21,465.481450
2ac0eac9c4fbb32c5270547757d233b5030f8fed,"Intel(R) Core(TM) i5-8365U CPU @ 1.60GHz; linux/amd64","2.2.10","-d:release --mm:arc",WM,8,1000000,range,range_unchecked,25,1,43.735210
2ac0eac9c4fbb32c5270547757d233b5030f8fed,"Intel(R) Core(TM) i5-8365U CPU @ 1.60GHz; linux/amd64","2.2.10","-d:release --mm:arc",WM,8,1000000,range,range_unchecked,25,2,49.932510
2ac0eac9c4fbb32c5270547757d233b5030f8fed,"Intel(R) Core(TM) i5-8365U CPU @ 1.60GHz; linux/amd64","2.2.10","-d:release --mm:arc",WM,8,1000000,range,range_unchecked,25,3,40.950070
2ac0eac9c4fbb32c5270547757d233b5030f8fed,"Intel(R) Core(TM) i5-8365U CPU @ 1.60GHz; linux/amd64","2.2.10","-d:release --mm:arc",WM,8,1000000,range,range_unchecked,25,4,40.885060
2ac0eac9c4fbb32c5270547757d233b5030f8fed,"Intel(R) Core(TM) i5-8365U CPU @ 1.60GHz; linux/amd64","2.2.10","-d:release --mm:arc",WM,8,1000000,range,range_unchecked,25,5,48.178420
2ac0eac9c4fbb32c5270547757d233b5030f8fed,"Intel(R) Core(TM) i5-8365U CPU @ 1.60GHz; linux/amd64","2.2.10","-d:release --mm:arc",WM,8,1000000,range,range_unchecked,25,6,47.082370
2ac0eac9c4fbb32c5270547757d233b5030f8fed,"Intel(R) Core(TM) i5-8365U CPU @ 1.60GHz; linux/amd64","2.2.10","-d:release --mm:arc",WM,8,1000000,range,range_unchecked,25,7,42.857150
2ac0eac9c4fbb32c5270547757d233b5030f8fed,"Intel(R) Core(TM) i5-8365U CPU @ 1.60GHz; linux/amd64","2.2.10","-d:release --mm:arc",WM,8,1000000,range,range_unchecked,25,8,41.147080
2ac0eac9c4fbb32c5270547757d233b5030f8fed,"Intel(R) Core(TM) i5-8365U CPU @ 1.60GHz; linux/amd64","2.2.10","-d:release --mm:arc",WM,8,1000000,range,range_unchecked,25,9,47.746400
2ac0eac9c4fbb32c5270547757d233b5030f8fed,"Intel(R) Core(TM) i5-8365U CPU @ 1.60GHz; linux/amd64","2.2.10","-d:release --mm:arc",WM,8,1000000,range,range_unchecked,25,10,65.777320
2ac0eac9c4fbb32c5270547757d233b5030f8fed,"Intel(R) Core(TM) i5-8365U CPU @ 1.60GHz; linux/amd64","2.2.10","-d:release --mm:arc",WM,8,1000000,range,range_unchecked,25,11,67.865420
2ac0eac9c4fbb32c5270547757d233b5030f8fed,"Intel(R) Core(TM) i5-8365U CPU @ 1.60GHz; linux/amd64","2.2.10","-d:release --mm:arc",WM,8,1000000,range,range_unchecked,25,12,58.535950
2ac0eac9c4fbb32c5270547757d233b5030f8fed,"Intel(R) Core(TM) i5-8365U CPU @ 1.60GHz; linux/amd64","2.2.10","-d:release --mm:arc",WM,8,1000000,range,range_unchecked,25,13,48.036420
2ac0eac9c4fbb32c5270547757d233b5030f8fed,"Intel(R) Core(TM) i5-8365U CPU @ 1.60GHz; linux/amd64","2.2.10","-d:release --mm:arc",WM,8,1000000,range,range_unchecked,25,14,41.517090
2ac0eac9c4fbb32c5270547757d233b5030f8fed,"Intel(R) Core(TM) i5-8365U CPU @ 1.60GHz; linux/amd64","2.2.10","-d:release --mm:arc",WM,8,1000000,range,range_unchecked,25,15,46.284330
2ac0eac9c4fbb32c5270547757d233b5030f8fed,"Intel(R) Core(TM) i5-8365U CPU @ 1.60GHz; linux/amd64","2.2.10","-d:release --mm:arc",WM,8,1000000,range,range_unchecked,25,16,41.724100
2ac0eac9c4fbb32c5270547757d233b5030f8fed,"Intel(R) Core(TM) i5-8365U CPU @ 1.60GHz; linux/amd64","2.2.10","-d:release --mm:arc",WM,8,1000000,range,range_unchecked,25,17,40.785060
2ac0eac9c4fbb32c5270547757d233b5030f8fed,"Intel(R) Core(TM) i5-8365U CPU @ 1.60GHz; linux/amd64","2.2.10","-d:release --mm:arc",WM,8,1000000,range,range_unchecked,25,18,41.708100
2ac0eac9c4fbb32c5270547757d233b5030f8fed,"Intel(R) Core(TM) i5-8365U CPU @ 1.60GHz; linux/amd64","2.2.10","-d:release --mm:arc",WM,8,1000000,range,range_unchecked,25,19,42.123120
2ac0eac9c4fbb32c5270547757d233b5030f8fed,"Intel(R) Core(TM) i5-8365U CPU @ 1.60GHz; linux/amd64","2.2.10","-d:release --mm:arc",WM,8,1000000,range,range_unchecked,25,20,49.173480
2ac0eac9c4fbb32c5270547757d233b5030f8fed,"Intel(R) Core(TM) i5-8365U CPU @ 1.60GHz; linux/amd64","2.2.10","-d:release --mm:arc",WM,8,1000000,range,range_unchecked,25,21,46.619350
2ac0eac9c4fbb32c5270547757d233b5030f8fed,"Intel(R) Core(TM) i5-8365U CPU @ 1.60GHz; linux/amd64","2.2.10","-d:release --mm:arc",WM,8,1000000,range,access,40,1,571.782800
2ac0eac9c4fbb32c5270547757d233b5030f8fed,"Intel(R) Core(TM) i5-8365U CPU @ 1.60GHz; linux/amd64","2.2.10","-d:release --mm:arc",WM,8,1000000,range,access,40,2,449.315630
2ac0eac9c4fbb32c5270547757d233b5030f8fed,"Intel(R) Core(TM) i5-8365U CPU @ 1.60GHz; linux/amd64","2.2.10","-d:release --mm:arc",WM,8,1000000,range,access,40,3,436.320980
2ac0eac9c4fbb32c5270547757d233b5030f8fed,"Intel(R) Core(TM) i5-8365U CPU @ 1.60GHz; linux/amd64","2.2.10","-d:release --mm:arc",WM,8,1000000,range,access,40,4,447.438540
2ac0eac9c4fbb32c5270547757d233b5030f8fed,"Intel(R) Core(TM) i5-8365U CPU @ 1.60GHz; linux/amd64","2.2.10","-d:release --mm:arc",WM,8,1000000,range,access,40,5,442.727310
2ac0eac9c4fbb32c5270547757d233b5030f8fed,"Intel(R) Core(TM) i5-8365U CPU @ 1.60GHz; linux/amd64","2.2.10","-d:release --mm:arc",WM,8,1000000,range,access,40,6,455.680950
2ac0eac9c4fbb32c5270547757d233b5030f8fed,"Intel(R) Core(TM) i5-8365U CPU @ 1.60GHz; linux/amd64","2.2.10","-d:release --mm:arc",WM,8,1000000,range,access,40,7,423.442330
2ac0eac9c4fbb32c5270547757d233b5030f8fed,"Intel(R) Core(TM) i5-8365U CPU @ 1.60GHz; linux/amd64","2.2.10","-d:release --mm:arc",WM,8,1000000,range,access,40,8,463.883370
2ac0eac9c4fbb32c5270547757d233b5030f8fed,"Intel(R) Core(TM) i5-8365U CPU @ 1.60GHz; linux/amd64","2.2.10","-d:release --mm:arc",WM,8,1000000,range,access,40,9,458.710110
2ac0eac9c4fbb32c5270547757d233b5030f8fed,"Intel(R) Core(TM) i5-8365U CPU @ 1.60GHz; linux/amd64","2.2.10","-d:release --mm:arc",WM,8,1000000,range,access,40,10,493.774880
2ac0eac9c4fbb32c5270547757d233b5030f8fed,"Intel(R) Core(TM) i5-8365U CPU @ 1.60GHz; linux/amd64","2.2.10","-d:release --mm:arc",WM,8,1000000,range,access,40,11,410.453670
2ac0eac9c4fbb32c5270547757d233b5030f8fed,"Intel(R) Core(TM) i5-8365U CPU @ 1.60GHz; linux/amd64","2.2.10","-d:release --mm:arc",WM,8,1000000,range,access,40,12,425.000410
2ac0eac9c4fbb32c5270547757d233b5030f8fed,"Intel(R) Core(TM) i5-8365U CPU @ 1.60GHz; linux/amd64","2.2.10","-d:release --mm:arc",WM,8,1000000,range,access,40,13,433.782860
2ac0eac9c4fbb32c5270547757d233b5030f8fed,"Intel(R) Core(TM) i5-8365U CPU @ 1.60GHz; linux/amd64","2.2.10","-d:release --mm:arc",WM,8,1000000,range,access,40,14,425.294420
2ac0eac9c4fbb32c5270547757d233b5030f8fed,"Intel(R) Core(TM) i5-8365U CPU @ 1.60GHz; linux/amd64","2.2.10","-d:release --mm:arc",WM,8,1000000,range,access,40,15,449.819660
2ac0eac9c4fbb32c5270547757d233b5030f8fed,"Intel(R) Core(TM) i5-8365U CPU @ 1.60GHz; linux/amd64","2.2.10","-d:release --mm:arc",WM,8,1000000,range,access,40,16,414.212870
2ac0eac9c4fbb32c5270547757d233b5030f8fed,"Intel(R) Core(TM) i5-8365U CPU @ 1.60GHz; linux/amd64","2.2.10","-d:release --mm:arc",WM,8,1000000,range,access,40,17,444.995410
2ac0eac9c4fbb32c5270547757d233b5030f8fed,"Intel(R) Core(TM) i5-8365U CPU @ 1.60GHz; linux/amd64","2.2.10","-d:release --mm:arc",WM,8,1000000,range,access,40,18,409.752650
2ac0eac9c4fbb32c5270547757d233b5030f8fed,"Intel(R) Core(TM) i5-8365U CPU @ 1.60GHz; linux/amd64","2.2.10","-d:release --mm:arc",WM,8,1000000,range,access,40,19,421.946250
2ac0eac9c4fbb32c5270547757d233b5030f8fed,"Intel(R) Core(TM) i5-8365U CPU @ 1.60GHz; linux/amd64","2.2.10","-d:release --mm:arc",WM,8,1000000,range,access,40,20,431.620750
2ac0eac9c4fbb32c5270547757d233b5030f8fed,"Intel(R) Core(TM) i5-8365U CPU @ 1.60GHz; linux/amd64","2.2.10","-d:release --mm:arc",WM,8,1000000,range,access,40,21,423.690340
2ac0eac9c4fbb32c5270547757d233b5030f8fed,"Intel(R) Core(TM) i5-8365U CPU @ 1.60GHz; linux/amd64","2.2.10","-d:release --mm:arc",WM,8,1000000,range,range_unchecked,40,1,92.698670
2ac0eac9c4fbb32c5270547757d233b5030f8fed,"Intel(R) Core(TM) i5-8365U CPU @ 1.60GHz; linux/amd64","2.2.10","-d:release --mm:arc",WM,8,1000000,range,range_unchecked,40,2,117.569920
2ac0eac9c4fbb32c5270547757d233b5030f8fed,"Intel(R) Core(TM) i5-8365U CPU @ 1.60GHz; linux/amd64","2.2.10","-d:release --mm:arc",WM,8,1000000,range,range_unchecked,40,3,133.674740
2ac0eac9c4fbb32c5270547757d233b5030f8fed,"Intel(R) Core(TM) i5-8365U CPU @ 1.60GHz; linux/amd64","2.2.10","-d:release --mm:arc",WM,8,1000000,range,range_unchecked,40,4,121.558120
2ac0eac9c4fbb32c5270547757d233b5030f8fed,"Intel(R) Core(TM) i5-8365U CPU @ 1.60GHz; linux/amd64","2.2.10","-d:release --mm:arc",WM,8,1000000,range,range_unchecked,40,5,90.622560
2ac0eac9c4fbb32c5270547757d233b5030f8fed,"Intel(R) Core(TM) i5-8365U CPU @ 1.60GHz; linux/amd64","2.2.10","-d:release --mm:arc",WM,8,1000000,range,range_unchecked,40,6,91.614610
2ac0eac9c4fbb32c5270547757d233b5030f8fed,"Intel(R) Core(TM) i5-8365U CPU @ 1.60GHz; linux/amd64","2.2.10","-d:release --mm:arc",WM,8,1000000,range,range_unchecked,40,7,92.730670
2ac0eac9c4fbb32c5270547757d233b5030f8fed,"Intel(R) Core(TM) i5-8365U CPU @ 1.60GHz; linux/amd64","2.2.10","-d:release --mm:arc",WM,8,1000000,range,range_unchecked,40,8,91.064590
2ac0eac9c4fbb32c5270547757d233b5030f8fed,"Intel(R) Core(TM) i5-8365U CPU @ 1.60GHz; linux/amd64","2.2.10","-d:release --mm:arc",WM,8,1000000,range,range_unchecked,40,9,87.370400
2ac0eac9c4fbb32c5270547757d233b5030f8fed,"Intel(R) Core(TM) i5-8365U CPU @ 1.60GHz; linux/amd64","2.2.10","-d:release --mm:arc",WM,8,1000000,range,range_unchecked,40,10,104.484260
2ac0eac9c4fbb32c5270547757d233b5030f8fed,"Intel(R) Core(TM) i5-8365U CPU @ 1.60GHz; linux/amd64","2.2.10","-d:release --mm:arc",WM,8,1000000,range,range_unchecked,40,11,152.846690
2ac0eac9c4fbb32c5270547757d233b5030f8fed,"Intel(R) Core(TM) i5-8365U CPU @ 1.60GHz; linux/amd64","2.2.10","-d:release --mm:arc",WM,8,1000000,range,range_unchecked,40,12,89.979530
2ac0eac9c4fbb32c5270547757d233b5030f8fed,"Intel(R) Core(TM) i5-8365U CPU @ 1.60GHz; linux/amd64","2.2.10","-d:release --mm:arc",WM,8,1000000,range,range_unchecked,40,13,110.134550
2ac0eac9c4fbb32c5270547757d233b5030f8fed,"Intel(R) Core(TM) i5-8365U CPU @ 1.60GHz; linux/amd64","2.2.10","-d:release --mm:arc",WM,8,1000000,range,range_unchecked,40,14,90.605560
2ac0eac9c4fbb32c5270547757d233b5030f8fed,"Intel(R) Core(TM) i5-8365U CPU @ 1.60GHz; linux/amd64","2.2.10","-d:release --mm:arc",WM,8,1000000,range,range_unchecked,40,15,93.404710
2ac0eac9c4fbb32c5270547757d233b5030f8fed,"Intel(R) Core(TM) i5-8365U CPU @ 1.60GHz; linux/amd64","2.2.10","-d:release --mm:arc",WM,8,1000000,range,range_unchecked,40,16,99.996030
2ac0eac9c4fbb32c5270547757d233b5030f8fed,"Intel(R) Core(TM) i5-8365U CPU @ 1.60GHz; linux/amd64","2.2.10","-d:release --mm:arc",WM,8,1000000,range,range_unchecked,40,17,96.040840
2ac0eac9c4fbb32c5270547757d233b5030f8fed,"Intel(R) Core(TM) i5-8365U CPU @ 1.60GHz; linux/amd64","2.2.10","-d:release --mm:arc",WM,8,1000000,range,range_unchecked,40,18,95.999840
2ac0eac9c4fbb32c5270547757d233b5030f8fed,"Intel(R) Core(TM) i5-8365U CPU @ 1.60GHz; linux/amd64","2.2.10","-d:release --mm:arc",WM,8,1000000,range,range_unchecked,40,19,92.650670
2ac0eac9c4fbb32c5270547757d233b5030f8fed,"Intel(R) Core(TM) i5-8365U CPU @ 1.60GHz; linux/amd64","2.2.10","-d:release --mm:arc",WM,8,1000000,range,range_unchecked,40,20,99.297000
2ac0eac9c4fbb32c5270547757d233b5030f8fed,"Intel(R) Core(TM) i5-8365U CPU @ 1.60GHz; linux/amd64","2.2.10","-d:release --mm:arc",WM,8,1000000,range,range_unchecked,40,21,95.730820
2ac0eac9c4fbb32c5270547757d233b5030f8fed,"Intel(R) Core(TM) i5-8365U CPU @ 1.60GHz; linux/amd64","2.2.10","-d:release --mm:arc",WM,8,1000000,range,access,50,1,449.391640
2ac0eac9c4fbb32c5270547757d233b5030f8fed,"Intel(R) Core(TM) i5-8365U CPU @ 1.60GHz; linux/amd64","2.2.10","-d:release --mm:arc",WM,8,1000000,range,access,50,2,470.203690
2ac0eac9c4fbb32c5270547757d233b5030f8fed,"Intel(R) Core(TM) i5-8365U CPU @ 1.60GHz; linux/amd64","2.2.10","-d:release --mm:arc",WM,8,1000000,range,access,50,3,573.527890
2ac0eac9c4fbb32c5270547757d233b5030f8fed,"Intel(R) Core(TM) i5-8365U CPU @ 1.60GHz; linux/amd64","2.2.10","-d:release --mm:arc",WM,8,1000000,range,access,50,4,427.957560
2ac0eac9c4fbb32c5270547757d233b5030f8fed,"Intel(R) Core(TM) i5-8365U CPU @ 1.60GHz; linux/amd64","2.2.10","-d:release --mm:arc",WM,8,1000000,range,access,50,5,458.692110
2ac0eac9c4fbb32c5270547757d233b5030f8fed,"Intel(R) Core(TM) i5-8365U CPU @ 1.60GHz; linux/amd64","2.2.10","-d:release --mm:arc",WM,8,1000000,range,access,50,6,445.003410
2ac0eac9c4fbb32c5270547757d233b5030f8fed,"Intel(R) Core(TM) i5-8365U CPU @ 1.60GHz; linux/amd64","2.2.10","-d:release --mm:arc",WM,8,1000000,range,access,50,7,424.509390
2ac0eac9c4fbb32c5270547757d233b5030f8fed,"Intel(R) Core(TM) i5-8365U CPU @ 1.60GHz; linux/amd64","2.2.10","-d:release --mm:arc",WM,8,1000000,range,access,50,8,461.646260
2ac0eac9c4fbb32c5270547757d233b5030f8fed,"Intel(R) Core(TM) i5-8365U CPU @ 1.60GHz; linux/amd64","2.2.10","-d:release --mm:arc",WM,8,1000000,range,access,50,9,465.898470
2ac0eac9c4fbb32c5270547757d233b5030f8fed,"Intel(R) Core(TM) i5-8365U CPU @ 1.60GHz; linux/amd64","2.2.10","-d:release --mm:arc",WM,8,1000000,range,access,50,10,482.791320
2ac0eac9c4fbb32c5270547757d233b5030f8fed,"Intel(R) Core(TM) i5-8365U CPU @ 1.60GHz; linux/amd64","2.2.10","-d:release --mm:arc",WM,8,1000000,range,access,50,11,426.348470
2ac0eac9c4fbb32c5270547757d233b5030f8fed,"Intel(R) Core(TM) i5-8365U CPU @ 1.60GHz; linux/amd64","2.2.10","-d:release --mm:arc",WM,8,1000000,range,access,50,12,548.639630
2ac0eac9c4fbb32c5270547757d233b5030f8fed,"Intel(R) Core(TM) i5-8365U CPU @ 1.60GHz; linux/amd64","2.2.10","-d:release --mm:arc",WM,8,1000000,range,access,50,13,434.753900
2ac0eac9c4fbb32c5270547757d233b5030f8fed,"Intel(R) Core(TM) i5-8365U CPU @ 1.60GHz; linux/amd64","2.2.10","-d:release --mm:arc",WM,8,1000000,range,access,50,14,444.730400
2ac0eac9c4fbb32c5270547757d233b5030f8fed,"Intel(R) Core(TM) i5-8365U CPU @ 1.60GHz; linux/amd64","2.2.10","-d:release --mm:arc",WM,8,1000000,range,access,50,15,410.571680
2ac0eac9c4fbb32c5270547757d233b5030f8fed,"Intel(R) Core(TM) i5-8365U CPU @ 1.60GHz; linux/amd64","2.2.10","-d:release --mm:arc",WM,8,1000000,range,access,50,16,448.415590
2ac0eac9c4fbb32c5270547757d233b5030f8fed,"Intel(R) Core(TM) i5-8365U CPU @ 1.60GHz; linux/amd64","2.2.10","-d:release --mm:arc",WM,8,1000000,range,access,50,17,421.290220
2ac0eac9c4fbb32c5270547757d233b5030f8fed,"Intel(R) Core(TM) i5-8365U CPU @ 1.60GHz; linux/amd64","2.2.10","-d:release --mm:arc",WM,8,1000000,range,access,50,18,419.236110
2ac0eac9c4fbb32c5270547757d233b5030f8fed,"Intel(R) Core(TM) i5-8365U CPU @ 1.60GHz; linux/amd64","2.2.10","-d:release --mm:arc",WM,8,1000000,range,access,50,19,437.109020
2ac0eac9c4fbb32c5270547757d233b5030f8fed,"Intel(R) Core(TM) i5-8365U CPU @ 1.60GHz; linux/amd64","2.2.10","-d:release --mm:arc",WM,8,1000000,range,access,50,20,513.174860
2ac0eac9c4fbb32c5270547757d233b5030f8fed,"Intel(R) Core(TM) i5-8365U CPU @ 1.60GHz; linux/amd64","2.2.10","-d:release --mm:arc",WM,8,1000000,range,access,50,21,430.793700
2ac0eac9c4fbb32c5270547757d233b5030f8fed,"Intel(R) Core(TM) i5-8365U CPU @ 1.60GHz; linux/amd64","2.2.10","-d:release --mm:arc",WM,8,1000000,range,range_unchecked,50,1,24.774250
2ac0eac9c4fbb32c5270547757d233b5030f8fed,"Intel(R) Core(TM) i5-8365U CPU @ 1.60GHz; linux/amd64","2.2.10","-d:release --mm:arc",WM,8,1000000,range,range_unchecked,50,2,24.166220
2ac0eac9c4fbb32c5270547757d233b5030f8fed,"Intel(R) Core(TM) i5-8365U CPU @ 1.60GHz; linux/amd64","2.2.10","-d:release --mm:arc",WM,8,1000000,range,range_unchecked,50,3,20.955050
2ac0eac9c4fbb32c5270547757d233b5030f8fed,"Intel(R) Core(TM) i5-8365U CPU @ 1.60GHz; linux/amd64","2.2.10","-d:release --mm:arc",WM,8,1000000,range,range_unchecked,50,4,19.195970
2ac0eac9c4fbb32c5270547757d233b5030f8fed,"Intel(R) Core(TM) i5-8365U CPU @ 1.60GHz; linux/amd64","2.2.10","-d:release --mm:arc",WM,8,1000000,range,range_unchecked,50,5,19.635990
2ac0eac9c4fbb32c5270547757d233b5030f8fed,"Intel(R) Core(TM) i5-8365U CPU @ 1.60GHz; linux/amd64","2.2.10","-d:release --mm:arc",WM,8,1000000,range,range_unchecked,50,6,20.632040
2ac0eac9c4fbb32c5270547757d233b5030f8fed,"Intel(R) Core(TM) i5-8365U CPU @ 1.60GHz; linux/amd64","2.2.10","-d:release --mm:arc",WM,8,1000000,range,range_unchecked,50,7,19.442980
2ac0eac9c4fbb32c5270547757d233b5030f8fed,"Intel(R) Core(TM) i5-8365U CPU @ 1.60GHz; linux/amd64","2.2.10","-d:release --mm:arc",WM,8,1000000,range,range_unchecked,50,8,19.631990
2ac0eac9c4fbb32c5270547757d233b5030f8fed,"Intel(R) Core(TM) i5-8365U CPU @ 1.60GHz; linux/amd64","2.2.10","-d:release --mm:arc",WM,8,1000000,range,range_unchecked,50,9,21.163060
2ac0eac9c4fbb32c5270547757d233b5030f8fed,"Intel(R) Core(TM) i5-8365U CPU @ 1.60GHz; linux/amd64","2.2.10","-d:release --mm:arc",WM,8,1000000,range,range_unchecked,50,10,19.992010
2ac0eac9c4fbb32c5270547757d233b5030f8fed,"Intel(R) Core(TM) i5-8365U CPU @ 1.60GHz; linux/amd64","2.2.10","-d:release --mm:arc",WM,8,1000000,range,range_unchecked,50,11,19.253970
2ac0eac9c4fbb32c5270547757d233b5030f8fed,"Intel(R) Core(TM) i5-8365U CPU @ 1.60GHz; linux/amd64","2.2.10","-d:release --mm:arc",WM,8,1000000,range,range_unchecked,50,12,19.057960
2ac0eac9c4fbb32c5270547757d233b5030f8fed,"Intel(R) Core(TM) i5-8365U CPU @ 1.60GHz; linux/amd64","2.2.10","-d:release --mm:arc",WM,8,1000000,range,range_unchecked,50,13,19.504980
2ac0eac9c4fbb32c5270547757d233b5030f8fed,"Intel(R) Core(TM) i5-8365U CPU @ 1.60GHz; linux/amd64","2.2.10","-d:release --mm:arc",WM,8,1000000,range,range_unchecked,50,14,19.808000
2ac0eac9c4fbb32c5270547757d233b5030f8fed,"Intel(R) Core(TM) i5-8365U CPU @ 1.60GHz; linux/amd64","2.2.10","-d:release --mm:arc",WM,8,1000000,range,range_unchecked,50,15,21.785100
2ac0eac9c4fbb32c5270547757d233b5030f8fed,"Intel(R) Core(TM) i5-8365U CPU @ 1.60GHz; linux/amd64","2.2.10","-d:release --mm:arc",WM,8,1000000,range,range_unchecked,50,16,21.982110
2ac0eac9c4fbb32c5270547757d233b5030f8fed,"Intel(R) Core(TM) i5-8365U CPU @ 1.60GHz; linux/amd64","2.2.10","-d:release --mm:arc",WM,8,1000000,range,range_unchecked,50,17,21.673090
2ac0eac9c4fbb32c5270547757d233b5030f8fed,"Intel(R) Core(TM) i5-8365U CPU @ 1.60GHz; linux/amd64","2.2.10","-d:release --mm:arc",WM,8,1000000,range,range_unchecked,50,18,21.768090
2ac0eac9c4fbb32c5270547757d233b5030f8fed,"Intel(R) Core(TM) i5-8365U CPU @ 1.60GHz; linux/amd64","2.2.10","-d:release --mm:arc",WM,8,1000000,range,range_unchecked,50,19,20.284020
2ac0eac9c4fbb32c5270547757d233b5030f8fed,"Intel(R) Core(TM) i5-8365U CPU @ 1.60GHz; linux/amd64","2.2.10","-d:release --mm:arc",WM,8,1000000,range,range_unchecked,50,20,19.216970
2ac0eac9c4fbb32c5270547757d233b5030f8fed,"Intel(R) Core(TM) i5-8365U CPU @ 1.60GHz; linux/amd64","2.2.10","-d:release --mm:arc",WM,8,1000000,range,range_unchecked,50,21,19.263970
2ac0eac9c4fbb32c5270547757d233b5030f8fed,"Intel(R) Core(TM) i5-8365U CPU @ 1.60GHz; linux/amd64","2.2.10","-d:release --mm:arc",WM,8,1000000,range,access,75,1,470.615710
2ac0eac9c4fbb32c5270547757d233b5030f8fed,"Intel(R) Core(TM) i5-8365U CPU @ 1.60GHz; linux/amd64","2.2.10","-d:release --mm:arc",WM,8,1000000,range,access,75,2,440.549200
2ac0eac9c4fbb32c5270547757d233b5030f8fed,"Intel(R) Core(TM) i5-8365U CPU @ 1.60GHz; linux/amd64","2.2.10","-d:release --mm:arc",WM,8,1000000,range,access,75,3,442.382280
2ac0eac9c4fbb32c5270547757d233b5030f8fed,"Intel(R) Core(TM) i5-8365U CPU @ 1.60GHz; linux/amd64","2.2.10","-d:release --mm:arc",WM,8,1000000,range,access,75,4,431.815750
2ac0eac9c4fbb32c5270547757d233b5030f8fed,"Intel(R) Core(TM) i5-8365U CPU @ 1.60GHz; linux/amd64","2.2.10","-d:release --mm:arc",WM,8,1000000,range,access,75,5,483.274350
2ac0eac9c4fbb32c5270547757d233b5030f8fed,"Intel(R) Core(TM) i5-8365U CPU @ 1.60GHz; linux/amd64","2.2.10","-d:release --mm:arc",WM,8,1000000,range,access,75,6,430.441680
2ac0eac9c4fbb32c5270547757d233b5030f8fed,"Intel(R) Core(TM) i5-8365U CPU @ 1.60GHz; linux/amd64","2.2.10","-d:release --mm:arc",WM,8,1000000,range,access,75,7,523.148360
2ac0eac9c4fbb32c5270547757d233b5030f8fed,"Intel(R) Core(TM) i5-8365U CPU @ 1.60GHz; linux/amd64","2.2.10","-d:release --mm:arc",WM,8,1000000,range,access,75,8,432.113770
2ac0eac9c4fbb32c5270547757d233b5030f8fed,"Intel(R) Core(TM) i5-8365U CPU @ 1.60GHz; linux/amd64","2.2.10","-d:release --mm:arc",WM,8,1000000,range,access,75,9,481.714260
2ac0eac9c4fbb32c5270547757d233b5030f8fed,"Intel(R) Core(TM) i5-8365U CPU @ 1.60GHz; linux/amd64","2.2.10","-d:release --mm:arc",WM,8,1000000,range,access,75,10,459.418150
2ac0eac9c4fbb32c5270547757d233b5030f8fed,"Intel(R) Core(TM) i5-8365U CPU @ 1.60GHz; linux/amd64","2.2.10","-d:release --mm:arc",WM,8,1000000,range,access,75,11,431.373730
2ac0eac9c4fbb32c5270547757d233b5030f8fed,"Intel(R) Core(TM) i5-8365U CPU @ 1.60GHz; linux/amd64","2.2.10","-d:release --mm:arc",WM,8,1000000,range,access,75,12,459.451140
2ac0eac9c4fbb32c5270547757d233b5030f8fed,"Intel(R) Core(TM) i5-8365U CPU @ 1.60GHz; linux/amd64","2.2.10","-d:release --mm:arc",WM,8,1000000,range,access,75,13,438.167080
2ac0eac9c4fbb32c5270547757d233b5030f8fed,"Intel(R) Core(TM) i5-8365U CPU @ 1.60GHz; linux/amd64","2.2.10","-d:release --mm:arc",WM,8,1000000,range,access,75,14,453.238830
2ac0eac9c4fbb32c5270547757d233b5030f8fed,"Intel(R) Core(TM) i5-8365U CPU @ 1.60GHz; linux/amd64","2.2.10","-d:release --mm:arc",WM,8,1000000,range,access,75,15,441.829260
2ac0eac9c4fbb32c5270547757d233b5030f8fed,"Intel(R) Core(TM) i5-8365U CPU @ 1.60GHz; linux/amd64","2.2.10","-d:release --mm:arc",WM,8,1000000,range,access,75,16,437.620040
2ac0eac9c4fbb32c5270547757d233b5030f8fed,"Intel(R) Core(TM) i5-8365U CPU @ 1.60GHz; linux/amd64","2.2.10","-d:release --mm:arc",WM,8,1000000,range,access,75,17,414.984910
2ac0eac9c4fbb32c5270547757d233b5030f8fed,"Intel(R) Core(TM) i5-8365U CPU @ 1.60GHz; linux/amd64","2.2.10","-d:release --mm:arc",WM,8,1000000,range,access,75,18,398.102050
2ac0eac9c4fbb32c5270547757d233b5030f8fed,"Intel(R) Core(TM) i5-8365U CPU @ 1.60GHz; linux/amd64","2.2.10","-d:release --mm:arc",WM,8,1000000,range,access,75,19,459.975180
2ac0eac9c4fbb32c5270547757d233b5030f8fed,"Intel(R) Core(TM) i5-8365U CPU @ 1.60GHz; linux/amd64","2.2.10","-d:release --mm:arc",WM,8,1000000,range,access,75,20,430.317670
2ac0eac9c4fbb32c5270547757d233b5030f8fed,"Intel(R) Core(TM) i5-8365U CPU @ 1.60GHz; linux/amd64","2.2.10","-d:release --mm:arc",WM,8,1000000,range,access,75,21,428.359580
2ac0eac9c4fbb32c5270547757d233b5030f8fed,"Intel(R) Core(TM) i5-8365U CPU @ 1.60GHz; linux/amd64","2.2.10","-d:release --mm:arc",WM,8,1000000,range,range_unchecked,75,1,40.219030
2ac0eac9c4fbb32c5270547757d233b5030f8fed,"Intel(R) Core(TM) i5-8365U CPU @ 1.60GHz; linux/amd64","2.2.10","-d:release --mm:arc",WM,8,1000000,range,range_unchecked,75,2,39.838010
2ac0eac9c4fbb32c5270547757d233b5030f8fed,"Intel(R) Core(TM) i5-8365U CPU @ 1.60GHz; linux/amd64","2.2.10","-d:release --mm:arc",WM,8,1000000,range,range_unchecked,75,3,40.252030
2ac0eac9c4fbb32c5270547757d233b5030f8fed,"Intel(R) Core(TM) i5-8365U CPU @ 1.60GHz; linux/amd64","2.2.10","-d:release --mm:arc",WM,8,1000000,range,range_unchecked,75,4,50.034520
2ac0eac9c4fbb32c5270547757d233b5030f8fed,"Intel(R) Core(TM) i5-8365U CPU @ 1.60GHz; linux/amd64","2.2.10","-d:release --mm:arc",WM,8,1000000,range,range_unchecked,75,5,47.619400
2ac0eac9c4fbb32c5270547757d233b5030f8fed,"Intel(R) Core(TM) i5-8365U CPU @ 1.60GHz; linux/amd64","2.2.10","-d:release --mm:arc",WM,8,1000000,range,range_unchecked,75,6,40.318030
2ac0eac9c4fbb32c5270547757d233b5030f8fed,"Intel(R) Core(TM) i5-8365U CPU @ 1.60GHz; linux/amd64","2.2.10","-d:release --mm:arc",WM,8,1000000,range,range_unchecked,75,7,43.554190
2ac0eac9c4fbb32c5270547757d233b5030f8fed,"Intel(R) Core(TM) i5-8365U CPU @ 1.60GHz; linux/amd64","2.2.10","-d:release --mm:arc",WM,8,1000000,range,range_unchecked,75,8,41.352090
2ac0eac9c4fbb32c5270547757d233b5030f8fed,"Intel(R) Core(TM) i5-8365U CPU @ 1.60GHz; linux/amd64","2.2.10","-d:release --mm:arc",WM,8,1000000,range,range_unchecked,75,9,40.023010
2ac0eac9c4fbb32c5270547757d233b5030f8fed,"Intel(R) Core(TM) i5-8365U CPU @ 1.60GHz; linux/amd64","2.2.10","-d:release --mm:arc",WM,8,1000000,range,range_unchecked,75,10,39.972020
2ac0eac9c4fbb32c5270547757d233b5030f8fed,"Intel(R) Core(TM) i5-8365U CPU @ 1.60GHz; linux/amd64","2.2.10","-d:release --mm:arc",WM,8,1000000,range,range_unchecked,75,11,40.495040
2ac0eac9c4fbb32c5270547757d233b5030f8fed,"Intel(R) Core(TM) i5-8365U CPU @ 1.60GHz; linux/amd64","2.2.10","-d:release --mm:arc",WM,8,1000000,range,range_unchecked,75,12,49.550490
2ac0eac9c4fbb32c5270547757d233b5030f8fed,"Intel(R) Core(TM) i5-8365U CPU @ 1.60GHz; linux/amd64","2.2.10","-d:release --mm:arc",WM,8,1000000,range,range_unchecked,75,13,43.081170
2ac0eac9c4fbb32c5270547757d233b5030f8fed,"Intel(R) Core(TM) i5-8365U CPU @ 1.60GHz; linux/amd64","2.2.10","-d:release --mm:arc",WM,8,1000000,range,range_unchecked,75,14,39.254980
2ac0eac9c4fbb32c5270547757d233b5030f8fed,"Intel(R) Core(TM) i5-8365U CPU @ 1.60GHz; linux/amd64","2.2.10","-d:release --mm:arc",WM,8,1000000,range,range_unchecked,75,15,40.792060
2ac0eac9c4fbb32c5270547757d233b5030f8fed,"Intel(R) Core(TM) i5-8365U CPU @ 1.60GHz; linux/amd64","2.2.10","-d:release --mm:arc",WM,8,1000000,range,range_unchecked,75,16,64.035220
2ac0eac9c4fbb32c5270547757d233b5030f8fed,"Intel(R) Core(TM) i5-8365U CPU @ 1.60GHz; linux/amd64","2.2.10","-d:release --mm:arc",WM,8,1000000,range,range_unchecked,75,17,53.846710
2ac0eac9c4fbb32c5270547757d233b5030f8fed,"Intel(R) Core(TM) i5-8365U CPU @ 1.60GHz; linux/amd64","2.2.10","-d:release --mm:arc",WM,8,1000000,range,range_unchecked,75,18,41.982110
2ac0eac9c4fbb32c5270547757d233b5030f8fed,"Intel(R) Core(TM) i5-8365U CPU @ 1.60GHz; linux/amd64","2.2.10","-d:release --mm:arc",WM,8,1000000,range,range_unchecked,75,19,43.367180
2ac0eac9c4fbb32c5270547757d233b5030f8fed,"Intel(R) Core(TM) i5-8365U CPU @ 1.60GHz; linux/amd64","2.2.10","-d:release --mm:arc",WM,8,1000000,range,range_unchecked,75,20,43.035160
2ac0eac9c4fbb32c5270547757d233b5030f8fed,"Intel(R) Core(TM) i5-8365U CPU @ 1.60GHz; linux/amd64","2.2.10","-d:release --mm:arc",WM,8,1000000,range,range_unchecked,75,21,41.996120
2ac0eac9c4fbb32c5270547757d233b5030f8fed,"Intel(R) Core(TM) i5-8365U CPU @ 1.60GHz; linux/amd64","2.2.10","-d:release --mm:arc",WM,8,1000000,range,access,90,1,446.789510
2ac0eac9c4fbb32c5270547757d233b5030f8fed,"Intel(R) Core(TM) i5-8365U CPU @ 1.60GHz; linux/amd64","2.2.10","-d:release --mm:arc",WM,8,1000000,range,access,90,2,436.968010
2ac0eac9c4fbb32c5270547757d233b5030f8fed,"Intel(R) Core(TM) i5-8365U CPU @ 1.60GHz; linux/amd64","2.2.10","-d:release --mm:arc",WM,8,1000000,range,access,90,3,430.146670
2ac0eac9c4fbb32c5270547757d233b5030f8fed,"Intel(R) Core(TM) i5-8365U CPU @ 1.60GHz; linux/amd64","2.2.10","-d:release --mm:arc",WM,8,1000000,range,access,90,4,418.025060
2ac0eac9c4fbb32c5270547757d233b5030f8fed,"Intel(R) Core(TM) i5-8365U CPU @ 1.60GHz; linux/amd64","2.2.10","-d:release --mm:arc",WM,8,1000000,range,access,90,5,480.039180
2ac0eac9c4fbb32c5270547757d233b5030f8fed,"Intel(R) Core(TM) i5-8365U CPU @ 1.60GHz; linux/amd64","2.2.10","-d:release --mm:arc",WM,8,1000000,range,access,90,6,483.618370
2ac0eac9c4fbb32c5270547757d233b5030f8fed,"Intel(R) Core(TM) i5-8365U CPU @ 1.60GHz; linux/amd64","2.2.10","-d:release --mm:arc",WM,8,1000000,range,access,90,7,486.795520
2ac0eac9c4fbb32c5270547757d233b5030f8fed,"Intel(R) Core(TM) i5-8365U CPU @ 1.60GHz; linux/amd64","2.2.10","-d:release --mm:arc",WM,8,1000000,range,access,90,8,523.444370
2ac0eac9c4fbb32c5270547757d233b5030f8fed,"Intel(R) Core(TM) i5-8365U CPU @ 1.60GHz; linux/amd64","2.2.10","-d:release --mm:arc",WM,8,1000000,range,access,90,9,506.616520
2ac0eac9c4fbb32c5270547757d233b5030f8fed,"Intel(R) Core(TM) i5-8365U CPU @ 1.60GHz; linux/amd64","2.2.10","-d:release --mm:arc",WM,8,1000000,range,access,90,10,450.715710
2ac0eac9c4fbb32c5270547757d233b5030f8fed,"Intel(R) Core(TM) i5-8365U CPU @ 1.60GHz; linux/amd64","2.2.10","-d:release --mm:arc",WM,8,1000000,range,access,90,11,422.321270
2ac0eac9c4fbb32c5270547757d233b5030f8fed,"Intel(R) Core(TM) i5-8365U CPU @ 1.60GHz; linux/amd64","2.2.10","-d:release --mm:arc",WM,8,1000000,range,access,90,12,504.439410
2ac0eac9c4fbb32c5270547757d233b5030f8fed,"Intel(R) Core(TM) i5-8365U CPU @ 1.60GHz; linux/amd64","2.2.10","-d:release --mm:arc",WM,8,1000000,range,access,90,13,451.255740
2ac0eac9c4fbb32c5270547757d233b5030f8fed,"Intel(R) Core(TM) i5-8365U CPU @ 1.60GHz; linux/amd64","2.2.10","-d:release --mm:arc",WM,8,1000000,range,access,90,14,438.343080
2ac0eac9c4fbb32c5270547757d233b5030f8fed,"Intel(R) Core(TM) i5-8365U CPU @ 1.60GHz; linux/amd64","2.2.10","-d:release --mm:arc",WM,8,1000000,range,access,90,15,421.427230
2ac0eac9c4fbb32c5270547757d233b5030f8fed,"Intel(R) Core(TM) i5-8365U CPU @ 1.60GHz; linux/amd64","2.2.10","-d:release --mm:arc",WM,8,1000000,range,access,90,16,429.617640
2ac0eac9c4fbb32c5270547757d233b5030f8fed,"Intel(R) Core(TM) i5-8365U CPU @ 1.60GHz; linux/amd64","2.2.10","-d:release --mm:arc",WM,8,1000000,range,access,90,17,458.402090
2ac0eac9c4fbb32c5270547757d233b5030f8fed,"Intel(R) Core(TM) i5-8365U CPU @ 1.60GHz; linux/amd64","2.2.10","-d:release --mm:arc",WM,8,1000000,range,access,90,18,522.284310
2ac0eac9c4fbb32c5270547757d233b5030f8fed,"Intel(R) Core(TM) i5-8365U CPU @ 1.60GHz; linux/amd64","2.2.10","-d:release --mm:arc",WM,8,1000000,range,access,90,19,504.440420
2ac0eac9c4fbb32c5270547757d233b5030f8fed,"Intel(R) Core(TM) i5-8365U CPU @ 1.60GHz; linux/amd64","2.2.10","-d:release --mm:arc",WM,8,1000000,range,access,90,20,421.227220
2ac0eac9c4fbb32c5270547757d233b5030f8fed,"Intel(R) Core(TM) i5-8365U CPU @ 1.60GHz; linux/amd64","2.2.10","-d:release --mm:arc",WM,8,1000000,range,access,90,21,476.658010
2ac0eac9c4fbb32c5270547757d233b5030f8fed,"Intel(R) Core(TM) i5-8365U CPU @ 1.60GHz; linux/amd64","2.2.10","-d:release --mm:arc",WM,8,1000000,range,range_unchecked,90,1,66.249330
2ac0eac9c4fbb32c5270547757d233b5030f8fed,"Intel(R) Core(TM) i5-8365U CPU @ 1.60GHz; linux/amd64","2.2.10","-d:release --mm:arc",WM,8,1000000,range,range_unchecked,90,2,70.118540
2ac0eac9c4fbb32c5270547757d233b5030f8fed,"Intel(R) Core(TM) i5-8365U CPU @ 1.60GHz; linux/amd64","2.2.10","-d:release --mm:arc",WM,8,1000000,range,range_unchecked,90,3,83.062180
2ac0eac9c4fbb32c5270547757d233b5030f8fed,"Intel(R) Core(TM) i5-8365U CPU @ 1.60GHz; linux/amd64","2.2.10","-d:release --mm:arc",WM,8,1000000,range,range_unchecked,90,4,67.267390
2ac0eac9c4fbb32c5270547757d233b5030f8fed,"Intel(R) Core(TM) i5-8365U CPU @ 1.60GHz; linux/amd64","2.2.10","-d:release --mm:arc",WM,8,1000000,range,range_unchecked,90,5,72.473650
2ac0eac9c4fbb32c5270547757d233b5030f8fed,"Intel(R) Core(TM) i5-8365U CPU @ 1.60GHz; linux/amd64","2.2.10","-d:release --mm:arc",WM,8,1000000,range,range_unchecked,90,6,66.015330
2ac0eac9c4fbb32c5270547757d233b5030f8fed,"Intel(R) Core(TM) i5-8365U CPU @ 1.60GHz; linux/amd64","2.2.10","-d:release --mm:arc",WM,8,1000000,range,range_unchecked,90,7,94.853780
2ac0eac9c4fbb32c5270547757d233b5030f8fed,"Intel(R) Core(TM) i5-8365U CPU @ 1.60GHz; linux/amd64","2.2.10","-d:release --mm:arc",WM,8,1000000,range,range_unchecked,90,8,69.702510
2ac0eac9c4fbb32c5270547757d233b5030f8fed,"Intel(R) Core(TM) i5-8365U CPU @ 1.60GHz; linux/amd64","2.2.10","-d:release --mm:arc",WM,8,1000000,range,range_unchecked,90,9,74.964770
2ac0eac9c4fbb32c5270547757d233b5030f8fed,"Intel(R) Core(TM) i5-8365U CPU @ 1.60GHz; linux/amd64","2.2.10","-d:release --mm:arc",WM,8,1000000,range,range_unchecked,90,10,69.090490
2ac0eac9c4fbb32c5270547757d233b5030f8fed,"Intel(R) Core(TM) i5-8365U CPU @ 1.60GHz; linux/amd64","2.2.10","-d:release --mm:arc",WM,8,1000000,range,range_unchecked,90,11,64.486240
2ac0eac9c4fbb32c5270547757d233b5030f8fed,"Intel(R) Core(TM) i5-8365U CPU @ 1.60GHz; linux/amd64","2.2.10","-d:release --mm:arc",WM,8,1000000,range,range_unchecked,90,12,64.113230
2ac0eac9c4fbb32c5270547757d233b5030f8fed,"Intel(R) Core(TM) i5-8365U CPU @ 1.60GHz; linux/amd64","2.2.10","-d:release --mm:arc",WM,8,1000000,range,range_unchecked,90,13,64.179240
2ac0eac9c4fbb32c5270547757d233b5030f8fed,"Intel(R) Core(TM) i5-8365U CPU @ 1.60GHz; linux/amd64","2.2.10","-d:release --mm:arc",WM,8,1000000,range,range_unchecked,90,14,82.648160
2ac0eac9c4fbb32c5270547757d233b5030f8fed,"Intel(R) Core(TM) i5-8365U CPU @ 1.60GHz; linux/amd64","2.2.10","-d:release --mm:arc",WM,8,1000000,range,range_unchecked,90,15,70.034530
2ac0eac9c4fbb32c5270547757d233b5030f8fed,"Intel(R) Core(TM) i5-8365U CPU @ 1.60GHz; linux/amd64","2.2.10","-d:release --mm:arc",WM,8,1000000,range,range_unchecked,90,16,65.595300
2ac0eac9c4fbb32c5270547757d233b5030f8fed,"Intel(R) Core(TM) i5-8365U CPU @ 1.60GHz; linux/amd64","2.2.10","-d:release --mm:arc",WM,8,1000000,range,range_unchecked,90,17,64.654260
2ac0eac9c4fbb32c5270547757d233b5030f8fed,"Intel(R) Core(TM) i5-8365U CPU @ 1.60GHz; linux/amd64","2.2.10","-d:release --mm:arc",WM,8,1000000,range,range_unchecked,90,18,64.913270
2ac0eac9c4fbb32c5270547757d233b5030f8fed,"Intel(R) Core(TM) i5-8365U CPU @ 1.60GHz; linux/amd64","2.2.10","-d:release --mm:arc",WM,8,1000000,range,range_unchecked,90,19,84.834270
2ac0eac9c4fbb32c5270547757d233b5030f8fed,"Intel(R) Core(TM) i5-8365U CPU @ 1.60GHz; linux/amd64","2.2.10","-d:release --mm:arc",WM,8,1000000,range,range_unchecked,90,20,65.081270
2ac0eac9c4fbb32c5270547757d233b5030f8fed,"Intel(R) Core(TM) i5-8365U CPU @ 1.60GHz; linux/amd64","2.2.10","-d:release --mm:arc",WM,8,1000000,range,range_unchecked,90,21,65.970330
2ac0eac9c4fbb32c5270547757d233b5030f8fed,"Intel(R) Core(TM) i5-8365U CPU @ 1.60GHz; linux/amd64","2.2.10","-d:release --mm:arc",WM,8,1000000,range,access,100,1,444.217380
2ac0eac9c4fbb32c5270547757d233b5030f8fed,"Intel(R) Core(TM) i5-8365U CPU @ 1.60GHz; linux/amd64","2.2.10","-d:release --mm:arc",WM,8,1000000,range,access,100,2,410.171660
2ac0eac9c4fbb32c5270547757d233b5030f8fed,"Intel(R) Core(TM) i5-8365U CPU @ 1.60GHz; linux/amd64","2.2.10","-d:release --mm:arc",WM,8,1000000,range,access,100,3,432.209780
2ac0eac9c4fbb32c5270547757d233b5030f8fed,"Intel(R) Core(TM) i5-8365U CPU @ 1.60GHz; linux/amd64","2.2.10","-d:release --mm:arc",WM,8,1000000,range,access,100,4,475.794970
2ac0eac9c4fbb32c5270547757d233b5030f8fed,"Intel(R) Core(TM) i5-8365U CPU @ 1.60GHz; linux/amd64","2.2.10","-d:release --mm:arc",WM,8,1000000,range,access,100,5,474.643910
2ac0eac9c4fbb32c5270547757d233b5030f8fed,"Intel(R) Core(TM) i5-8365U CPU @ 1.60GHz; linux/amd64","2.2.10","-d:release --mm:arc",WM,8,1000000,range,access,100,6,456.442990
2ac0eac9c4fbb32c5270547757d233b5030f8fed,"Intel(R) Core(TM) i5-8365U CPU @ 1.60GHz; linux/amd64","2.2.10","-d:release --mm:arc",WM,8,1000000,range,access,100,7,468.608610
2ac0eac9c4fbb32c5270547757d233b5030f8fed,"Intel(R) Core(TM) i5-8365U CPU @ 1.60GHz; linux/amd64","2.2.10","-d:release --mm:arc",WM,8,1000000,range,access,100,8,432.133770
2ac0eac9c4fbb32c5270547757d233b5030f8fed,"Intel(R) Core(TM) i5-8365U CPU @ 1.60GHz; linux/amd64","2.2.10","-d:release --mm:arc",WM,8,1000000,range,access,100,9,465.915470
2ac0eac9c4fbb32c5270547757d233b5030f8fed,"Intel(R) Core(TM) i5-8365U CPU @ 1.60GHz; linux/amd64","2.2.10","-d:release --mm:arc",WM,8,1000000,range,access,100,10,426.674490
2ac0eac9c4fbb32c5270547757d233b5030f8fed,"Intel(R) Core(TM) i5-8365U CPU @ 1.60GHz; linux/amd64","2.2.10","-d:release --mm:arc",WM,8,1000000,range,access,100,11,420.252170
2ac0eac9c4fbb32c5270547757d233b5030f8fed,"Intel(R) Core(TM) i5-8365U CPU @ 1.60GHz; linux/amd64","2.2.10","-d:release --mm:arc",WM,8,1000000,range,access,100,12,413.882850
2ac0eac9c4fbb32c5270547757d233b5030f8fed,"Intel(R) Core(TM) i5-8365U CPU @ 1.60GHz; linux/amd64","2.2.10","-d:release --mm:arc",WM,8,1000000,range,access,100,13,507.658870
2ac0eac9c4fbb32c5270547757d233b5030f8fed,"Intel(R) Core(TM) i5-8365U CPU @ 1.60GHz; linux/amd64","2.2.10","-d:release --mm:arc",WM,8,1000000,range,access,100,14,437.515460
2ac0eac9c4fbb32c5270547757d233b5030f8fed,"Intel(R) Core(TM) i5-8365U CPU @ 1.60GHz; linux/amd64","2.2.10","-d:release --mm:arc",WM,8,1000000,range,access,100,15,429.272010
2ac0eac9c4fbb32c5270547757d233b5030f8fed,"Intel(R) Core(TM) i5-8365U CPU @ 1.60GHz; linux/amd64","2.2.10","-d:release --mm:arc",WM,8,1000000,range,access,100,16,419.541490
2ac0eac9c4fbb32c5270547757d233b5030f8fed,"Intel(R) Core(TM) i5-8365U CPU @ 1.60GHz; linux/amd64","2.2.10","-d:release --mm:arc",WM,8,1000000,range,access,100,17,419.001460
2ac0eac9c4fbb32c5270547757d233b5030f8fed,"Intel(R) Core(TM) i5-8365U CPU @ 1.60GHz; linux/amd64","2.2.10","-d:release --mm:arc",WM,8,1000000,range,access,100,18,405.315730
2ac0eac9c4fbb32c5270547757d233b5030f8fed,"Intel(R) Core(TM) i5-8365U CPU @ 1.60GHz; linux/amd64","2.2.10","-d:release --mm:arc",WM,8,1000000,range,access,100,19,401.911540
2ac0eac9c4fbb32c5270547757d233b5030f8fed,"Intel(R) Core(TM) i5-8365U CPU @ 1.60GHz; linux/amd64","2.2.10","-d:release --mm:arc",WM,8,1000000,range,access,100,20,443.864800
2ac0eac9c4fbb32c5270547757d233b5030f8fed,"Intel(R) Core(TM) i5-8365U CPU @ 1.60GHz; linux/amd64","2.2.10","-d:release --mm:arc",WM,8,1000000,range,access,100,21,416.978350
2ac0eac9c4fbb32c5270547757d233b5030f8fed,"Intel(R) Core(TM) i5-8365U CPU @ 1.60GHz; linux/amd64","2.2.10","-d:release --mm:arc",WM,8,1000000,range,range_unchecked,100,1,7.502400
2ac0eac9c4fbb32c5270547757d233b5030f8fed,"Intel(R) Core(TM) i5-8365U CPU @ 1.60GHz; linux/amd64","2.2.10","-d:release --mm:arc",WM,8,1000000,range,range_unchecked,100,2,7.413400
2ac0eac9c4fbb32c5270547757d233b5030f8fed,"Intel(R) Core(TM) i5-8365U CPU @ 1.60GHz; linux/amd64","2.2.10","-d:release --mm:arc",WM,8,1000000,range,range_unchecked,100,3,7.417400
2ac0eac9c4fbb32c5270547757d233b5030f8fed,"Intel(R) Core(TM) i5-8365U CPU @ 1.60GHz; linux/amd64","2.2.10","-d:release --mm:arc",WM,8,1000000,range,range_unchecked,100,4,7.382390
2ac0eac9c4fbb32c5270547757d233b5030f8fed,"Intel(R) Core(TM) i5-8365U CPU @ 1.60GHz; linux/amd64","2.2.10","-d:release --mm:arc",WM,8,1000000,range,range_unchecked,100,5,7.548410
2ac0eac9c4fbb32c5270547757d233b5030f8fed,"Intel(R) Core(TM) i5-8365U CPU @ 1.60GHz; linux/amd64","2.2.10","-d:release --mm:arc",WM,8,1000000,range,range_unchecked,100,6,7.366390
2ac0eac9c4fbb32c5270547757d233b5030f8fed,"Intel(R) Core(TM) i5-8365U CPU @ 1.60GHz; linux/amd64","2.2.10","-d:release --mm:arc",WM,8,1000000,range,range_unchecked,100,7,7.383400
2ac0eac9c4fbb32c5270547757d233b5030f8fed,"Intel(R) Core(TM) i5-8365U CPU @ 1.60GHz; linux/amd64","2.2.10","-d:release --mm:arc",WM,8,1000000,range,range_unchecked,100,8,7.411390
2ac0eac9c4fbb32c5270547757d233b5030f8fed,"Intel(R) Core(TM) i5-8365U CPU @ 1.60GHz; linux/amd64","2.2.10","-d:release --mm:arc",WM,8,1000000,range,range_unchecked,100,9,7.395400
2ac0eac9c4fbb32c5270547757d233b5030f8fed,"Intel(R) Core(TM) i5-8365U CPU @ 1.60GHz; linux/amd64","2.2.10","-d:release --mm:arc",WM,8,1000000,range,range_unchecked,100,10,7.394400
2ac0eac9c4fbb32c5270547757d233b5030f8fed,"Intel(R) Core(TM) i5-8365U CPU @ 1.60GHz; linux/amd64","2.2.10","-d:release --mm:arc",WM,8,1000000,range,range_unchecked,100,11,9.795520
2ac0eac9c4fbb32c5270547757d233b5030f8fed,"Intel(R) Core(TM) i5-8365U CPU @ 1.60GHz; linux/amd64","2.2.10","-d:release --mm:arc",WM,8,1000000,range,range_unchecked,100,12,11.264610
2ac0eac9c4fbb32c5270547757d233b5030f8fed,"Intel(R) Core(TM) i5-8365U CPU @ 1.60GHz; linux/amd64","2.2.10","-d:release --mm:arc",WM,8,1000000,range,range_unchecked,100,13,7.418390
2ac0eac9c4fbb32c5270547757d233b5030f8fed,"Intel(R) Core(TM) i5-8365U CPU @ 1.60GHz; linux/amd64","2.2.10","-d:release --mm:arc",WM,8,1000000,range,range_unchecked,100,14,7.353400
2ac0eac9c4fbb32c5270547757d233b5030f8fed,"Intel(R) Core(TM) i5-8365U CPU @ 1.60GHz; linux/amd64","2.2.10","-d:release --mm:arc",WM,8,1000000,range,range_unchecked,100,15,7.772420
2ac0eac9c4fbb32c5270547757d233b5030f8fed,"Intel(R) Core(TM) i5-8365U CPU @ 1.60GHz; linux/amd64","2.2.10","-d:release --mm:arc",WM,8,1000000,range,range_unchecked,100,16,7.352390
2ac0eac9c4fbb32c5270547757d233b5030f8fed,"Intel(R) Core(TM) i5-8365U CPU @ 1.60GHz; linux/amd64","2.2.10","-d:release --mm:arc",WM,8,1000000,range,range_unchecked,100,17,7.375400
2ac0eac9c4fbb32c5270547757d233b5030f8fed,"Intel(R) Core(TM) i5-8365U CPU @ 1.60GHz; linux/amd64","2.2.10","-d:release --mm:arc",WM,8,1000000,range,range_unchecked,100,18,7.476400
2ac0eac9c4fbb32c5270547757d233b5030f8fed,"Intel(R) Core(TM) i5-8365U CPU @ 1.60GHz; linux/amd64","2.2.10","-d:release --mm:arc",WM,8,1000000,range,range_unchecked,100,19,7.611400
2ac0eac9c4fbb32c5270547757d233b5030f8fed,"Intel(R) Core(TM) i5-8365U CPU @ 1.60GHz; linux/amd64","2.2.10","-d:release --mm:arc",WM,8,1000000,range,range_unchecked,100,20,7.502410
2ac0eac9c4fbb32c5270547757d233b5030f8fed,"Intel(R) Core(TM) i5-8365U CPU @ 1.60GHz; linux/amd64","2.2.10","-d:release --mm:arc",WM,8,1000000,range,range_unchecked,100,21,9.327500
2ac0eac9c4fbb32c5270547757d233b5030f8fed,"Intel(R) Core(TM) i5-8365U CPU @ 1.60GHz; linux/amd64","2.2.10","-d:release --mm:arc",WM,16,1000000,equality,access,0,1,1107.379360
2ac0eac9c4fbb32c5270547757d233b5030f8fed,"Intel(R) Core(TM) i5-8365U CPU @ 1.60GHz; linux/amd64","2.2.10","-d:release --mm:arc",WM,16,1000000,equality,access,0,2,1021.187740
2ac0eac9c4fbb32c5270547757d233b5030f8fed,"Intel(R) Core(TM) i5-8365U CPU @ 1.60GHz; linux/amd64","2.2.10","-d:release --mm:arc",WM,16,1000000,equality,access,0,3,1120.694080
2ac0eac9c4fbb32c5270547757d233b5030f8fed,"Intel(R) Core(TM) i5-8365U CPU @ 1.60GHz; linux/amd64","2.2.10","-d:release --mm:arc",WM,16,1000000,equality,access,0,4,1174.522960
2ac0eac9c4fbb32c5270547757d233b5030f8fed,"Intel(R) Core(TM) i5-8365U CPU @ 1.60GHz; linux/amd64","2.2.10","-d:release --mm:arc",WM,16,1000000,equality,access,0,5,1222.557540
2ac0eac9c4fbb32c5270547757d233b5030f8fed,"Intel(R) Core(TM) i5-8365U CPU @ 1.60GHz; linux/amd64","2.2.10","-d:release --mm:arc",WM,16,1000000,equality,access,0,6,1091.118490
2ac0eac9c4fbb32c5270547757d233b5030f8fed,"Intel(R) Core(TM) i5-8365U CPU @ 1.60GHz; linux/amd64","2.2.10","-d:release --mm:arc",WM,16,1000000,equality,access,0,7,1062.896980
2ac0eac9c4fbb32c5270547757d233b5030f8fed,"Intel(R) Core(TM) i5-8365U CPU @ 1.60GHz; linux/amd64","2.2.10","-d:release --mm:arc",WM,16,1000000,equality,access,0,8,1119.607020
2ac0eac9c4fbb32c5270547757d233b5030f8fed,"Intel(R) Core(TM) i5-8365U CPU @ 1.60GHz; linux/amd64","2.2.10","-d:release --mm:arc",WM,16,1000000,equality,access,0,9,1715.638970
2ac0eac9c4fbb32c5270547757d233b5030f8fed,"Intel(R) Core(TM) i5-8365U CPU @ 1.60GHz; linux/amd64","2.2.10","-d:release --mm:arc",WM,16,1000000,equality,access,0,10,1451.563810
2ac0eac9c4fbb32c5270547757d233b5030f8fed,"Intel(R) Core(TM) i5-8365U CPU @ 1.60GHz; linux/amd64","2.2.10","-d:release --mm:arc",WM,16,1000000,equality,access,0,11,1259.147500
2ac0eac9c4fbb32c5270547757d233b5030f8fed,"Intel(R) Core(TM) i5-8365U CPU @ 1.60GHz; linux/amd64","2.2.10","-d:release --mm:arc",WM,16,1000000,equality,access,0,12,1106.031290
2ac0eac9c4fbb32c5270547757d233b5030f8fed,"Intel(R) Core(TM) i5-8365U CPU @ 1.60GHz; linux/amd64","2.2.10","-d:release --mm:arc",WM,16,1000000,equality,access,0,13,1064.799080
2ac0eac9c4fbb32c5270547757d233b5030f8fed,"Intel(R) Core(TM) i5-8365U CPU @ 1.60GHz; linux/amd64","2.2.10","-d:release --mm:arc",WM,16,1000000,equality,access,0,14,1081.629990
2ac0eac9c4fbb32c5270547757d233b5030f8fed,"Intel(R) Core(TM) i5-8365U CPU @ 1.60GHz; linux/amd64","2.2.10","-d:release --mm:arc",WM,16,1000000,equality,access,0,15,1033.796410
2ac0eac9c4fbb32c5270547757d233b5030f8fed,"Intel(R) Core(TM) i5-8365U CPU @ 1.60GHz; linux/amd64","2.2.10","-d:release --mm:arc",WM,16,1000000,equality,access,0,16,1118.484960
2ac0eac9c4fbb32c5270547757d233b5030f8fed,"Intel(R) Core(TM) i5-8365U CPU @ 1.60GHz; linux/amd64","2.2.10","-d:release --mm:arc",WM,16,1000000,equality,access,0,17,1039.298720
2ac0eac9c4fbb32c5270547757d233b5030f8fed,"Intel(R) Core(TM) i5-8365U CPU @ 1.60GHz; linux/amd64","2.2.10","-d:release --mm:arc",WM,16,1000000,equality,access,0,18,1048.089180
2ac0eac9c4fbb32c5270547757d233b5030f8fed,"Intel(R) Core(TM) i5-8365U CPU @ 1.60GHz; linux/amd64","2.2.10","-d:release --mm:arc",WM,16,1000000,equality,access,0,19,1047.891170
2ac0eac9c4fbb32c5270547757d233b5030f8fed,"Intel(R) Core(TM) i5-8365U CPU @ 1.60GHz; linux/amd64","2.2.10","-d:release --mm:arc",WM,16,1000000,equality,access,0,20,1034.146430
2ac0eac9c4fbb32c5270547757d233b5030f8fed,"Intel(R) Core(TM) i5-8365U CPU @ 1.60GHz; linux/amd64","2.2.10","-d:release --mm:arc",WM,16,1000000,equality,access,0,21,1136.428920
2ac0eac9c4fbb32c5270547757d233b5030f8fed,"Intel(R) Core(TM) i5-8365U CPU @ 1.60GHz; linux/amd64","2.2.10","-d:release --mm:arc",WM,16,1000000,equality,matches_checked,0,1,99.413330
2ac0eac9c4fbb32c5270547757d233b5030f8fed,"Intel(R) Core(TM) i5-8365U CPU @ 1.60GHz; linux/amd64","2.2.10","-d:release --mm:arc",WM,16,1000000,equality,matches_checked,0,2,90.264840
2ac0eac9c4fbb32c5270547757d233b5030f8fed,"Intel(R) Core(TM) i5-8365U CPU @ 1.60GHz; linux/amd64","2.2.10","-d:release --mm:arc",WM,16,1000000,equality,matches_checked,0,3,90.276840
2ac0eac9c4fbb32c5270547757d233b5030f8fed,"Intel(R) Core(TM) i5-8365U CPU @ 1.60GHz; linux/amd64","2.2.10","-d:release --mm:arc",WM,16,1000000,equality,matches_checked,0,4,90.832870
2ac0eac9c4fbb32c5270547757d233b5030f8fed,"Intel(R) Core(TM) i5-8365U CPU @ 1.60GHz; linux/amd64","2.2.10","-d:release --mm:arc",WM,16,1000000,equality,matches_checked,0,5,81.852390
2ac0eac9c4fbb32c5270547757d233b5030f8fed,"Intel(R) Core(TM) i5-8365U CPU @ 1.60GHz; linux/amd64","2.2.10","-d:release --mm:arc",WM,16,1000000,equality,matches_checked,0,6,108.917840
2ac0eac9c4fbb32c5270547757d233b5030f8fed,"Intel(R) Core(TM) i5-8365U CPU @ 1.60GHz; linux/amd64","2.2.10","-d:release --mm:arc",WM,16,1000000,equality,matches_checked,0,7,95.013090
2ac0eac9c4fbb32c5270547757d233b5030f8fed,"Intel(R) Core(TM) i5-8365U CPU @ 1.60GHz; linux/amd64","2.2.10","-d:release --mm:arc",WM,16,1000000,equality,matches_checked,0,8,100.744400
2ac0eac9c4fbb32c5270547757d233b5030f8fed,"Intel(R) Core(TM) i5-8365U CPU @ 1.60GHz; linux/amd64","2.2.10","-d:release --mm:arc",WM,16,1000000,equality,matches_checked,0,9,81.219350
2ac0eac9c4fbb32c5270547757d233b5030f8fed,"Intel(R) Core(TM) i5-8365U CPU @ 1.60GHz; linux/amd64","2.2.10","-d:release --mm:arc",WM,16,1000000,equality,matches_checked,0,10,102.725510
2ac0eac9c4fbb32c5270547757d233b5030f8fed,"Intel(R) Core(TM) i5-8365U CPU @ 1.60GHz; linux/amd64","2.2.10","-d:release --mm:arc",WM,16,1000000,equality,matches_checked,0,11,97.204210
2ac0eac9c4fbb32c5270547757d233b5030f8fed,"Intel(R) Core(TM) i5-8365U CPU @ 1.60GHz; linux/amd64","2.2.10","-d:release --mm:arc",WM,16,1000000,equality,matches_checked,0,12,108.951840
2ac0eac9c4fbb32c5270547757d233b5030f8fed,"Intel(R) Core(TM) i5-8365U CPU @ 1.60GHz; linux/amd64","2.2.10","-d:release --mm:arc",WM,16,1000000,equality,matches_checked,0,13,109.982900
2ac0eac9c4fbb32c5270547757d233b5030f8fed,"Intel(R) Core(TM) i5-8365U CPU @ 1.60GHz; linux/amd64","2.2.10","-d:release --mm:arc",WM,16,1000000,equality,matches_checked,0,14,76.227090
2ac0eac9c4fbb32c5270547757d233b5030f8fed,"Intel(R) Core(TM) i5-8365U CPU @ 1.60GHz; linux/amd64","2.2.10","-d:release --mm:arc",WM,16,1000000,equality,matches_checked,0,15,82.392410
2ac0eac9c4fbb32c5270547757d233b5030f8fed,"Intel(R) Core(TM) i5-8365U CPU @ 1.60GHz; linux/amd64","2.2.10","-d:release --mm:arc",WM,16,1000000,equality,matches_checked,0,16,79.426260
2ac0eac9c4fbb32c5270547757d233b5030f8fed,"Intel(R) Core(TM) i5-8365U CPU @ 1.60GHz; linux/amd64","2.2.10","-d:release --mm:arc",WM,16,1000000,equality,matches_checked,0,17,89.872820
2ac0eac9c4fbb32c5270547757d233b5030f8fed,"Intel(R) Core(TM) i5-8365U CPU @ 1.60GHz; linux/amd64","2.2.10","-d:release --mm:arc",WM,16,1000000,equality,matches_checked,0,18,77.210140
2ac0eac9c4fbb32c5270547757d233b5030f8fed,"Intel(R) Core(TM) i5-8365U CPU @ 1.60GHz; linux/amd64","2.2.10","-d:release --mm:arc",WM,16,1000000,equality,matches_checked,0,19,95.959140
2ac0eac9c4fbb32c5270547757d233b5030f8fed,"Intel(R) Core(TM) i5-8365U CPU @ 1.60GHz; linux/amd64","2.2.10","-d:release --mm:arc",WM,16,1000000,equality,matches_checked,0,20,81.733390
2ac0eac9c4fbb32c5270547757d233b5030f8fed,"Intel(R) Core(TM) i5-8365U CPU @ 1.60GHz; linux/amd64","2.2.10","-d:release --mm:arc",WM,16,1000000,equality,matches_checked,0,21,96.128150
2ac0eac9c4fbb32c5270547757d233b5030f8fed,"Intel(R) Core(TM) i5-8365U CPU @ 1.60GHz; linux/amd64","2.2.10","-d:release --mm:arc",WM,16,1000000,equality,matches_unchecked,0,1,78.602210
2ac0eac9c4fbb32c5270547757d233b5030f8fed,"Intel(R) Core(TM) i5-8365U CPU @ 1.60GHz; linux/amd64","2.2.10","-d:release --mm:arc",WM,16,1000000,equality,matches_unchecked,0,2,87.858710
2ac0eac9c4fbb32c5270547757d233b5030f8fed,"Intel(R) Core(TM) i5-8365U CPU @ 1.60GHz; linux/amd64","2.2.10","-d:release --mm:arc",WM,16,1000000,equality,matches_unchecked,0,3,79.861280
2ac0eac9c4fbb32c5270547757d233b5030f8fed,"Intel(R) Core(TM) i5-8365U CPU @ 1.60GHz; linux/amd64","2.2.10","-d:release --mm:arc",WM,16,1000000,equality,matches_unchecked,0,4,77.056130
2ac0eac9c4fbb32c5270547757d233b5030f8fed,"Intel(R) Core(TM) i5-8365U CPU @ 1.60GHz; linux/amd64","2.2.10","-d:release --mm:arc",WM,16,1000000,equality,matches_unchecked,0,5,81.284360
2ac0eac9c4fbb32c5270547757d233b5030f8fed,"Intel(R) Core(TM) i5-8365U CPU @ 1.60GHz; linux/amd64","2.2.10","-d:release --mm:arc",WM,16,1000000,equality,matches_unchecked,0,6,75.804060
2ac0eac9c4fbb32c5270547757d233b5030f8fed,"Intel(R) Core(TM) i5-8365U CPU @ 1.60GHz; linux/amd64","2.2.10","-d:release --mm:arc",WM,16,1000000,equality,matches_unchecked,0,7,89.474800
2ac0eac9c4fbb32c5270547757d233b5030f8fed,"Intel(R) Core(TM) i5-8365U CPU @ 1.60GHz; linux/amd64","2.2.10","-d:release --mm:arc",WM,16,1000000,equality,matches_unchecked,0,8,78.447210
2ac0eac9c4fbb32c5270547757d233b5030f8fed,"Intel(R) Core(TM) i5-8365U CPU @ 1.60GHz; linux/amd64","2.2.10","-d:release --mm:arc",WM,16,1000000,equality,matches_unchecked,0,9,91.999930
2ac0eac9c4fbb32c5270547757d233b5030f8fed,"Intel(R) Core(TM) i5-8365U CPU @ 1.60GHz; linux/amd64","2.2.10","-d:release --mm:arc",WM,16,1000000,equality,matches_unchecked,0,10,80.760330
2ac0eac9c4fbb32c5270547757d233b5030f8fed,"Intel(R) Core(TM) i5-8365U CPU @ 1.60GHz; linux/amd64","2.2.10","-d:release --mm:arc",WM,16,1000000,equality,matches_unchecked,0,11,95.174100
2ac0eac9c4fbb32c5270547757d233b5030f8fed,"Intel(R) Core(TM) i5-8365U CPU @ 1.60GHz; linux/amd64","2.2.10","-d:release --mm:arc",WM,16,1000000,equality,matches_unchecked,0,12,80.660320
2ac0eac9c4fbb32c5270547757d233b5030f8fed,"Intel(R) Core(TM) i5-8365U CPU @ 1.60GHz; linux/amd64","2.2.10","-d:release --mm:arc",WM,16,1000000,equality,matches_unchecked,0,13,80.433320
2ac0eac9c4fbb32c5270547757d233b5030f8fed,"Intel(R) Core(TM) i5-8365U CPU @ 1.60GHz; linux/amd64","2.2.10","-d:release --mm:arc",WM,16,1000000,equality,matches_unchecked,0,14,87.052660
2ac0eac9c4fbb32c5270547757d233b5030f8fed,"Intel(R) Core(TM) i5-8365U CPU @ 1.60GHz; linux/amd64","2.2.10","-d:release --mm:arc",WM,16,1000000,equality,matches_unchecked,0,15,80.902340
2ac0eac9c4fbb32c5270547757d233b5030f8fed,"Intel(R) Core(TM) i5-8365U CPU @ 1.60GHz; linux/amd64","2.2.10","-d:release --mm:arc",WM,16,1000000,equality,matches_unchecked,0,16,77.065130
2ac0eac9c4fbb32c5270547757d233b5030f8fed,"Intel(R) Core(TM) i5-8365U CPU @ 1.60GHz; linux/amd64","2.2.10","-d:release --mm:arc",WM,16,1000000,equality,matches_unchecked,0,17,88.383740
2ac0eac9c4fbb32c5270547757d233b5030f8fed,"Intel(R) Core(TM) i5-8365U CPU @ 1.60GHz; linux/amd64","2.2.10","-d:release --mm:arc",WM,16,1000000,equality,matches_unchecked,0,18,89.320790
2ac0eac9c4fbb32c5270547757d233b5030f8fed,"Intel(R) Core(TM) i5-8365U CPU @ 1.60GHz; linux/amd64","2.2.10","-d:release --mm:arc",WM,16,1000000,equality,matches_unchecked,0,19,87.762700
2ac0eac9c4fbb32c5270547757d233b5030f8fed,"Intel(R) Core(TM) i5-8365U CPU @ 1.60GHz; linux/amd64","2.2.10","-d:release --mm:arc",WM,16,1000000,equality,matches_unchecked,0,20,106.460710
2ac0eac9c4fbb32c5270547757d233b5030f8fed,"Intel(R) Core(TM) i5-8365U CPU @ 1.60GHz; linux/amd64","2.2.10","-d:release --mm:arc",WM,16,1000000,equality,matches_unchecked,0,21,108.812830
2ac0eac9c4fbb32c5270547757d233b5030f8fed,"Intel(R) Core(TM) i5-8365U CPU @ 1.60GHz; linux/amd64","2.2.10","-d:release --mm:arc",RWM,16,1000000,equality,access,0,1,1163.411370
2ac0eac9c4fbb32c5270547757d233b5030f8fed,"Intel(R) Core(TM) i5-8365U CPU @ 1.60GHz; linux/amd64","2.2.10","-d:release --mm:arc",RWM,16,1000000,equality,access,0,2,1158.223090
2ac0eac9c4fbb32c5270547757d233b5030f8fed,"Intel(R) Core(TM) i5-8365U CPU @ 1.60GHz; linux/amd64","2.2.10","-d:release --mm:arc",RWM,16,1000000,equality,access,0,3,1083.716090
2ac0eac9c4fbb32c5270547757d233b5030f8fed,"Intel(R) Core(TM) i5-8365U CPU @ 1.60GHz; linux/amd64","2.2.10","-d:release --mm:arc",RWM,16,1000000,equality,access,0,4,1012.254270
2ac0eac9c4fbb32c5270547757d233b5030f8fed,"Intel(R) Core(TM) i5-8365U CPU @ 1.60GHz; linux/amd64","2.2.10","-d:release --mm:arc",RWM,16,1000000,equality,access,0,5,1110.517530
2ac0eac9c4fbb32c5270547757d233b5030f8fed,"Intel(R) Core(TM) i5-8365U CPU @ 1.60GHz; linux/amd64","2.2.10","-d:release --mm:arc",RWM,16,1000000,equality,access,0,6,1028.480130
2ac0eac9c4fbb32c5270547757d233b5030f8fed,"Intel(R) Core(TM) i5-8365U CPU @ 1.60GHz; linux/amd64","2.2.10","-d:release --mm:arc",RWM,16,1000000,equality,access,0,7,1021.344750
2ac0eac9c4fbb32c5270547757d233b5030f8fed,"Intel(R) Core(TM) i5-8365U CPU @ 1.60GHz; linux/amd64","2.2.10","-d:release --mm:arc",RWM,16,1000000,equality,access,0,8,1076.659720
2ac0eac9c4fbb32c5270547757d233b5030f8fed,"Intel(R) Core(TM) i5-8365U CPU @ 1.60GHz; linux/amd64","2.2.10","-d:release --mm:arc",RWM,16,1000000,equality,access,0,9,1213.325040
2ac0eac9c4fbb32c5270547757d233b5030f8fed,"Intel(R) Core(TM) i5-8365U CPU @ 1.60GHz; linux/amd64","2.2.10","-d:release --mm:arc",RWM,16,1000000,equality,access,0,10,1043.797960
2ac0eac9c4fbb32c5270547757d233b5030f8fed,"Intel(R) Core(TM) i5-8365U CPU @ 1.60GHz; linux/amd64","2.2.10","-d:release --mm:arc",RWM,16,1000000,equality,access,0,11,1035.677520
2ac0eac9c4fbb32c5270547757d233b5030f8fed,"Intel(R) Core(TM) i5-8365U CPU @ 1.60GHz; linux/amd64","2.2.10","-d:release --mm:arc",RWM,16,1000000,equality,access,0,12,1096.026750
2ac0eac9c4fbb32c5270547757d233b5030f8fed,"Intel(R) Core(TM) i5-8365U CPU @ 1.60GHz; linux/amd64","2.2.10","-d:release --mm:arc",RWM,16,1000000,equality,access,0,13,1032.164330
2ac0eac9c4fbb32c5270547757d233b5030f8fed,"Intel(R) Core(TM) i5-8365U CPU @ 1.60GHz; linux/amd64","2.2.10","-d:release --mm:arc",RWM,16,1000000,equality,access,0,14,1201.272400
2ac0eac9c4fbb32c5270547757d233b5030f8fed,"Intel(R) Core(TM) i5-8365U CPU @ 1.60GHz; linux/amd64","2.2.10","-d:release --mm:arc",RWM,16,1000000,equality,access,0,15,1214.785120
2ac0eac9c4fbb32c5270547757d233b5030f8fed,"Intel(R) Core(TM) i5-8365U CPU @ 1.60GHz; linux/amd64","2.2.10","-d:release --mm:arc",RWM,16,1000000,equality,access,0,16,1187.618660
2ac0eac9c4fbb32c5270547757d233b5030f8fed,"Intel(R) Core(TM) i5-8365U CPU @ 1.60GHz; linux/amd64","2.2.10","-d:release --mm:arc",RWM,16,1000000,equality,access,0,17,1062.418960
2ac0eac9c4fbb32c5270547757d233b5030f8fed,"Intel(R) Core(TM) i5-8365U CPU @ 1.60GHz; linux/amd64","2.2.10","-d:release --mm:arc",RWM,16,1000000,equality,access,0,18,1266.969910
2ac0eac9c4fbb32c5270547757d233b5030f8fed,"Intel(R) Core(TM) i5-8365U CPU @ 1.60GHz; linux/amd64","2.2.10","-d:release --mm:arc",RWM,16,1000000,equality,access,0,19,1151.257720
2ac0eac9c4fbb32c5270547757d233b5030f8fed,"Intel(R) Core(TM) i5-8365U CPU @ 1.60GHz; linux/amd64","2.2.10","-d:release --mm:arc",RWM,16,1000000,equality,access,0,20,1115.680810
2ac0eac9c4fbb32c5270547757d233b5030f8fed,"Intel(R) Core(TM) i5-8365U CPU @ 1.60GHz; linux/amd64","2.2.10","-d:release --mm:arc",RWM,16,1000000,equality,access,0,21,1087.411290
2ac0eac9c4fbb32c5270547757d233b5030f8fed,"Intel(R) Core(TM) i5-8365U CPU @ 1.60GHz; linux/amd64","2.2.10","-d:release --mm:arc",RWM,16,1000000,equality,matches_checked,0,1,70.111760
2ac0eac9c4fbb32c5270547757d233b5030f8fed,"Intel(R) Core(TM) i5-8365U CPU @ 1.60GHz; linux/amd64","2.2.10","-d:release --mm:arc",RWM,16,1000000,equality,matches_checked,0,2,84.257520
2ac0eac9c4fbb32c5270547757d233b5030f8fed,"Intel(R) Core(TM) i5-8365U CPU @ 1.60GHz; linux/amd64","2.2.10","-d:release --mm:arc",RWM,16,1000000,equality,matches_checked,0,3,78.036180
2ac0eac9c4fbb32c5270547757d233b5030f8fed,"Intel(R) Core(TM) i5-8365U CPU @ 1.60GHz; linux/amd64","2.2.10","-d:release --mm:arc",RWM,16,1000000,equality,matches_checked,0,4,84.425530
2ac0eac9c4fbb32c5270547757d233b5030f8fed,"Intel(R) Core(TM) i5-8365U CPU @ 1.60GHz; linux/amd64","2.2.10","-d:release --mm:arc",RWM,16,1000000,equality,matches_checked,0,5,73.081920
2ac0eac9c4fbb32c5270547757d233b5030f8fed,"Intel(R) Core(TM) i5-8365U CPU @ 1.60GHz; linux/amd64","2.2.10","-d:release --mm:arc",RWM,16,1000000,equality,matches_checked,0,6,76.578100
2ac0eac9c4fbb32c5270547757d233b5030f8fed,"Intel(R) Core(TM) i5-8365U CPU @ 1.60GHz; linux/amd64","2.2.10","-d:release --mm:arc",RWM,16,1000000,equality,matches_checked,0,7,83.894500
2ac0eac9c4fbb32c5270547757d233b5030f8fed,"Intel(R) Core(TM) i5-8365U CPU @ 1.60GHz; linux/amd64","2.2.10","-d:release --mm:arc",RWM,16,1000000,equality,matches_checked,0,8,77.183140
2ac0eac9c4fbb32c5270547757d233b5030f8fed,"Intel(R) Core(TM) i5-8365U CPU @ 1.60GHz; linux/amd64","2.2.10","-d:release --mm:arc",RWM,16,1000000,equality,matches_checked,0,9,74.330980
2ac0eac9c4fbb32c5270547757d233b5030f8fed,"Intel(R) Core(TM) i5-8365U CPU @ 1.60GHz; linux/amd64","2.2.10","-d:release --mm:arc",RWM,16,1000000,equality,matches_checked,0,10,71.792850
2ac0eac9c4fbb32c5270547757d233b5030f8fed,"Intel(R) Core(TM) i5-8365U CPU @ 1.60GHz; linux/amd64","2.2.10","-d:release --mm:arc",RWM,16,1000000,equality,matches_checked,0,11,93.581020
2ac0eac9c4fbb32c5270547757d233b5030f8fed,"Intel(R) Core(TM) i5-8365U CPU @ 1.60GHz; linux/amd64","2.2.10","-d:release --mm:arc",RWM,16,1000000,equality,matches_checked,0,12,81.323360
2ac0eac9c4fbb32c5270547757d233b5030f8fed,"Intel(R) Core(TM) i5-8365U CPU @ 1.60GHz; linux/amd64","2.2.10","-d:release --mm:arc",RWM,16,1000000,equality,matches_checked,0,13,80.692320
2ac0eac9c4fbb32c5270547757d233b5030f8fed,"Intel(R) Core(TM) i5-8365U CPU @ 1.60GHz; linux/amd64","2.2.10","-d:release --mm:arc",RWM,16,1000000,equality,matches_checked,0,14,72.654900
2ac0eac9c4fbb32c5270547757d233b5030f8fed,"Intel(R) Core(TM) i5-8365U CPU @ 1.60GHz; linux/amd64","2.2.10","-d:release --mm:arc",RWM,16,1000000,equality,matches_checked,0,15,91.229890
2ac0eac9c4fbb32c5270547757d233b5030f8fed,"Intel(R) Core(TM) i5-8365U CPU @ 1.60GHz; linux/amd64","2.2.10","-d:release --mm:arc",RWM,16,1000000,equality,matches_checked,0,16,74.152980
2ac0eac9c4fbb32c5270547757d233b5030f8fed,"Intel(R) Core(TM) i5-8365U CPU @ 1.60GHz; linux/amd64","2.2.10","-d:release --mm:arc",RWM,16,1000000,equality,matches_checked,0,17,85.910600
2ac0eac9c4fbb32c5270547757d233b5030f8fed,"Intel(R) Core(TM) i5-8365U CPU @ 1.60GHz; linux/amd64","2.2.10","-d:release --mm:arc",RWM,16,1000000,equality,matches_checked,0,18,71.428830
2ac0eac9c4fbb32c5270547757d233b5030f8fed,"Intel(R) Core(TM) i5-8365U CPU @ 1.60GHz; linux/amd64","2.2.10","-d:release --mm:arc",RWM,16,1000000,equality,matches_checked,0,19,85.576590
2ac0eac9c4fbb32c5270547757d233b5030f8fed,"Intel(R) Core(TM) i5-8365U CPU @ 1.60GHz; linux/amd64","2.2.10","-d:release --mm:arc",RWM,16,1000000,equality,matches_checked,0,20,72.463880
2ac0eac9c4fbb32c5270547757d233b5030f8fed,"Intel(R) Core(TM) i5-8365U CPU @ 1.60GHz; linux/amd64","2.2.10","-d:release --mm:arc",RWM,16,1000000,equality,matches_checked,0,21,83.361470
2ac0eac9c4fbb32c5270547757d233b5030f8fed,"Intel(R) Core(TM) i5-8365U CPU @ 1.60GHz; linux/amd64","2.2.10","-d:release --mm:arc",RWM,16,1000000,equality,matches_unchecked,0,1,75.227030
2ac0eac9c4fbb32c5270547757d233b5030f8fed,"Intel(R) Core(TM) i5-8365U CPU @ 1.60GHz; linux/amd64","2.2.10","-d:release --mm:arc",RWM,16,1000000,equality,matches_unchecked,0,2,87.255680
2ac0eac9c4fbb32c5270547757d233b5030f8fed,"Intel(R) Core(TM) i5-8365U CPU @ 1.60GHz; linux/amd64","2.2.10","-d:release --mm:arc",RWM,16,1000000,equality,matches_unchecked,0,3,88.851760
2ac0eac9c4fbb32c5270547757d233b5030f8fed,"Intel(R) Core(TM) i5-8365U CPU @ 1.60GHz; linux/amd64","2.2.10","-d:release --mm:arc",RWM,16,1000000,equality,matches_unchecked,0,4,71.183820
2ac0eac9c4fbb32c5270547757d233b5030f8fed,"Intel(R) Core(TM) i5-8365U CPU @ 1.60GHz; linux/amd64","2.2.10","-d:release --mm:arc",RWM,16,1000000,equality,matches_unchecked,0,5,81.945390
2ac0eac9c4fbb32c5270547757d233b5030f8fed,"Intel(R) Core(TM) i5-8365U CPU @ 1.60GHz; linux/amd64","2.2.10","-d:release --mm:arc",RWM,16,1000000,equality,matches_unchecked,0,6,92.330950
2ac0eac9c4fbb32c5270547757d233b5030f8fed,"Intel(R) Core(TM) i5-8365U CPU @ 1.60GHz; linux/amd64","2.2.10","-d:release --mm:arc",RWM,16,1000000,equality,matches_unchecked,0,7,98.637290
2ac0eac9c4fbb32c5270547757d233b5030f8fed,"Intel(R) Core(TM) i5-8365U CPU @ 1.60GHz; linux/amd64","2.2.10","-d:release --mm:arc",RWM,16,1000000,equality,matches_unchecked,0,8,103.005520
2ac0eac9c4fbb32c5270547757d233b5030f8fed,"Intel(R) Core(TM) i5-8365U CPU @ 1.60GHz; linux/amd64","2.2.10","-d:release --mm:arc",RWM,16,1000000,equality,matches_unchecked,0,9,136.478310
2ac0eac9c4fbb32c5270547757d233b5030f8fed,"Intel(R) Core(TM) i5-8365U CPU @ 1.60GHz; linux/amd64","2.2.10","-d:release --mm:arc",RWM,16,1000000,equality,matches_unchecked,0,10,83.595480
2ac0eac9c4fbb32c5270547757d233b5030f8fed,"Intel(R) Core(TM) i5-8365U CPU @ 1.60GHz; linux/amd64","2.2.10","-d:release --mm:arc",RWM,16,1000000,equality,matches_unchecked,0,11,71.879850
2ac0eac9c4fbb32c5270547757d233b5030f8fed,"Intel(R) Core(TM) i5-8365U CPU @ 1.60GHz; linux/amd64","2.2.10","-d:release --mm:arc",RWM,16,1000000,equality,matches_unchecked,0,12,116.507250
2ac0eac9c4fbb32c5270547757d233b5030f8fed,"Intel(R) Core(TM) i5-8365U CPU @ 1.60GHz; linux/amd64","2.2.10","-d:release --mm:arc",RWM,16,1000000,equality,matches_unchecked,0,13,82.830440
2ac0eac9c4fbb32c5270547757d233b5030f8fed,"Intel(R) Core(TM) i5-8365U CPU @ 1.60GHz; linux/amd64","2.2.10","-d:release --mm:arc",RWM,16,1000000,equality,matches_unchecked,0,14,74.155970
2ac0eac9c4fbb32c5270547757d233b5030f8fed,"Intel(R) Core(TM) i5-8365U CPU @ 1.60GHz; linux/amd64","2.2.10","-d:release --mm:arc",RWM,16,1000000,equality,matches_unchecked,0,15,89.971830
2ac0eac9c4fbb32c5270547757d233b5030f8fed,"Intel(R) Core(TM) i5-8365U CPU @ 1.60GHz; linux/amd64","2.2.10","-d:release --mm:arc",RWM,16,1000000,equality,matches_unchecked,0,16,74.319980
2ac0eac9c4fbb32c5270547757d233b5030f8fed,"Intel(R) Core(TM) i5-8365U CPU @ 1.60GHz; linux/amd64","2.2.10","-d:release --mm:arc",RWM,16,1000000,equality,matches_unchecked,0,17,106.760720
2ac0eac9c4fbb32c5270547757d233b5030f8fed,"Intel(R) Core(TM) i5-8365U CPU @ 1.60GHz; linux/amd64","2.2.10","-d:release --mm:arc",RWM,16,1000000,equality,matches_unchecked,0,18,85.379580
2ac0eac9c4fbb32c5270547757d233b5030f8fed,"Intel(R) Core(TM) i5-8365U CPU @ 1.60GHz; linux/amd64","2.2.10","-d:release --mm:arc",RWM,16,1000000,equality,matches_unchecked,0,19,205.540020
2ac0eac9c4fbb32c5270547757d233b5030f8fed,"Intel(R) Core(TM) i5-8365U CPU @ 1.60GHz; linux/amd64","2.2.10","-d:release --mm:arc",RWM,16,1000000,equality,matches_unchecked,0,20,111.699990
2ac0eac9c4fbb32c5270547757d233b5030f8fed,"Intel(R) Core(TM) i5-8365U CPU @ 1.60GHz; linux/amd64","2.2.10","-d:release --mm:arc",RWM,16,1000000,equality,matches_unchecked,0,21,74.984020
2ac0eac9c4fbb32c5270547757d233b5030f8fed,"Intel(R) Core(TM) i5-8365U CPU @ 1.60GHz; linux/amd64","2.2.10","-d:release --mm:arc",WM,16,1000000,equality,access,1,1,1086.490240
2ac0eac9c4fbb32c5270547757d233b5030f8fed,"Intel(R) Core(TM) i5-8365U CPU @ 1.60GHz; linux/amd64","2.2.10","-d:release --mm:arc",WM,16,1000000,equality,access,1,2,1109.474480
2ac0eac9c4fbb32c5270547757d233b5030f8fed,"Intel(R) Core(TM) i5-8365U CPU @ 1.60GHz; linux/amd64","2.2.10","-d:release --mm:arc",WM,16,1000000,equality,access,1,3,1016.330480
2ac0eac9c4fbb32c5270547757d233b5030f8fed,"Intel(R) Core(TM) i5-8365U CPU @ 1.60GHz; linux/amd64","2.2.10","-d:release --mm:arc",WM,16,1000000,equality,access,1,4,1061.048880
2ac0eac9c4fbb32c5270547757d233b5030f8fed,"Intel(R) Core(TM) i5-8365U CPU @ 1.60GHz; linux/amd64","2.2.10","-d:release --mm:arc",WM,16,1000000,equality,access,1,5,1095.541730
2ac0eac9c4fbb32c5270547757d233b5030f8fed,"Intel(R) Core(TM) i5-8365U CPU @ 1.60GHz; linux/amd64","2.2.10","-d:release --mm:arc",WM,16,1000000,equality,access,1,6,1046.871120
2ac0eac9c4fbb32c5270547757d233b5030f8fed,"Intel(R) Core(TM) i5-8365U CPU @ 1.60GHz; linux/amd64","2.2.10","-d:release --mm:arc",WM,16,1000000,equality,access,1,7,1194.352020
2ac0eac9c4fbb32c5270547757d233b5030f8fed,"Intel(R) Core(TM) i5-8365U CPU @ 1.60GHz; linux/amd64","2.2.10","-d:release --mm:arc",WM,16,1000000,equality,access,1,8,1306.769060
2ac0eac9c4fbb32c5270547757d233b5030f8fed,"Intel(R) Core(TM) i5-8365U CPU @ 1.60GHz; linux/amd64","2.2.10","-d:release --mm:arc",WM,16,1000000,equality,access,1,9,1177.972140
2ac0eac9c4fbb32c5270547757d233b5030f8fed,"Intel(R) Core(TM) i5-8365U CPU @ 1.60GHz; linux/amd64","2.2.10","-d:release --mm:arc",WM,16,1000000,equality,access,1,10,1483.957550
2ac0eac9c4fbb32c5270547757d233b5030f8fed,"Intel(R) Core(TM) i5-8365U CPU @ 1.60GHz; linux/amd64","2.2.10","-d:release --mm:arc",WM,16,1000000,equality,access,1,11,1111.210570
2ac0eac9c4fbb32c5270547757d233b5030f8fed,"Intel(R) Core(TM) i5-8365U CPU @ 1.60GHz; linux/amd64","2.2.10","-d:release --mm:arc",WM,16,1000000,equality,access,1,12,1094.897700
2ac0eac9c4fbb32c5270547757d233b5030f8fed,"Intel(R) Core(TM) i5-8365U CPU @ 1.60GHz; linux/amd64","2.2.10","-d:release --mm:arc",WM,16,1000000,equality,access,1,13,1082.345030
2ac0eac9c4fbb32c5270547757d233b5030f8fed,"Intel(R) Core(TM) i5-8365U CPU @ 1.60GHz; linux/amd64","2.2.10","-d:release --mm:arc",WM,16,1000000,equality,access,1,14,1074.758650
2ac0eac9c4fbb32c5270547757d233b5030f8fed,"Intel(R) Core(TM) i5-8365U CPU @ 1.60GHz; linux/amd64","2.2.10","-d:release --mm:arc",WM,16,1000000,equality,access,1,15,1065.520150
2ac0eac9c4fbb32c5270547757d233b5030f8fed,"Intel(R) Core(TM) i5-8365U CPU @ 1.60GHz; linux/amd64","2.2.10","-d:release --mm:arc",WM,16,1000000,equality,access,1,16,1026.741070
2ac0eac9c4fbb32c5270547757d233b5030f8fed,"Intel(R) Core(TM) i5-8365U CPU @ 1.60GHz; linux/amd64","2.2.10","-d:release --mm:arc",WM,16,1000000,equality,access,1,17,1070.023400
2ac0eac9c4fbb32c5270547757d233b5030f8fed,"Intel(R) Core(TM) i5-8365U CPU @ 1.60GHz; linux/amd64","2.2.10","-d:release --mm:arc",WM,16,1000000,equality,access,1,18,1129.161570
2ac0eac9c4fbb32c5270547757d233b5030f8fed,"Intel(R) Core(TM) i5-8365U CPU @ 1.60GHz; linux/amd64","2.2.10","-d:release --mm:arc",WM,16,1000000,equality,access,1,19,1166.958590
2ac0eac9c4fbb32c5270547757d233b5030f8fed,"Intel(R) Core(TM) i5-8365U CPU @ 1.60GHz; linux/amd64","2.2.10","-d:release --mm:arc",WM,16,1000000,equality,access,1,20,1093.622660
2ac0eac9c4fbb32c5270547757d233b5030f8fed,"Intel(R) Core(TM) i5-8365U CPU @ 1.60GHz; linux/amd64","2.2.10","-d:release --mm:arc",WM,16,1000000,equality,access,1,21,1028.349160
2ac0eac9c4fbb32c5270547757d233b5030f8fed,"Intel(R) Core(TM) i5-8365U CPU @ 1.60GHz; linux/amd64","2.2.10","-d:release --mm:arc",WM,16,1000000,equality,matches_checked,1,1,102.707510
2ac0eac9c4fbb32c5270547757d233b5030f8fed,"Intel(R) Core(TM) i5-8365U CPU @ 1.60GHz; linux/amd64","2.2.10","-d:release --mm:arc",WM,16,1000000,equality,matches_checked,1,2,95.110100
2ac0eac9c4fbb32c5270547757d233b5030f8fed,"Intel(R) Core(TM) i5-8365U CPU @ 1.60GHz; linux/amd64","2.2.10","-d:release --mm:arc",WM,16,1000000,equality,matches_checked,1,3,86.303630
2ac0eac9c4fbb32c5270547757d233b5030f8fed,"Intel(R) Core(TM) i5-8365U CPU @ 1.60GHz; linux/amd64","2.2.10","-d:release --mm:arc",WM,16,1000000,equality,matches_checked,1,4,97.533230
2ac0eac9c4fbb32c5270547757d233b5030f8fed,"Intel(R) Core(TM) i5-8365U CPU @ 1.60GHz; linux/amd64","2.2.10","-d:release --mm:arc",WM,16,1000000,equality,matches_checked,1,5,103.723560
2ac0eac9c4fbb32c5270547757d233b5030f8fed,"Intel(R) Core(TM) i5-8365U CPU @ 1.60GHz; linux/amd64","2.2.10","-d:release --mm:arc",WM,16,1000000,equality,matches_checked,1,6,94.173060
2ac0eac9c4fbb32c5270547757d233b5030f8fed,"Intel(R) Core(TM) i5-8365U CPU @ 1.60GHz; linux/amd64","2.2.10","-d:release --mm:arc",WM,16,1000000,equality,matches_checked,1,7,83.432470
2ac0eac9c4fbb32c5270547757d233b5030f8fed,"Intel(R) Core(TM) i5-8365U CPU @ 1.60GHz; linux/amd64","2.2.10","-d:release --mm:arc",WM,16,1000000,equality,matches_checked,1,8,104.978630
2ac0eac9c4fbb32c5270547757d233b5030f8fed,"Intel(R) Core(TM) i5-8365U CPU @ 1.60GHz; linux/amd64","2.2.10","-d:release --mm:arc",WM,16,1000000,equality,matches_checked,1,9,93.818030
2ac0eac9c4fbb32c5270547757d233b5030f8fed,"Intel(R) Core(TM) i5-8365U CPU @ 1.60GHz; linux/amd64","2.2.10","-d:release --mm:arc",WM,16,1000000,equality,matches_checked,1,10,122.410560
2ac0eac9c4fbb32c5270547757d233b5030f8fed,"Intel(R) Core(TM) i5-8365U CPU @ 1.60GHz; linux/amd64","2.2.10","-d:release --mm:arc",WM,16,1000000,equality,matches_checked,1,11,112.736050
2ac0eac9c4fbb32c5270547757d233b5030f8fed,"Intel(R) Core(TM) i5-8365U CPU @ 1.60GHz; linux/amd64","2.2.10","-d:release --mm:arc",WM,16,1000000,equality,matches_checked,1,12,90.830870
2ac0eac9c4fbb32c5270547757d233b5030f8fed,"Intel(R) Core(TM) i5-8365U CPU @ 1.60GHz; linux/amd64","2.2.10","-d:release --mm:arc",WM,16,1000000,equality,matches_checked,1,13,86.967670
2ac0eac9c4fbb32c5270547757d233b5030f8fed,"Intel(R) Core(TM) i5-8365U CPU @ 1.60GHz; linux/amd64","2.2.10","-d:release --mm:arc",WM,16,1000000,equality,matches_checked,1,14,88.652750
2ac0eac9c4fbb32c5270547757d233b5030f8fed,"Intel(R) Core(TM) i5-8365U CPU @ 1.60GHz; linux/amd64","2.2.10","-d:release --mm:arc",WM,16,1000000,equality,matches_checked,1,15,105.582670
2ac0eac9c4fbb32c5270547757d233b5030f8fed,"Intel(R) Core(TM) i5-8365U CPU @ 1.60GHz; linux/amd64","2.2.10","-d:release --mm:arc",WM,16,1000000,equality,matches_checked,1,16,96.692180
2ac0eac9c4fbb32c5270547757d233b5030f8fed,"Intel(R) Core(TM) i5-8365U CPU @ 1.60GHz; linux/amd64","2.2.10","-d:release --mm:arc",WM,16,1000000,equality,matches_checked,1,17,84.676540
2ac0eac9c4fbb32c5270547757d233b5030f8fed,"Intel(R) Core(TM) i5-8365U CPU @ 1.60GHz; linux/amd64","2.2.10","-d:release --mm:arc",WM,16,1000000,equality,matches_checked,1,18,103.572560
2ac0eac9c4fbb32c5270547757d233b5030f8fed,"Intel(R) Core(TM) i5-8365U CPU @ 1.60GHz; linux/amd64","2.2.10","-d:release --mm:arc",WM,16,1000000,equality,matches_checked,1,19,86.207620
2ac0eac9c4fbb32c5270547757d233b5030f8fed,"Intel(R) Core(TM) i5-8365U CPU @ 1.60GHz; linux/amd64","2.2.10","-d:release --mm:arc",WM,16,1000000,equality,matches_checked,1,20,90.074830
2ac0eac9c4fbb32c5270547757d233b5030f8fed,"Intel(R) Core(TM) i5-8365U CPU @ 1.60GHz; linux/amd64","2.2.10","-d:release --mm:arc",WM,16,1000000,equality,matches_checked,1,21,89.958820
2ac0eac9c4fbb32c5270547757d233b5030f8fed,"Intel(R) Core(TM) i5-8365U CPU @ 1.60GHz; linux/amd64","2.2.10","-d:release --mm:arc",WM,16,1000000,equality,matches_unchecked,1,1,94.787080
2ac0eac9c4fbb32c5270547757d233b5030f8fed,"Intel(R) Core(TM) i5-8365U CPU @ 1.60GHz; linux/amd64","2.2.10","-d:release --mm:arc",WM,16,1000000,equality,matches_unchecked,1,2,83.564490
2ac0eac9c4fbb32c5270547757d233b5030f8fed,"Intel(R) Core(TM) i5-8365U CPU @ 1.60GHz; linux/amd64","2.2.10","-d:release --mm:arc",WM,16,1000000,equality,matches_unchecked,1,3,99.599340
2ac0eac9c4fbb32c5270547757d233b5030f8fed,"Intel(R) Core(TM) i5-8365U CPU @ 1.60GHz; linux/amd64","2.2.10","-d:release --mm:arc",WM,16,1000000,equality,matches_unchecked,1,4,97.583230
2ac0eac9c4fbb32c5270547757d233b5030f8fed,"Intel(R) Core(TM) i5-8365U CPU @ 1.60GHz; linux/amd64","2.2.10","-d:release --mm:arc",WM,16,1000000,equality,matches_unchecked,1,5,101.850470
2ac0eac9c4fbb32c5270547757d233b5030f8fed,"Intel(R) Core(TM) i5-8365U CPU @ 1.60GHz; linux/amd64","2.2.10","-d:release --mm:arc",WM,16,1000000,equality,matches_unchecked,1,6,87.726700
2ac0eac9c4fbb32c5270547757d233b5030f8fed,"Intel(R) Core(TM) i5-8365U CPU @ 1.60GHz; linux/amd64","2.2.10","-d:release --mm:arc",WM,16,1000000,equality,matches_unchecked,1,7,103.647560
2ac0eac9c4fbb32c5270547757d233b5030f8fed,"Intel(R) Core(TM) i5-8365U CPU @ 1.60GHz; linux/amd64","2.2.10","-d:release --mm:arc",WM,16,1000000,equality,matches_unchecked,1,8,94.036050
2ac0eac9c4fbb32c5270547757d233b5030f8fed,"Intel(R) Core(TM) i5-8365U CPU @ 1.60GHz; linux/amd64","2.2.10","-d:release --mm:arc",WM,16,1000000,equality,matches_unchecked,1,9,84.246520
2ac0eac9c4fbb32c5270547757d233b5030f8fed,"Intel(R) Core(TM) i5-8365U CPU @ 1.60GHz; linux/amd64","2.2.10","-d:release --mm:arc",WM,16,1000000,equality,matches_unchecked,1,10,100.804400
2ac0eac9c4fbb32c5270547757d233b5030f8fed,"Intel(R) Core(TM) i5-8365U CPU @ 1.60GHz; linux/amd64","2.2.10","-d:release --mm:arc",WM,16,1000000,equality,matches_unchecked,1,11,81.601380
2ac0eac9c4fbb32c5270547757d233b5030f8fed,"Intel(R) Core(TM) i5-8365U CPU @ 1.60GHz; linux/amd64","2.2.10","-d:release --mm:arc",WM,16,1000000,equality,matches_unchecked,1,12,92.437960
2ac0eac9c4fbb32c5270547757d233b5030f8fed,"Intel(R) Core(TM) i5-8365U CPU @ 1.60GHz; linux/amd64","2.2.10","-d:release --mm:arc",WM,16,1000000,equality,matches_unchecked,1,13,82.583430
2ac0eac9c4fbb32c5270547757d233b5030f8fed,"Intel(R) Core(TM) i5-8365U CPU @ 1.60GHz; linux/amd64","2.2.10","-d:release --mm:arc",WM,16,1000000,equality,matches_unchecked,1,14,102.528500
2ac0eac9c4fbb32c5270547757d233b5030f8fed,"Intel(R) Core(TM) i5-8365U CPU @ 1.60GHz; linux/amd64","2.2.10","-d:release --mm:arc",WM,16,1000000,equality,matches_unchecked,1,15,108.720830
2ac0eac9c4fbb32c5270547757d233b5030f8fed,"Intel(R) Core(TM) i5-8365U CPU @ 1.60GHz; linux/amd64","2.2.10","-d:release --mm:arc",WM,16,1000000,equality,matches_unchecked,1,16,85.013560
2ac0eac9c4fbb32c5270547757d233b5030f8fed,"Intel(R) Core(TM) i5-8365U CPU @ 1.60GHz; linux/amd64","2.2.10","-d:release --mm:arc",WM,16,1000000,equality,matches_unchecked,1,17,93.317010
2ac0eac9c4fbb32c5270547757d233b5030f8fed,"Intel(R) Core(TM) i5-8365U CPU @ 1.60GHz; linux/amd64","2.2.10","-d:release --mm:arc",WM,16,1000000,equality,matches_unchecked,1,18,87.330680
2ac0eac9c4fbb32c5270547757d233b5030f8fed,"Intel(R) Core(TM) i5-8365U CPU @ 1.60GHz; linux/amd64","2.2.10","-d:release --mm:arc",WM,16,1000000,equality,matches_unchecked,1,19,94.354060
2ac0eac9c4fbb32c5270547757d233b5030f8fed,"Intel(R) Core(TM) i5-8365U CPU @ 1.60GHz; linux/amd64","2.2.10","-d:release --mm:arc",WM,16,1000000,equality,matches_unchecked,1,20,82.871450
2ac0eac9c4fbb32c5270547757d233b5030f8fed,"Intel(R) Core(TM) i5-8365U CPU @ 1.60GHz; linux/amd64","2.2.10","-d:release --mm:arc",WM,16,1000000,equality,matches_unchecked,1,21,111.214970
2ac0eac9c4fbb32c5270547757d233b5030f8fed,"Intel(R) Core(TM) i5-8365U CPU @ 1.60GHz; linux/amd64","2.2.10","-d:release --mm:arc",RWM,16,1000000,equality,access,1,1,1135.584910
2ac0eac9c4fbb32c5270547757d233b5030f8fed,"Intel(R) Core(TM) i5-8365U CPU @ 1.60GHz; linux/amd64","2.2.10","-d:release --mm:arc",RWM,16,1000000,equality,access,1,2,1216.702260
2ac0eac9c4fbb32c5270547757d233b5030f8fed,"Intel(R) Core(TM) i5-8365U CPU @ 1.60GHz; linux/amd64","2.2.10","-d:release --mm:arc",RWM,16,1000000,equality,access,1,3,1138.722080
2ac0eac9c4fbb32c5270547757d233b5030f8fed,"Intel(R) Core(TM) i5-8365U CPU @ 1.60GHz; linux/amd64","2.2.10","-d:release --mm:arc",RWM,16,1000000,equality,access,1,4,1099.232960
2ac0eac9c4fbb32c5270547757d233b5030f8fed,"Intel(R) Core(TM) i5-8365U CPU @ 1.60GHz; linux/amd64","2.2.10","-d:release --mm:arc",RWM,16,1000000,equality,access,1,5,1112.668690
2ac0eac9c4fbb32c5270547757d233b5030f8fed,"Intel(R) Core(TM) i5-8365U CPU @ 1.60GHz; linux/amd64","2.2.10","-d:release --mm:arc",RWM,16,1000000,equality,access,1,6,1097.390860
2ac0eac9c4fbb32c5270547757d233b5030f8fed,"Intel(R) Core(TM) i5-8365U CPU @ 1.60GHz; linux/amd64","2.2.10","-d:release --mm:arc",RWM,16,1000000,equality,access,1,7,1061.117920
2ac0eac9c4fbb32c5270547757d233b5030f8fed,"Intel(R) Core(TM) i5-8365U CPU @ 1.60GHz; linux/amd64","2.2.10","-d:release --mm:arc",RWM,16,1000000,equality,access,1,8,1068.970330
2ac0eac9c4fbb32c5270547757d233b5030f8fed,"Intel(R) Core(TM) i5-8365U CPU @ 1.60GHz; linux/amd64","2.2.10","-d:release --mm:arc",RWM,16,1000000,equality,access,1,9,1036.092580
2ac0eac9c4fbb32c5270547757d233b5030f8fed,"Intel(R) Core(TM) i5-8365U CPU @ 1.60GHz; linux/amd64","2.2.10","-d:release --mm:arc",RWM,16,1000000,equality,access,1,10,1105.159280
2ac0eac9c4fbb32c5270547757d233b5030f8fed,"Intel(R) Core(TM) i5-8365U CPU @ 1.60GHz; linux/amd64","2.2.10","-d:release --mm:arc",RWM,16,1000000,equality,access,1,11,1038.707710
2ac0eac9c4fbb32c5270547757d233b5030f8fed,"Intel(R) Core(TM) i5-8365U CPU @ 1.60GHz; linux/amd64","2.2.10","-d:release --mm:arc",RWM,16,1000000,equality,access,1,12,1053.634520
2ac0eac9c4fbb32c5270547757d233b5030f8fed,"Intel(R) Core(TM) i5-8365U CPU @ 1.60GHz; linux/amd64","2.2.10","-d:release --mm:arc",RWM,16,1000000,equality,access,1,13,1092.467600
2ac0eac9c4fbb32c5270547757d233b5030f8fed,"Intel(R) Core(TM) i5-8365U CPU @ 1.60GHz; linux/amd64","2.2.10","-d:release --mm:arc",RWM,16,1000000,equality,access,1,14,1090.950520
2ac0eac9c4fbb32c5270547757d233b5030f8fed,"Intel(R) Core(TM) i5-8365U CPU @ 1.60GHz; linux/amd64","2.2.10","-d:release --mm:arc",RWM,16,1000000,equality,access,1,15,1498.436370
2ac0eac9c4fbb32c5270547757d233b5030f8fed,"Intel(R) Core(TM) i5-8365U CPU @ 1.60GHz; linux/amd64","2.2.10","-d:release --mm:arc",RWM,16,1000000,equality,access,1,16,1579.864740
2ac0eac9c4fbb32c5270547757d233b5030f8fed,"Intel(R) Core(TM) i5-8365U CPU @ 1.60GHz; linux/amd64","2.2.10","-d:release --mm:arc",RWM,16,1000000,equality,access,1,17,1663.135210
2ac0eac9c4fbb32c5270547757d233b5030f8fed,"Intel(R) Core(TM) i5-8365U CPU @ 1.60GHz; linux/amd64","2.2.10","-d:release --mm:arc",RWM,16,1000000,equality,access,1,18,1113.238710
2ac0eac9c4fbb32c5270547757d233b5030f8fed,"Intel(R) Core(TM) i5-8365U CPU @ 1.60GHz; linux/amd64","2.2.10","-d:release --mm:arc",RWM,16,1000000,equality,access,1,19,1175.907080
2ac0eac9c4fbb32c5270547757d233b5030f8fed,"Intel(R) Core(TM) i5-8365U CPU @ 1.60GHz; linux/amd64","2.2.10","-d:release --mm:arc",RWM,16,1000000,equality,access,1,20,1068.779330
2ac0eac9c4fbb32c5270547757d233b5030f8fed,"Intel(R) Core(TM) i5-8365U CPU @ 1.60GHz; linux/amd64","2.2.10","-d:release --mm:arc",RWM,16,1000000,equality,access,1,21,1045.218060
2ac0eac9c4fbb32c5270547757d233b5030f8fed,"Intel(R) Core(TM) i5-8365U CPU @ 1.60GHz; linux/amd64","2.2.10","-d:release --mm:arc",RWM,16,1000000,equality,matches_checked,1,1,98.288270
2ac0eac9c4fbb32c5270547757d233b5030f8fed,"Intel(R) Core(TM) i5-8365U CPU @ 1.60GHz; linux/amd64","2.2.10","-d:release --mm:arc",RWM,16,1000000,equality,matches_checked,1,2,103.515550
2ac0eac9c4fbb32c5270547757d233b5030f8fed,"Intel(R) Core(TM) i5-8365U CPU @ 1.60GHz; linux/amd64","2.2.10","-d:release --mm:arc",RWM,16,1000000,equality,matches_checked,1,3,97.444230
2ac0eac9c4fbb32c5270547757d233b5030f8fed,"Intel(R) Core(TM) i5-8365U CPU @ 1.60GHz; linux/amd64","2.2.10","-d:release --mm:arc",RWM,16,1000000,equality,matches_checked,1,4,86.049610
2ac0eac9c4fbb32c5270547757d233b5030f8fed,"Intel(R) Core(TM) i5-8365U CPU @ 1.60GHz; linux/amd64","2.2.10","-d:release --mm:arc",RWM,16,1000000,equality,matches_checked,1,5,158.937530
2ac0eac9c4fbb32c5270547757d233b5030f8fed,"Intel(R) Core(TM) i5-8365U CPU @ 1.60GHz; linux/amd64","2.2.10","-d:release --mm:arc",RWM,16,1000000,equality,matches_checked,1,6,101.135420
2ac0eac9c4fbb32c5270547757d233b5030f8fed,"Intel(R) Core(TM) i5-8365U CPU @ 1.60GHz; linux/amd64","2.2.10","-d:release --mm:arc",RWM,16,1000000,equality,matches_checked,1,7,85.142570
2ac0eac9c4fbb32c5270547757d233b5030f8fed,"Intel(R) Core(TM) i5-8365U CPU @ 1.60GHz; linux/amd64","2.2.10","-d:release --mm:arc",RWM,16,1000000,equality,matches_checked,1,8,126.423780
2ac0eac9c4fbb32c5270547757d233b5030f8fed,"Intel(R) Core(TM) i5-8365U CPU @ 1.60GHz; linux/amd64","2.2.10","-d:release --mm:arc",RWM,16,1000000,equality,matches_checked,1,9,95.161110
2ac0eac9c4fbb32c5270547757d233b5030f8fed,"Intel(R) Core(TM) i5-8365U CPU @ 1.60GHz; linux/amd64","2.2.10","-d:release --mm:arc",RWM,16,1000000,equality,matches_checked,1,10,88.267730
2ac0eac9c4fbb32c5270547757d233b5030f8fed,"Intel(R) Core(TM) i5-8365U CPU @ 1.60GHz; linux/amd64","2.2.10","-d:release --mm:arc",RWM,16,1000000,equality,matches_checked,1,11,109.630880
2ac0eac9c4fbb32c5270547757d233b5030f8fed,"Intel(R) Core(TM) i5-8365U CPU @ 1.60GHz; linux/amd64","2.2.10","-d:release --mm:arc",RWM,16,1000000,equality,matches_checked,1,12,89.078780
2ac0eac9c4fbb32c5270547757d233b5030f8fed,"Intel(R) Core(TM) i5-8365U CPU @ 1.60GHz; linux/amd64","2.2.10","-d:release --mm:arc",RWM,16,1000000,equality,matches_checked,1,13,94.327060
2ac0eac9c4fbb32c5270547757d233b5030f8fed,"Intel(R) Core(TM) i5-8365U CPU @ 1.60GHz; linux/amd64","2.2.10","-d:release --mm:arc",RWM,16,1000000,equality,matches_checked,1,14,89.184790
2ac0eac9c4fbb32c5270547757d233b5030f8fed,"Intel(R) Core(TM) i5-8365U CPU @ 1.60GHz; linux/amd64","2.2.10","-d:release --mm:arc",RWM,16,1000000,equality,matches_checked,1,15,120.056440
2ac0eac9c4fbb32c5270547757d233b5030f8fed,"Intel(R) Core(TM) i5-8365U CPU @ 1.60GHz; linux/amd64","2.2.10","-d:release --mm:arc",RWM,16,1000000,equality,matches_checked,1,16,97.192210
2ac0eac9c4fbb32c5270547757d233b5030f8fed,"Intel(R) Core(TM) i5-8365U CPU @ 1.60GHz; linux/amd64","2.2.10","-d:release --mm:arc",RWM,16,1000000,equality,matches_checked,1,17,85.024560
2ac0eac9c4fbb32c5270547757d233b5030f8fed,"Intel(R) Core(TM) i5-8365U CPU @ 1.60GHz; linux/amd64","2.2.10","-d:release --mm:arc",RWM,16,1000000,equality,matches_checked,1,18,110.083910
2ac0eac9c4fbb32c5270547757d233b5030f8fed,"Intel(R) Core(TM) i5-8365U CPU @ 1.60GHz; linux/amd64","2.2.10","-d:release --mm:arc",RWM,16,1000000,equality,matches_checked,1,19,87.499690
2ac0eac9c4fbb32c5270547757d233b5030f8fed,"Intel(R) Core(TM) i5-8365U CPU @ 1.60GHz; linux/amd64","2.2.10","-d:release --mm:arc",RWM,16,1000000,equality,matches_checked,1,20,133.496160
2ac0eac9c4fbb32c5270547757d233b5030f8fed,"Intel(R) Core(TM) i5-8365U CPU @ 1.60GHz; linux/amd64","2.2.10","-d:release --mm:arc",RWM,16,1000000,equality,matches_checked,1,21,127.504840
2ac0eac9c4fbb32c5270547757d233b5030f8fed,"Intel(R) Core(TM) i5-8365U CPU @ 1.60GHz; linux/amd64","2.2.10","-d:release --mm:arc",RWM,16,1000000,equality,matches_unchecked,1,1,86.853660
2ac0eac9c4fbb32c5270547757d233b5030f8fed,"Intel(R) Core(TM) i5-8365U CPU @ 1.60GHz; linux/amd64","2.2.10","-d:release --mm:arc",RWM,16,1000000,equality,matches_unchecked,1,2,99.409330
2ac0eac9c4fbb32c5270547757d233b5030f8fed,"Intel(R) Core(TM) i5-8365U CPU @ 1.60GHz; linux/amd64","2.2.10","-d:release --mm:arc",RWM,16,1000000,equality,matches_unchecked,1,3,98.632290
2ac0eac9c4fbb32c5270547757d233b5030f8fed,"Intel(R) Core(TM) i5-8365U CPU @ 1.60GHz; linux/amd64","2.2.10","-d:release --mm:arc",RWM,16,1000000,equality,matches_unchecked,1,4,91.681920
2ac0eac9c4fbb32c5270547757d233b5030f8fed,"Intel(R) Core(TM) i5-8365U CPU @ 1.60GHz; linux/amd64","2.2.10","-d:release --mm:arc",RWM,16,1000000,equality,matches_unchecked,1,5,81.570370
2ac0eac9c4fbb32c5270547757d233b5030f8fed,"Intel(R) Core(TM) i5-8365U CPU @ 1.60GHz; linux/amd64","2.2.10","-d:release --mm:arc",RWM,16,1000000,equality,matches_unchecked,1,6,103.924580
2ac0eac9c4fbb32c5270547757d233b5030f8fed,"Intel(R) Core(TM) i5-8365U CPU @ 1.60GHz; linux/amd64","2.2.10","-d:release --mm:arc",RWM,16,1000000,equality,matches_unchecked,1,7,84.679540
2ac0eac9c4fbb32c5270547757d233b5030f8fed,"Intel(R) Core(TM) i5-8365U CPU @ 1.60GHz; linux/amd64","2.2.10","-d:release --mm:arc",RWM,16,1000000,equality,matches_unchecked,1,8,87.817710
2ac0eac9c4fbb32c5270547757d233b5030f8fed,"Intel(R) Core(TM) i5-8365U CPU @ 1.60GHz; linux/amd64","2.2.10","-d:release --mm:arc",RWM,16,1000000,equality,matches_unchecked,1,9,83.378470
2ac0eac9c4fbb32c5270547757d233b5030f8fed,"Intel(R) Core(TM) i5-8365U CPU @ 1.60GHz; linux/amd64","2.2.10","-d:release --mm:arc",RWM,16,1000000,equality,matches_unchecked,1,10,122.756590
2ac0eac9c4fbb32c5270547757d233b5030f8fed,"Intel(R) Core(TM) i5-8365U CPU @ 1.60GHz; linux/amd64","2.2.10","-d:release --mm:arc",RWM,16,1000000,equality,matches_unchecked,1,11,98.705290
2ac0eac9c4fbb32c5270547757d233b5030f8fed,"Intel(R) Core(TM) i5-8365U CPU @ 1.60GHz; linux/amd64","2.2.10","-d:release --mm:arc",RWM,16,1000000,equality,matches_unchecked,1,12,81.695390
2ac0eac9c4fbb32c5270547757d233b5030f8fed,"Intel(R) Core(TM) i5-8365U CPU @ 1.60GHz; linux/amd64","2.2.10","-d:release --mm:arc",RWM,16,1000000,equality,matches_unchecked,1,13,105.601660
2ac0eac9c4fbb32c5270547757d233b5030f8fed,"Intel(R) Core(TM) i5-8365U CPU @ 1.60GHz; linux/amd64","2.2.10","-d:release --mm:arc",RWM,16,1000000,equality,matches_unchecked,1,14,86.168620
2ac0eac9c4fbb32c5270547757d233b5030f8fed,"Intel(R) Core(TM) i5-8365U CPU @ 1.60GHz; linux/amd64","2.2.10","-d:release --mm:arc",RWM,16,1000000,equality,matches_unchecked,1,15,88.081730
2ac0eac9c4fbb32c5270547757d233b5030f8fed,"Intel(R) Core(TM) i5-8365U CPU @ 1.60GHz; linux/amd64","2.2.10","-d:release --mm:arc",RWM,16,1000000,equality,matches_unchecked,1,16,83.382470
2ac0eac9c4fbb32c5270547757d233b5030f8fed,"Intel(R) Core(TM) i5-8365U CPU @ 1.60GHz; linux/amd64","2.2.10","-d:release --mm:arc",RWM,16,1000000,equality,matches_unchecked,1,17,99.507340
2ac0eac9c4fbb32c5270547757d233b5030f8fed,"Intel(R) Core(TM) i5-8365U CPU @ 1.60GHz; linux/amd64","2.2.10","-d:release --mm:arc",RWM,16,1000000,equality,matches_unchecked,1,18,91.724920
2ac0eac9c4fbb32c5270547757d233b5030f8fed,"Intel(R) Core(TM) i5-8365U CPU @ 1.60GHz; linux/amd64","2.2.10","-d:release --mm:arc",RWM,16,1000000,equality,matches_unchecked,1,19,82.182410
2ac0eac9c4fbb32c5270547757d233b5030f8fed,"Intel(R) Core(TM) i5-8365U CPU @ 1.60GHz; linux/amd64","2.2.10","-d:release --mm:arc",RWM,16,1000000,equality,matches_unchecked,1,20,100.994410
2ac0eac9c4fbb32c5270547757d233b5030f8fed,"Intel(R) Core(TM) i5-8365U CPU @ 1.60GHz; linux/amd64","2.2.10","-d:release --mm:arc",RWM,16,1000000,equality,matches_unchecked,1,21,98.171270
2ac0eac9c4fbb32c5270547757d233b5030f8fed,"Intel(R) Core(TM) i5-8365U CPU @ 1.60GHz; linux/amd64","2.2.10","-d:release --mm:arc",WM,16,1000000,equality,access,50,1,1164.532470
2ac0eac9c4fbb32c5270547757d233b5030f8fed,"Intel(R) Core(TM) i5-8365U CPU @ 1.60GHz; linux/amd64","2.2.10","-d:release --mm:arc",WM,16,1000000,equality,access,50,2,1048.718250
2ac0eac9c4fbb32c5270547757d233b5030f8fed,"Intel(R) Core(TM) i5-8365U CPU @ 1.60GHz; linux/amd64","2.2.10","-d:release --mm:arc",WM,16,1000000,equality,access,50,3,1040.226800
2ac0eac9c4fbb32c5270547757d233b5030f8fed,"Intel(R) Core(TM) i5-8365U CPU @ 1.60GHz; linux/amd64","2.2.10","-d:release --mm:arc",WM,16,1000000,equality,access,50,4,1118.624000
2ac0eac9c4fbb32c5270547757d233b5030f8fed,"Intel(R) Core(TM) i5-8365U CPU @ 1.60GHz; linux/amd64","2.2.10","-d:release --mm:arc",WM,16,1000000,equality,access,50,5,1409.615610
2ac0eac9c4fbb32c5270547757d233b5030f8fed,"Intel(R) Core(TM) i5-8365U CPU @ 1.60GHz; linux/amd64","2.2.10","-d:release --mm:arc",WM,16,1000000,equality,access,50,6,1108.907480
2ac0eac9c4fbb32c5270547757d233b5030f8fed,"Intel(R) Core(TM) i5-8365U CPU @ 1.60GHz; linux/amd64","2.2.10","-d:release --mm:arc",WM,16,1000000,equality,access,50,7,1120.066080
2ac0eac9c4fbb32c5270547757d233b5030f8fed,"Intel(R) Core(TM) i5-8365U CPU @ 1.60GHz; linux/amd64","2.2.10","-d:release --mm:arc",WM,16,1000000,equality,access,50,8,1039.386750
2ac0eac9c4fbb32c5270547757d233b5030f8fed,"Intel(R) Core(TM) i5-8365U CPU @ 1.60GHz; linux/amd64","2.2.10","-d:release --mm:arc",WM,16,1000000,equality,access,50,9,1164.312450
2ac0eac9c4fbb32c5270547757d233b5030f8fed,"Intel(R) Core(TM) i5-8365U CPU @ 1.60GHz; linux/amd64","2.2.10","-d:release --mm:arc",WM,16,1000000,equality,access,50,10,1319.299770
2ac0eac9c4fbb32c5270547757d233b5030f8fed,"Intel(R) Core(TM) i5-8365U CPU @ 1.60GHz; linux/amd64","2.2.10","-d:release --mm:arc",WM,16,1000000,equality,access,50,11,1152.525820
2ac0eac9c4fbb32c5270547757d233b5030f8fed,"Intel(R) Core(TM) i5-8365U CPU @ 1.60GHz; linux/amd64","2.2.10","-d:release --mm:arc",WM,16,1000000,equality,access,50,12,1130.286630
2ac0eac9c4fbb32c5270547757d233b5030f8fed,"Intel(R) Core(TM) i5-8365U CPU @ 1.60GHz; linux/amd64","2.2.10","-d:release --mm:arc",WM,16,1000000,equality,access,50,13,1046.745140
2ac0eac9c4fbb32c5270547757d233b5030f8fed,"Intel(R) Core(TM) i5-8365U CPU @ 1.60GHz; linux/amd64","2.2.10","-d:release --mm:arc",WM,16,1000000,equality,access,50,14,1159.226180
2ac0eac9c4fbb32c5270547757d233b5030f8fed,"Intel(R) Core(TM) i5-8365U CPU @ 1.60GHz; linux/amd64","2.2.10","-d:release --mm:arc",WM,16,1000000,equality,access,50,15,1050.347340
2ac0eac9c4fbb32c5270547757d233b5030f8fed,"Intel(R) Core(TM) i5-8365U CPU @ 1.60GHz; linux/amd64","2.2.10","-d:release --mm:arc",WM,16,1000000,equality,access,50,16,1065.993180
2ac0eac9c4fbb32c5270547757d233b5030f8fed,"Intel(R) Core(TM) i5-8365U CPU @ 1.60GHz; linux/amd64","2.2.10","-d:release --mm:arc",WM,16,1000000,equality,access,50,17,1046.599140
2ac0eac9c4fbb32c5270547757d233b5030f8fed,"Intel(R) Core(TM) i5-8365U CPU @ 1.60GHz; linux/amd64","2.2.10","-d:release --mm:arc",WM,16,1000000,equality,access,50,18,1065.726160
2ac0eac9c4fbb32c5270547757d233b5030f8fed,"Intel(R) Core(TM) i5-8365U CPU @ 1.60GHz; linux/amd64","2.2.10","-d:release --mm:arc",WM,16,1000000,equality,access,50,19,1136.969990
2ac0eac9c4fbb32c5270547757d233b5030f8fed,"Intel(R) Core(TM) i5-8365U CPU @ 1.60GHz; linux/amd64","2.2.10","-d:release --mm:arc",WM,16,1000000,equality,access,50,20,1231.719070
2ac0eac9c4fbb32c5270547757d233b5030f8fed,"Intel(R) Core(TM) i5-8365U CPU @ 1.60GHz; linux/amd64","2.2.10","-d:release --mm:arc",WM,16,1000000,equality,access,50,21,1061.323930
2ac0eac9c4fbb32c5270547757d233b5030f8fed,"Intel(R) Core(TM) i5-8365U CPU @ 1.60GHz; linux/amd64","2.2.10","-d:release --mm:arc",WM,16,1000000,equality,matches_checked,50,1,506.216150
2ac0eac9c4fbb32c5270547757d233b5030f8fed,"Intel(R) Core(TM) i5-8365U CPU @ 1.60GHz; linux/amd64","2.2.10","-d:release --mm:arc",WM,16,1000000,equality,matches_checked,50,2,520.846940
2ac0eac9c4fbb32c5270547757d233b5030f8fed,"Intel(R) Core(TM) i5-8365U CPU @ 1.60GHz; linux/amd64","2.2.10","-d:release --mm:arc",WM,16,1000000,equality,matches_checked,50,3,453.676340
2ac0eac9c4fbb32c5270547757d233b5030f8fed,"Intel(R) Core(TM) i5-8365U CPU @ 1.60GHz; linux/amd64","2.2.10","-d:release --mm:arc",WM,16,1000000,equality,matches_checked,50,4,514.468590
2ac0eac9c4fbb32c5270547757d233b5030f8fed,"Intel(R) Core(TM) i5-8365U CPU @ 1.60GHz; linux/amd64","2.2.10","-d:release --mm:arc",WM,16,1000000,equality,matches_checked,50,5,474.395450
2ac0eac9c4fbb32c5270547757d233b5030f8fed,"Intel(R) Core(TM) i5-8365U CPU @ 1.60GHz; linux/amd64","2.2.10","-d:release --mm:arc",WM,16,1000000,equality,matches_checked,50,6,572.658720
2ac0eac9c4fbb32c5270547757d233b5030f8fed,"Intel(R) Core(TM) i5-8365U CPU @ 1.60GHz; linux/amd64","2.2.10","-d:release --mm:arc",WM,16,1000000,equality,matches_checked,50,7,471.358280
2ac0eac9c4fbb32c5270547757d233b5030f8fed,"Intel(R) Core(TM) i5-8365U CPU @ 1.60GHz; linux/amd64","2.2.10","-d:release --mm:arc",WM,16,1000000,equality,matches_checked,50,8,643.616520
2ac0eac9c4fbb32c5270547757d233b5030f8fed,"Intel(R) Core(TM) i5-8365U CPU @ 1.60GHz; linux/amd64","2.2.10","-d:release --mm:arc",WM,16,1000000,equality,matches_checked,50,9,502.771970
2ac0eac9c4fbb32c5270547757d233b5030f8fed,"Intel(R) Core(TM) i5-8365U CPU @ 1.60GHz; linux/amd64","2.2.10","-d:release --mm:arc",WM,16,1000000,equality,matches_checked,50,10,502.700960
2ac0eac9c4fbb32c5270547757d233b5030f8fed,"Intel(R) Core(TM) i5-8365U CPU @ 1.60GHz; linux/amd64","2.2.10","-d:release --mm:arc",WM,16,1000000,equality,matches_checked,50,11,631.795880
2ac0eac9c4fbb32c5270547757d233b5030f8fed,"Intel(R) Core(TM) i5-8365U CPU @ 1.60GHz; linux/amd64","2.2.10","-d:release --mm:arc",WM,16,1000000,equality,matches_checked,50,12,524.081120
2ac0eac9c4fbb32c5270547757d233b5030f8fed,"Intel(R) Core(TM) i5-8365U CPU @ 1.60GHz; linux/amd64","2.2.10","-d:release --mm:arc",WM,16,1000000,equality,matches_checked,50,13,627.421650
2ac0eac9c4fbb32c5270547757d233b5030f8fed,"Intel(R) Core(TM) i5-8365U CPU @ 1.60GHz; linux/amd64","2.2.10","-d:release --mm:arc",WM,16,1000000,equality,matches_checked,50,14,499.435790
2ac0eac9c4fbb32c5270547757d233b5030f8fed,"Intel(R) Core(TM) i5-8365U CPU @ 1.60GHz; linux/amd64","2.2.10","-d:release --mm:arc",WM,16,1000000,equality,matches_checked,50,15,555.875820
2ac0eac9c4fbb32c5270547757d233b5030f8fed,"Intel(R) Core(TM) i5-8365U CPU @ 1.60GHz; linux/amd64","2.2.10","-d:release --mm:arc",WM,16,1000000,equality,matches_checked,50,16,476.599560
2ac0eac9c4fbb32c5270547757d233b5030f8fed,"Intel(R) Core(TM) i5-8365U CPU @ 1.60GHz; linux/amd64","2.2.10","-d:release --mm:arc",WM,16,1000000,equality,matches_checked,50,17,552.259620
2ac0eac9c4fbb32c5270547757d233b5030f8fed,"Intel(R) Core(TM) i5-8365U CPU @ 1.60GHz; linux/amd64","2.2.10","-d:release --mm:arc",WM,16,1000000,equality,matches_checked,50,18,462.311800
2ac0eac9c4fbb32c5270547757d233b5030f8fed,"Intel(R) Core(TM) i5-8365U CPU @ 1.60GHz; linux/amd64","2.2.10","-d:release --mm:arc",WM,16,1000000,equality,matches_checked,50,19,532.794580
2ac0eac9c4fbb32c5270547757d233b5030f8fed,"Intel(R) Core(TM) i5-8365U CPU @ 1.60GHz; linux/amd64","2.2.10","-d:release --mm:arc",WM,16,1000000,equality,matches_checked,50,20,472.300330
2ac0eac9c4fbb32c5270547757d233b5030f8fed,"Intel(R) Core(TM) i5-8365U CPU @ 1.60GHz; linux/amd64","2.2.10","-d:release --mm:arc",WM,16,1000000,equality,matches_checked,50,21,520.081900
2ac0eac9c4fbb32c5270547757d233b5030f8fed,"Intel(R) Core(TM) i5-8365U CPU @ 1.60GHz; linux/amd64","2.2.10","-d:release --mm:arc",WM,16,1000000,equality,matches_unchecked,50,1,585.214590
2ac0eac9c4fbb32c5270547757d233b5030f8fed,"Intel(R) Core(TM) i5-8365U CPU @ 1.60GHz; linux/amd64","2.2.10","-d:release --mm:arc",WM,16,1000000,equality,matches_unchecked,50,2,573.894040
2ac0eac9c4fbb32c5270547757d233b5030f8fed,"Intel(R) Core(TM) i5-8365U CPU @ 1.60GHz; linux/amd64","2.2.10","-d:release --mm:arc",WM,16,1000000,equality,matches_unchecked,50,3,489.611920
2ac0eac9c4fbb32c5270547757d233b5030f8fed,"Intel(R) Core(TM) i5-8365U CPU @ 1.60GHz; linux/amd64","2.2.10","-d:release --mm:arc",WM,16,1000000,equality,matches_unchecked,50,4,518.916360
2ac0eac9c4fbb32c5270547757d233b5030f8fed,"Intel(R) Core(TM) i5-8365U CPU @ 1.60GHz; linux/amd64","2.2.10","-d:release --mm:arc",WM,16,1000000,equality,matches_unchecked,50,5,494.589160
2ac0eac9c4fbb32c5270547757d233b5030f8fed,"Intel(R) Core(TM) i5-8365U CPU @ 1.60GHz; linux/amd64","2.2.10","-d:release --mm:arc",WM,16,1000000,equality,matches_unchecked,50,6,542.497510
2ac0eac9c4fbb32c5270547757d233b5030f8fed,"Intel(R) Core(TM) i5-8365U CPU @ 1.60GHz; linux/amd64","2.2.10","-d:release --mm:arc",WM,16,1000000,equality,matches_unchecked,50,7,721.735270
2ac0eac9c4fbb32c5270547757d233b5030f8fed,"Intel(R) Core(TM) i5-8365U CPU @ 1.60GHz; linux/amd64","2.2.10","-d:release --mm:arc",WM,16,1000000,equality,matches_unchecked,50,8,649.260720
2ac0eac9c4fbb32c5270547757d233b5030f8fed,"Intel(R) Core(TM) i5-8365U CPU @ 1.60GHz; linux/amd64","2.2.10","-d:release --mm:arc",WM,16,1000000,equality,matches_unchecked,50,9,475.423230
2ac0eac9c4fbb32c5270547757d233b5030f8fed,"Intel(R) Core(TM) i5-8365U CPU @ 1.60GHz; linux/amd64","2.2.10","-d:release --mm:arc",WM,16,1000000,equality,matches_unchecked,50,10,557.915260
2ac0eac9c4fbb32c5270547757d233b5030f8fed,"Intel(R) Core(TM) i5-8365U CPU @ 1.60GHz; linux/amd64","2.2.10","-d:release --mm:arc",WM,16,1000000,equality,matches_unchecked,50,11,531.962990
2ac0eac9c4fbb32c5270547757d233b5030f8fed,"Intel(R) Core(TM) i5-8365U CPU @ 1.60GHz; linux/amd64","2.2.10","-d:release --mm:arc",WM,16,1000000,equality,matches_unchecked,50,12,599.627300
2ac0eac9c4fbb32c5270547757d233b5030f8fed,"Intel(R) Core(TM) i5-8365U CPU @ 1.60GHz; linux/amd64","2.2.10","-d:release --mm:arc",WM,16,1000000,equality,matches_unchecked,50,13,529.441870
2ac0eac9c4fbb32c5270547757d233b5030f8fed,"Intel(R) Core(TM) i5-8365U CPU @ 1.60GHz; linux/amd64","2.2.10","-d:release --mm:arc",WM,16,1000000,equality,matches_unchecked,50,14,503.236590
2ac0eac9c4fbb32c5270547757d233b5030f8fed,"Intel(R) Core(TM) i5-8365U CPU @ 1.60GHz; linux/amd64","2.2.10","-d:release --mm:arc",WM,16,1000000,equality,matches_unchecked,50,15,512.805050
2ac0eac9c4fbb32c5270547757d233b5030f8fed,"Intel(R) Core(TM) i5-8365U CPU @ 1.60GHz; linux/amd64","2.2.10","-d:release --mm:arc",WM,16,1000000,equality,matches_unchecked,50,16,558.244280
2ac0eac9c4fbb32c5270547757d233b5030f8fed,"Intel(R) Core(TM) i5-8365U CPU @ 1.60GHz; linux/amd64","2.2.10","-d:release --mm:arc",WM,16,1000000,equality,matches_unchecked,50,17,524.217610
2ac0eac9c4fbb32c5270547757d233b5030f8fed,"Intel(R) Core(TM) i5-8365U CPU @ 1.60GHz; linux/amd64","2.2.10","-d:release --mm:arc",WM,16,1000000,equality,matches_unchecked,50,18,613.155960
2ac0eac9c4fbb32c5270547757d233b5030f8fed,"Intel(R) Core(TM) i5-8365U CPU @ 1.60GHz; linux/amd64","2.2.10","-d:release --mm:arc",WM,16,1000000,equality,matches_unchecked,50,19,576.843190
2ac0eac9c4fbb32c5270547757d233b5030f8fed,"Intel(R) Core(TM) i5-8365U CPU @ 1.60GHz; linux/amd64","2.2.10","-d:release --mm:arc",WM,16,1000000,equality,matches_unchecked,50,20,465.373740
2ac0eac9c4fbb32c5270547757d233b5030f8fed,"Intel(R) Core(TM) i5-8365U CPU @ 1.60GHz; linux/amd64","2.2.10","-d:release --mm:arc",WM,16,1000000,equality,matches_unchecked,50,21,555.436140
2ac0eac9c4fbb32c5270547757d233b5030f8fed,"Intel(R) Core(TM) i5-8365U CPU @ 1.60GHz; linux/amd64","2.2.10","-d:release --mm:arc",RWM,16,1000000,equality,access,50,1,1067.808180
2ac0eac9c4fbb32c5270547757d233b5030f8fed,"Intel(R) Core(TM) i5-8365U CPU @ 1.60GHz; linux/amd64","2.2.10","-d:release --mm:arc",RWM,16,1000000,equality,access,50,2,1200.770670
2ac0eac9c4fbb32c5270547757d233b5030f8fed,"Intel(R) Core(TM) i5-8365U CPU @ 1.60GHz; linux/amd64","2.2.10","-d:release --mm:arc",RWM,16,1000000,equality,access,50,3,1158.876620
2ac0eac9c4fbb32c5270547757d233b5030f8fed,"Intel(R) Core(TM) i5-8365U CPU @ 1.60GHz; linux/amd64","2.2.10","-d:release --mm:arc",RWM,16,1000000,equality,access,50,4,1141.732790
2ac0eac9c4fbb32c5270547757d233b5030f8fed,"Intel(R) Core(TM) i5-8365U CPU @ 1.60GHz; linux/amd64","2.2.10","-d:release --mm:arc",RWM,16,1000000,equality,access,50,5,1094.823490
2ac0eac9c4fbb32c5270547757d233b5030f8fed,"Intel(R) Core(TM) i5-8365U CPU @ 1.60GHz; linux/amd64","2.2.10","-d:release --mm:arc",RWM,16,1000000,equality,access,50,6,1116.718560
2ac0eac9c4fbb32c5270547757d233b5030f8fed,"Intel(R) Core(TM) i5-8365U CPU @ 1.60GHz; linux/amd64","2.2.10","-d:release --mm:arc",RWM,16,1000000,equality,access,50,7,1061.133840
2ac0eac9c4fbb32c5270547757d233b5030f8fed,"Intel(R) Core(TM) i5-8365U CPU @ 1.60GHz; linux/amd64","2.2.10","-d:release --mm:arc",RWM,16,1000000,equality,access,50,8,1020.728880
2ac0eac9c4fbb32c5270547757d233b5030f8fed,"Intel(R) Core(TM) i5-8365U CPU @ 1.60GHz; linux/amd64","2.2.10","-d:release --mm:arc",RWM,16,1000000,equality,access,50,9,1052.471410
2ac0eac9c4fbb32c5270547757d233b5030f8fed,"Intel(R) Core(TM) i5-8365U CPU @ 1.60GHz; linux/amd64","2.2.10","-d:release --mm:arc",RWM,16,1000000,equality,access,50,10,1045.318080
2ac0eac9c4fbb32c5270547757d233b5030f8fed,"Intel(R) Core(TM) i5-8365U CPU @ 1.60GHz; linux/amd64","2.2.10","-d:release --mm:arc",RWM,16,1000000,equality,access,50,11,1262.096660
2ac0eac9c4fbb32c5270547757d233b5030f8fed,"Intel(R) Core(TM) i5-8365U CPU @ 1.60GHz; linux/amd64","2.2.10","-d:release --mm:arc",RWM,16,1000000,equality,access,50,12,1101.998850
2ac0eac9c4fbb32c5270547757d233b5030f8fed,"Intel(R) Core(TM) i5-8365U CPU @ 1.60GHz; linux/amd64","2.2.10","-d:release --mm:arc",RWM,16,1000000,equality,access,50,13,1031.059380
2ac0eac9c4fbb32c5270547757d233b5030f8fed,"Intel(R) Core(TM) i5-8365U CPU @ 1.60GHz; linux/amd64","2.2.10","-d:release --mm:arc",RWM,16,1000000,equality,access,50,14,1030.081330
2ac0eac9c4fbb32c5270547757d233b5030f8fed,"Intel(R) Core(TM) i5-8365U CPU @ 1.60GHz; linux/amd64","2.2.10","-d:release --mm:arc",RWM,16,1000000,equality,access,50,15,1037.761700
2ac0eac9c4fbb32c5270547757d233b5030f8fed,"Intel(R) Core(TM) i5-8365U CPU @ 1.60GHz; linux/amd64","2.2.10","-d:release --mm:arc",RWM,16,1000000,equality,access,50,16,1092.841400
2ac0eac9c4fbb32c5270547757d233b5030f8fed,"Intel(R) Core(TM) i5-8365U CPU @ 1.60GHz; linux/amd64","2.2.10","-d:release --mm:arc",RWM,16,1000000,equality,access,50,17,1077.380640
2ac0eac9c4fbb32c5270547757d233b5030f8fed,"Intel(R) Core(TM) i5-8365U CPU @ 1.60GHz; linux/amd64","2.2.10","-d:release --mm:arc",RWM,16,1000000,equality,access,50,18,1038.165730
2ac0eac9c4fbb32c5270547757d233b5030f8fed,"Intel(R) Core(TM) i5-8365U CPU @ 1.60GHz; linux/amd64","2.2.10","-d:release --mm:arc",RWM,16,1000000,equality,access,50,19,1022.703970
2ac0eac9c4fbb32c5270547757d233b5030f8fed,"Intel(R) Core(TM) i5-8365U CPU @ 1.60GHz; linux/amd64","2.2.10","-d:release --mm:arc",RWM,16,1000000,equality,access,50,20,995.939660
2ac0eac9c4fbb32c5270547757d233b5030f8fed,"Intel(R) Core(TM) i5-8365U CPU @ 1.60GHz; linux/amd64","2.2.10","-d:release --mm:arc",RWM,16,1000000,equality,access,50,21,1437.340230
2ac0eac9c4fbb32c5270547757d233b5030f8fed,"Intel(R) Core(TM) i5-8365U CPU @ 1.60GHz; linux/amd64","2.2.10","-d:release --mm:arc",RWM,16,1000000,equality,matches_checked,50,1,624.126490
2ac0eac9c4fbb32c5270547757d233b5030f8fed,"Intel(R) Core(TM) i5-8365U CPU @ 1.60GHz; linux/amd64","2.2.10","-d:release --mm:arc",RWM,16,1000000,equality,matches_checked,50,2,493.897130
2ac0eac9c4fbb32c5270547757d233b5030f8fed,"Intel(R) Core(TM) i5-8365U CPU @ 1.60GHz; linux/amd64","2.2.10","-d:release --mm:arc",RWM,16,1000000,equality,matches_checked,50,3,594.056020
2ac0eac9c4fbb32c5270547757d233b5030f8fed,"Intel(R) Core(TM) i5-8365U CPU @ 1.60GHz; linux/amd64","2.2.10","-d:release --mm:arc",RWM,16,1000000,equality,matches_checked,50,4,516.076220
2ac0eac9c4fbb32c5270547757d233b5030f8fed,"Intel(R) Core(TM) i5-8365U CPU @ 1.60GHz; linux/amd64","2.2.10","-d:release --mm:arc",RWM,16,1000000,equality,matches_checked,50,5,528.782830
2ac0eac9c4fbb32c5270547757d233b5030f8fed,"Intel(R) Core(TM) i5-8365U CPU @ 1.60GHz; linux/amd64","2.2.10","-d:release --mm:arc",RWM,16,1000000,equality,matches_checked,50,6,593.819020
2ac0eac9c4fbb32c5270547757d233b5030f8fed,"Intel(R) Core(TM) i5-8365U CPU @ 1.60GHz; linux/amd64","2.2.10","-d:release --mm:arc",RWM,16,1000000,equality,matches_checked,50,7,507.254780
2ac0eac9c4fbb32c5270547757d233b5030f8fed,"Intel(R) Core(TM) i5-8365U CPU @ 1.60GHz; linux/amd64","2.2.10","-d:release --mm:arc",RWM,16,1000000,equality,matches_checked,50,8,528.005800
2ac0eac9c4fbb32c5270547757d233b5030f8fed,"Intel(R) Core(TM) i5-8365U CPU @ 1.60GHz; linux/amd64","2.2.10","-d:release --mm:arc",RWM,16,1000000,equality,matches_checked,50,9,477.947360
2ac0eac9c4fbb32c5270547757d233b5030f8fed,"Intel(R) Core(TM) i5-8365U CPU @ 1.60GHz; linux/amd64","2.2.10","-d:release --mm:arc",RWM,16,1000000,equality,matches_checked,50,10,518.583330
2ac0eac9c4fbb32c5270547757d233b5030f8fed,"Intel(R) Core(TM) i5-8365U CPU @ 1.60GHz; linux/amd64","2.2.10","-d:release --mm:arc",RWM,16,1000000,equality,matches_checked,50,11,487.867840
2ac0eac9c4fbb32c5270547757d233b5030f8fed,"Intel(R) Core(TM) i5-8365U CPU @ 1.60GHz; linux/amd64","2.2.10","-d:release --mm:arc",RWM,16,1000000,equality,matches_checked,50,12,514.154120
2ac0eac9c4fbb32c5270547757d233b5030f8fed,"Intel(R) Core(TM) i5-8365U CPU @ 1.60GHz; linux/amd64","2.2.10","-d:release --mm:arc",RWM,16,1000000,equality,matches_checked,50,13,482.747590
2ac0eac9c4fbb32c5270547757d233b5030f8fed,"Intel(R) Core(TM) i5-8365U CPU @ 1.60GHz; linux/amd64","2.2.10","-d:release --mm:arc",RWM,16,1000000,equality,matches_checked,50,14,1018.157750
2ac0eac9c4fbb32c5270547757d233b5030f8fed,"Intel(R) Core(TM) i5-8365U CPU @ 1.60GHz; linux/amd64","2.2.10","-d:release --mm:arc",RWM,16,1000000,equality,matches_checked,50,15,880.168010
2ac0eac9c4fbb32c5270547757d233b5030f8fed,"Intel(R) Core(TM) i5-8365U CPU @ 1.60GHz; linux/amd64","2.2.10","-d:release --mm:arc",RWM,16,1000000,equality,matches_checked,50,16,702.502320
2ac0eac9c4fbb32c5270547757d233b5030f8fed,"Intel(R) Core(TM) i5-8365U CPU @ 1.60GHz; linux/amd64","2.2.10","-d:release --mm:arc",RWM,16,1000000,equality,matches_checked,50,17,604.058510
2ac0eac9c4fbb32c5270547757d233b5030f8fed,"Intel(R) Core(TM) i5-8365U CPU @ 1.60GHz; linux/amd64","2.2.10","-d:release --mm:arc",RWM,16,1000000,equality,matches_checked,50,18,593.190980
2ac0eac9c4fbb32c5270547757d233b5030f8fed,"Intel(R) Core(TM) i5-8365U CPU @ 1.60GHz; linux/amd64","2.2.10","-d:release --mm:arc",RWM,16,1000000,equality,matches_checked,50,19,499.220390
2ac0eac9c4fbb32c5270547757d233b5030f8fed,"Intel(R) Core(TM) i5-8365U CPU @ 1.60GHz; linux/amd64","2.2.10","-d:release --mm:arc",RWM,16,1000000,equality,matches_checked,50,20,541.967480
2ac0eac9c4fbb32c5270547757d233b5030f8fed,"Intel(R) Core(TM) i5-8365U CPU @ 1.60GHz; linux/amd64","2.2.10","-d:release --mm:arc",RWM,16,1000000,equality,matches_checked,50,21,605.456590
2ac0eac9c4fbb32c5270547757d233b5030f8fed,"Intel(R) Core(TM) i5-8365U CPU @ 1.60GHz; linux/amd64","2.2.10","-d:release --mm:arc",RWM,16,1000000,equality,matches_unchecked,50,1,533.348060
2ac0eac9c4fbb32c5270547757d233b5030f8fed,"Intel(R) Core(TM) i5-8365U CPU @ 1.60GHz; linux/amd64","2.2.10","-d:release --mm:arc",RWM,16,1000000,equality,matches_unchecked,50,2,507.418790
2ac0eac9c4fbb32c5270547757d233b5030f8fed,"Intel(R) Core(TM) i5-8365U CPU @ 1.60GHz; linux/amd64","2.2.10","-d:release --mm:arc",RWM,16,1000000,equality,matches_unchecked,50,3,657.691140
2ac0eac9c4fbb32c5270547757d233b5030f8fed,"Intel(R) Core(TM) i5-8365U CPU @ 1.60GHz; linux/amd64","2.2.10","-d:release --mm:arc",RWM,16,1000000,equality,matches_unchecked,50,4,528.918840
2ac0eac9c4fbb32c5270547757d233b5030f8fed,"Intel(R) Core(TM) i5-8365U CPU @ 1.60GHz; linux/amd64","2.2.10","-d:release --mm:arc",RWM,16,1000000,equality,matches_unchecked,50,5,624.740530
2ac0eac9c4fbb32c5270547757d233b5030f8fed,"Intel(R) Core(TM) i5-8365U CPU @ 1.60GHz; linux/amd64","2.2.10","-d:release --mm:arc",RWM,16,1000000,equality,matches_unchecked,50,6,544.459600
2ac0eac9c4fbb32c5270547757d233b5030f8fed,"Intel(R) Core(TM) i5-8365U CPU @ 1.60GHz; linux/amd64","2.2.10","-d:release --mm:arc",RWM,16,1000000,equality,matches_unchecked,50,7,664.818480
2ac0eac9c4fbb32c5270547757d233b5030f8fed,"Intel(R) Core(TM) i5-8365U CPU @ 1.60GHz; linux/amd64","2.2.10","-d:release --mm:arc",RWM,16,1000000,equality,matches_unchecked,50,8,706.959550
2ac0eac9c4fbb32c5270547757d233b5030f8fed,"Intel(R) Core(TM) i5-8365U CPU @ 1.60GHz; linux/amd64","2.2.10","-d:release --mm:arc",RWM,16,1000000,equality,matches_unchecked,50,9,515.820200
2ac0eac9c4fbb32c5270547757d233b5030f8fed,"Intel(R) Core(TM) i5-8365U CPU @ 1.60GHz; linux/amd64","2.2.10","-d:release --mm:arc",RWM,16,1000000,equality,matches_unchecked,50,10,699.168160
2ac0eac9c4fbb32c5270547757d233b5030f8fed,"Intel(R) Core(TM) i5-8365U CPU @ 1.60GHz; linux/amd64","2.2.10","-d:release --mm:arc",RWM,16,1000000,equality,matches_unchecked,50,11,497.401300
2ac0eac9c4fbb32c5270547757d233b5030f8fed,"Intel(R) Core(TM) i5-8365U CPU @ 1.60GHz; linux/amd64","2.2.10","-d:release --mm:arc",RWM,16,1000000,equality,matches_unchecked,50,12,711.201750
2ac0eac9c4fbb32c5270547757d233b5030f8fed,"Intel(R) Core(TM) i5-8365U CPU @ 1.60GHz; linux/amd64","2.2.10","-d:release --mm:arc",RWM,16,1000000,equality,matches_unchecked,50,13,560.492390
2ac0eac9c4fbb32c5270547757d233b5030f8fed,"Intel(R) Core(TM) i5-8365U CPU @ 1.60GHz; linux/amd64","2.2.10","-d:release --mm:arc",RWM,16,1000000,equality,matches_unchecked,50,14,616.188110
2ac0eac9c4fbb32c5270547757d233b5030f8fed,"Intel(R) Core(TM) i5-8365U CPU @ 1.60GHz; linux/amd64","2.2.10","-d:release --mm:arc",RWM,16,1000000,equality,matches_unchecked,50,15,551.525950
2ac0eac9c4fbb32c5270547757d233b5030f8fed,"Intel(R) Core(TM) i5-8365U CPU @ 1.60GHz; linux/amd64","2.2.10","-d:release --mm:arc",RWM,16,1000000,equality,matches_unchecked,50,16,535.072140
2ac0eac9c4fbb32c5270547757d233b5030f8fed,"Intel(R) Core(TM) i5-8365U CPU @ 1.60GHz; linux/amd64","2.2.10","-d:release --mm:arc",RWM,16,1000000,equality,matches_unchecked,50,17,519.701390
2ac0eac9c4fbb32c5270547757d233b5030f8fed,"Intel(R) Core(TM) i5-8365U CPU @ 1.60GHz; linux/amd64","2.2.10","-d:release --mm:arc",RWM,16,1000000,equality,matches_unchecked,50,18,546.910730
2ac0eac9c4fbb32c5270547757d233b5030f8fed,"Intel(R) Core(TM) i5-8365U CPU @ 1.60GHz; linux/amd64","2.2.10","-d:release --mm:arc",RWM,16,1000000,equality,matches_unchecked,50,19,511.095970
2ac0eac9c4fbb32c5270547757d233b5030f8fed,"Intel(R) Core(TM) i5-8365U CPU @ 1.60GHz; linux/amd64","2.2.10","-d:release --mm:arc",RWM,16,1000000,equality,matches_unchecked,50,20,520.189420
2ac0eac9c4fbb32c5270547757d233b5030f8fed,"Intel(R) Core(TM) i5-8365U CPU @ 1.60GHz; linux/amd64","2.2.10","-d:release --mm:arc",RWM,16,1000000,equality,matches_unchecked,50,21,609.034750
2ac0eac9c4fbb32c5270547757d233b5030f8fed,"Intel(R) Core(TM) i5-8365U CPU @ 1.60GHz; linux/amd64","2.2.10","-d:release --mm:arc",WM,16,1000000,equality,access,100,1,1074.566500
2ac0eac9c4fbb32c5270547757d233b5030f8fed,"Intel(R) Core(TM) i5-8365U CPU @ 1.60GHz; linux/amd64","2.2.10","-d:release --mm:arc",WM,16,1000000,equality,access,100,2,1125.207980
2ac0eac9c4fbb32c5270547757d233b5030f8fed,"Intel(R) Core(TM) i5-8365U CPU @ 1.60GHz; linux/amd64","2.2.10","-d:release --mm:arc",WM,16,1000000,equality,access,100,3,1117.340600
2ac0eac9c4fbb32c5270547757d233b5030f8fed,"Intel(R) Core(TM) i5-8365U CPU @ 1.60GHz; linux/amd64","2.2.10","-d:release --mm:arc",WM,16,1000000,equality,access,100,4,1060.195800
2ac0eac9c4fbb32c5270547757d233b5030f8fed,"Intel(R) Core(TM) i5-8365U CPU @ 1.60GHz; linux/amd64","2.2.10","-d:release --mm:arc",WM,16,1000000,equality,access,100,5,1089.340220
2ac0eac9c4fbb32c5270547757d233b5030f8fed,"Intel(R) Core(TM) i5-8365U CPU @ 1.60GHz; linux/amd64","2.2.10","-d:release --mm:arc",WM,16,1000000,equality,access,100,6,1041.497890
2ac0eac9c4fbb32c5270547757d233b5030f8fed,"Intel(R) Core(TM) i5-8365U CPU @ 1.60GHz; linux/amd64","2.2.10","-d:release --mm:arc",WM,16,1000000,equality,access,100,7,1036.145630
2ac0eac9c4fbb32c5270547757d233b5030f8fed,"Intel(R) Core(TM) i5-8365U CPU @ 1.60GHz; linux/amd64","2.2.10","-d:release --mm:arc",WM,16,1000000,equality,access,100,8,1104.732980
2ac0eac9c4fbb32c5270547757d233b5030f8fed,"Intel(R) Core(TM) i5-8365U CPU @ 1.60GHz; linux/amd64","2.2.10","-d:release --mm:arc",WM,16,1000000,equality,access,100,9,1105.259000
2ac0eac9c4fbb32c5270547757d233b5030f8fed,"Intel(R) Core(TM) i5-8365U CPU @ 1.60GHz; linux/amd64","2.2.10","-d:release --mm:arc",WM,16,1000000,equality,access,100,10,1075.685560
2ac0eac9c4fbb32c5270547757d233b5030f8fed,"Intel(R) Core(TM) i5-8365U CPU @ 1.60GHz; linux/amd64","2.2.10","-d:release --mm:arc",WM,16,1000000,equality,access,100,11,1294.049230
2ac0eac9c4fbb32c5270547757d233b5030f8fed,"Intel(R) Core(TM) i5-8365U CPU @ 1.60GHz; linux/amd64","2.2.10","-d:release --mm:arc",WM,16,1000000,equality,access,100,12,1100.573770
2ac0eac9c4fbb32c5270547757d233b5030f8fed,"Intel(R) Core(TM) i5-8365U CPU @ 1.60GHz; linux/amd64","2.2.10","-d:release --mm:arc",WM,16,1000000,equality,access,100,13,1319.462470
2ac0eac9c4fbb32c5270547757d233b5030f8fed,"Intel(R) Core(TM) i5-8365U CPU @ 1.60GHz; linux/amd64","2.2.10","-d:release --mm:arc",WM,16,1000000,equality,access,100,14,1086.262080
2ac0eac9c4fbb32c5270547757d233b5030f8fed,"Intel(R) Core(TM) i5-8365U CPU @ 1.60GHz; linux/amd64","2.2.10","-d:release --mm:arc",WM,16,1000000,equality,access,100,15,1071.653510
2ac0eac9c4fbb32c5270547757d233b5030f8fed,"Intel(R) Core(TM) i5-8365U CPU @ 1.60GHz; linux/amd64","2.2.10","-d:release --mm:arc",WM,16,1000000,equality,access,100,16,1094.056000
2ac0eac9c4fbb32c5270547757d233b5030f8fed,"Intel(R) Core(TM) i5-8365U CPU @ 1.60GHz; linux/amd64","2.2.10","-d:release --mm:arc",WM,16,1000000,equality,access,100,17,1035.644950
2ac0eac9c4fbb32c5270547757d233b5030f8fed,"Intel(R) Core(TM) i5-8365U CPU @ 1.60GHz; linux/amd64","2.2.10","-d:release --mm:arc",WM,16,1000000,equality,access,100,18,1027.224520
2ac0eac9c4fbb32c5270547757d233b5030f8fed,"Intel(R) Core(TM) i5-8365U CPU @ 1.60GHz; linux/amd64","2.2.10","-d:release --mm:arc",WM,16,1000000,equality,access,100,19,1119.239310
2ac0eac9c4fbb32c5270547757d233b5030f8fed,"Intel(R) Core(TM) i5-8365U CPU @ 1.60GHz; linux/amd64","2.2.10","-d:release --mm:arc",WM,16,1000000,equality,access,100,20,1024.789390
2ac0eac9c4fbb32c5270547757d233b5030f8fed,"Intel(R) Core(TM) i5-8365U CPU @ 1.60GHz; linux/amd64","2.2.10","-d:release --mm:arc",WM,16,1000000,equality,access,100,21,1182.965630
2ac0eac9c4fbb32c5270547757d233b5030f8fed,"Intel(R) Core(TM) i5-8365U CPU @ 1.60GHz; linux/amd64","2.2.10","-d:release --mm:arc",WM,16,1000000,equality,matches_checked,100,1,944.357200
2ac0eac9c4fbb32c5270547757d233b5030f8fed,"Intel(R) Core(TM) i5-8365U CPU @ 1.60GHz; linux/amd64","2.2.10","-d:release --mm:arc",WM,16,1000000,equality,matches_checked,100,2,998.317010
2ac0eac9c4fbb32c5270547757d233b5030f8fed,"Intel(R) Core(TM) i5-8365U CPU @ 1.60GHz; linux/amd64","2.2.10","-d:release --mm:arc",WM,16,1000000,equality,matches_checked,100,3,1026.478480
2ac0eac9c4fbb32c5270547757d233b5030f8fed,"Intel(R) Core(TM) i5-8365U CPU @ 1.60GHz; linux/amd64","2.2.10","-d:release --mm:arc",WM,16,1000000,equality,matches_checked,100,4,1143.937600
2ac0eac9c4fbb32c5270547757d233b5030f8fed,"Intel(R) Core(TM) i5-8365U CPU @ 1.60GHz; linux/amd64","2.2.10","-d:release --mm:arc",WM,16,1000000,equality,matches_checked,100,5,991.751660
2ac0eac9c4fbb32c5270547757d233b5030f8fed,"Intel(R) Core(TM) i5-8365U CPU @ 1.60GHz; linux/amd64","2.2.10","-d:release --mm:arc",WM,16,1000000,equality,matches_checked,100,6,1031.761760
2ac0eac9c4fbb32c5270547757d233b5030f8fed,"Intel(R) Core(TM) i5-8365U CPU @ 1.60GHz; linux/amd64","2.2.10","-d:release --mm:arc",WM,16,1000000,equality,matches_checked,100,7,939.926970
2ac0eac9c4fbb32c5270547757d233b5030f8fed,"Intel(R) Core(TM) i5-8365U CPU @ 1.60GHz; linux/amd64","2.2.10","-d:release --mm:arc",WM,16,1000000,equality,matches_checked,100,8,935.114710
2ac0eac9c4fbb32c5270547757d233b5030f8fed,"Intel(R) Core(TM) i5-8365U CPU @ 1.60GHz; linux/amd64","2.2.10","-d:release --mm:arc",WM,16,1000000,equality,matches_checked,100,9,989.565560
2ac0eac9c4fbb32c5270547757d233b5030f8fed,"Intel(R) Core(TM) i5-8365U CPU @ 1.60GHz; linux/amd64","2.2.10","-d:release --mm:arc",WM,16,1000000,equality,matches_checked,100,10,1197.262370
2ac0eac9c4fbb32c5270547757d233b5030f8fed,"Intel(R) Core(TM) i5-8365U CPU @ 1.60GHz; linux/amd64","2.2.10","-d:release --mm:arc",WM,16,1000000,equality,matches_checked,100,11,1073.904950
2ac0eac9c4fbb32c5270547757d233b5030f8fed,"Intel(R) Core(TM) i5-8365U CPU @ 1.60GHz; linux/amd64","2.2.10","-d:release --mm:arc",WM,16,1000000,equality,matches_checked,100,12,916.717760
2ac0eac9c4fbb32c5270547757d233b5030f8fed,"Intel(R) Core(TM) i5-8365U CPU @ 1.60GHz; linux/amd64","2.2.10","-d:release --mm:arc",WM,16,1000000,equality,matches_checked,100,13,938.317890
2ac0eac9c4fbb32c5270547757d233b5030f8fed,"Intel(R) Core(TM) i5-8365U CPU @ 1.60GHz; linux/amd64","2.2.10","-d:release --mm:arc",WM,16,1000000,equality,matches_checked,100,14,962.893160
2ac0eac9c4fbb32c5270547757d233b5030f8fed,"Intel(R) Core(TM) i5-8365U CPU @ 1.60GHz; linux/amd64","2.2.10","-d:release --mm:arc",WM,16,1000000,equality,matches_checked,100,15,921.501010
2ac0eac9c4fbb32c5270547757d233b5030f8fed,"Intel(R) Core(TM) i5-8365U CPU @ 1.60GHz; linux/amd64","2.2.10","-d:release --mm:arc",WM,16,1000000,equality,matches_checked,100,16,969.758520
2ac0eac9c4fbb32c5270547757d233b5030f8fed,"Intel(R) Core(TM) i5-8365U CPU @ 1.60GHz; linux/amd64","2.2.10","-d:release --mm:arc",WM,16,1000000,equality,matches_checked,100,17,1236.286410
2ac0eac9c4fbb32c5270547757d233b5030f8fed,"Intel(R) Core(TM) i5-8365U CPU @ 1.60GHz; linux/amd64","2.2.10","-d:release --mm:arc",WM,16,1000000,equality,matches_checked,100,18,1035.558950
2ac0eac9c4fbb32c5270547757d233b5030f8fed,"Intel(R) Core(TM) i5-8365U CPU @ 1.60GHz; linux/amd64","2.2.10","-d:release --mm:arc",WM,16,1000000,equality,matches_checked,100,19,1058.721160
2ac0eac9c4fbb32c5270547757d233b5030f8fed,"Intel(R) Core(TM) i5-8365U CPU @ 1.60GHz; linux/amd64","2.2.10","-d:release --mm:arc",WM,16,1000000,equality,matches_checked,100,20,975.222810
2ac0eac9c4fbb32c5270547757d233b5030f8fed,"Intel(R) Core(TM) i5-8365U CPU @ 1.60GHz; linux/amd64","2.2.10","-d:release --mm:arc",WM,16,1000000,equality,matches_checked,100,21,1016.426950
2ac0eac9c4fbb32c5270547757d233b5030f8fed,"Intel(R) Core(TM) i5-8365U CPU @ 1.60GHz; linux/amd64","2.2.10","-d:release --mm:arc",WM,16,1000000,equality,matches_unchecked,100,1,963.495200
2ac0eac9c4fbb32c5270547757d233b5030f8fed,"Intel(R) Core(TM) i5-8365U CPU @ 1.60GHz; linux/amd64","2.2.10","-d:release --mm:arc",WM,16,1000000,equality,matches_unchecked,100,2,894.149580
2ac0eac9c4fbb32c5270547757d233b5030f8fed,"Intel(R) Core(TM) i5-8365U CPU @ 1.60GHz; linux/amd64","2.2.10","-d:release --mm:arc",WM,16,1000000,equality,matches_unchecked,100,3,916.465750
2ac0eac9c4fbb32c5270547757d233b5030f8fed,"Intel(R) Core(TM) i5-8365U CPU @ 1.60GHz; linux/amd64","2.2.10","-d:release --mm:arc",WM,16,1000000,equality,matches_unchecked,100,4,961.612100
2ac0eac9c4fbb32c5270547757d233b5030f8fed,"Intel(R) Core(TM) i5-8365U CPU @ 1.60GHz; linux/amd64","2.2.10","-d:release --mm:arc",WM,16,1000000,equality,matches_unchecked,100,5,998.220000
2ac0eac9c4fbb32c5270547757d233b5030f8fed,"Intel(R) Core(TM) i5-8365U CPU @ 1.60GHz; linux/amd64","2.2.10","-d:release --mm:arc",WM,16,1000000,equality,matches_unchecked,100,6,1026.736500
2ac0eac9c4fbb32c5270547757d233b5030f8fed,"Intel(R) Core(TM) i5-8365U CPU @ 1.60GHz; linux/amd64","2.2.10","-d:release --mm:arc",WM,16,1000000,equality,matches_unchecked,100,7,1034.636900
2ac0eac9c4fbb32c5270547757d233b5030f8fed,"Intel(R) Core(TM) i5-8365U CPU @ 1.60GHz; linux/amd64","2.2.10","-d:release --mm:arc",WM,16,1000000,equality,matches_unchecked,100,8,955.112760
2ac0eac9c4fbb32c5270547757d233b5030f8fed,"Intel(R) Core(TM) i5-8365U CPU @ 1.60GHz; linux/amd64","2.2.10","-d:release --mm:arc",WM,16,1000000,equality,matches_unchecked,100,9,1132.112980
2ac0eac9c4fbb32c5270547757d233b5030f8fed,"Intel(R) Core(TM) i5-8365U CPU @ 1.60GHz; linux/amd64","2.2.10","-d:release --mm:arc",WM,16,1000000,equality,matches_unchecked,100,10,941.154030
2ac0eac9c4fbb32c5270547757d233b5030f8fed,"Intel(R) Core(TM) i5-8365U CPU @ 1.60GHz; linux/amd64","2.2.10","-d:release --mm:arc",WM,16,1000000,equality,matches_unchecked,100,11,944.415200
2ac0eac9c4fbb32c5270547757d233b5030f8fed,"Intel(R) Core(TM) i5-8365U CPU @ 1.60GHz; linux/amd64","2.2.10","-d:release --mm:arc",WM,16,1000000,equality,matches_unchecked,100,12,973.099700
2ac0eac9c4fbb32c5270547757d233b5030f8fed,"Intel(R) Core(TM) i5-8365U CPU @ 1.60GHz; linux/amd64","2.2.10","-d:release --mm:arc",WM,16,1000000,equality,matches_unchecked,100,13,1044.394410
2ac0eac9c4fbb32c5270547757d233b5030f8fed,"Intel(R) Core(TM) i5-8365U CPU @ 1.60GHz; linux/amd64","2.2.10","-d:release --mm:arc",WM,16,1000000,equality,matches_unchecked,100,14,950.351510
2ac0eac9c4fbb32c5270547757d233b5030f8fed,"Intel(R) Core(TM) i5-8365U CPU @ 1.60GHz; linux/amd64","2.2.10","-d:release --mm:arc",WM,16,1000000,equality,matches_unchecked,100,15,972.544670
2ac0eac9c4fbb32c5270547757d233b5030f8fed,"Intel(R) Core(TM) i5-8365U CPU @ 1.60GHz; linux/amd64","2.2.10","-d:release --mm:arc",WM,16,1000000,equality,matches_unchecked,100,16,1189.706980
2ac0eac9c4fbb32c5270547757d233b5030f8fed,"Intel(R) Core(TM) i5-8365U CPU @ 1.60GHz; linux/amd64","2.2.10","-d:release --mm:arc",WM,16,1000000,equality,matches_unchecked,100,17,970.273550
2ac0eac9c4fbb32c5270547757d233b5030f8fed,"Intel(R) Core(TM) i5-8365U CPU @ 1.60GHz; linux/amd64","2.2.10","-d:release --mm:arc",WM,16,1000000,equality,matches_unchecked,100,18,918.734870
2ac0eac9c4fbb32c5270547757d233b5030f8fed,"Intel(R) Core(TM) i5-8365U CPU @ 1.60GHz; linux/amd64","2.2.10","-d:release --mm:arc",WM,16,1000000,equality,matches_unchecked,100,19,937.488840
2ac0eac9c4fbb32c5270547757d233b5030f8fed,"Intel(R) Core(TM) i5-8365U CPU @ 1.60GHz; linux/amd64","2.2.10","-d:release --mm:arc",WM,16,1000000,equality,matches_unchecked,100,20,939.203930
2ac0eac9c4fbb32c5270547757d233b5030f8fed,"Intel(R) Core(TM) i5-8365U CPU @ 1.60GHz; linux/amd64","2.2.10","-d:release --mm:arc",WM,16,1000000,equality,matches_unchecked,100,21,933.506630
2ac0eac9c4fbb32c5270547757d233b5030f8fed,"Intel(R) Core(TM) i5-8365U CPU @ 1.60GHz; linux/amd64","2.2.10","-d:release --mm:arc",RWM,16,1000000,equality,access,100,1,1045.242450
2ac0eac9c4fbb32c5270547757d233b5030f8fed,"Intel(R) Core(TM) i5-8365U CPU @ 1.60GHz; linux/amd64","2.2.10","-d:release --mm:arc",RWM,16,1000000,equality,access,100,2,1056.284030
2ac0eac9c4fbb32c5270547757d233b5030f8fed,"Intel(R) Core(TM) i5-8365U CPU @ 1.60GHz; linux/amd64","2.2.10","-d:release --mm:arc",RWM,16,1000000,equality,access,100,3,1250.657160
2ac0eac9c4fbb32c5270547757d233b5030f8fed,"Intel(R) Core(TM) i5-8365U CPU @ 1.60GHz; linux/amd64","2.2.10","-d:release --mm:arc",RWM,16,1000000,equality,access,100,4,1086.422600
2ac0eac9c4fbb32c5270547757d233b5030f8fed,"Intel(R) Core(TM) i5-8365U CPU @ 1.60GHz; linux/amd64","2.2.10","-d:release --mm:arc",RWM,16,1000000,equality,access,100,5,2078.471280
2ac0eac9c4fbb32c5270547757d233b5030f8fed,"Intel(R) Core(TM) i5-8365U CPU @ 1.60GHz; linux/amd64","2.2.10","-d:release --mm:arc",RWM,16,1000000,equality,access,100,6,1384.742150
2ac0eac9c4fbb32c5270547757d233b5030f8fed,"Intel(R) Core(TM) i5-8365U CPU @ 1.60GHz; linux/amd64","2.2.10","-d:release --mm:arc",RWM,16,1000000,equality,access,100,7,1131.933970
2ac0eac9c4fbb32c5270547757d233b5030f8fed,"Intel(R) Core(TM) i5-8365U CPU @ 1.60GHz; linux/amd64","2.2.10","-d:release --mm:arc",RWM,16,1000000,equality,access,100,8,1037.286040
2ac0eac9c4fbb32c5270547757d233b5030f8fed,"Intel(R) Core(TM) i5-8365U CPU @ 1.60GHz; linux/amd64","2.2.10","-d:release --mm:arc",RWM,16,1000000,equality,access,100,9,1052.338820
2ac0eac9c4fbb32c5270547757d233b5030f8fed,"Intel(R) Core(TM) i5-8365U CPU @ 1.60GHz; linux/amd64","2.2.10","-d:release --mm:arc",RWM,16,1000000,equality,access,100,10,1053.326880
2ac0eac9c4fbb32c5270547757d233b5030f8fed,"Intel(R) Core(TM) i5-8365U CPU @ 1.60GHz; linux/amd64","2.2.10","-d:release --mm:arc",RWM,16,1000000,equality,access,100,11,1209.806030
2ac0eac9c4fbb32c5270547757d233b5030f8fed,"Intel(R) Core(TM) i5-8365U CPU @ 1.60GHz; linux/amd64","2.2.10","-d:release --mm:arc",RWM,16,1000000,equality,access,100,12,1054.441930
2ac0eac9c4fbb32c5270547757d233b5030f8fed,"Intel(R) Core(TM) i5-8365U CPU @ 1.60GHz; linux/amd64","2.2.10","-d:release --mm:arc",RWM,16,1000000,equality,access,100,13,1007.797510
2ac0eac9c4fbb32c5270547757d233b5030f8fed,"Intel(R) Core(TM) i5-8365U CPU @ 1.60GHz; linux/amd64","2.2.10","-d:release --mm:arc",RWM,16,1000000,equality,access,100,14,1027.492530
2ac0eac9c4fbb32c5270547757d233b5030f8fed,"Intel(R) Core(TM) i5-8365U CPU @ 1.60GHz; linux/amd64","2.2.10","-d:release --mm:arc",RWM,16,1000000,equality,access,100,15,1080.060270
2ac0eac9c4fbb32c5270547757d233b5030f8fed,"Intel(R) Core(TM) i5-8365U CPU @ 1.60GHz; linux/amd64","2.2.10","-d:release --mm:arc",RWM,16,1000000,equality,access,100,16,1107.495700
2ac0eac9c4fbb32c5270547757d233b5030f8fed,"Intel(R) Core(TM) i5-8365U CPU @ 1.60GHz; linux/amd64","2.2.10","-d:release --mm:arc",RWM,16,1000000,equality,access,100,17,1016.835970
2ac0eac9c4fbb32c5270547757d233b5030f8fed,"Intel(R) Core(TM) i5-8365U CPU @ 1.60GHz; linux/amd64","2.2.10","-d:release --mm:arc",RWM,16,1000000,equality,access,100,18,1016.452960
2ac0eac9c4fbb32c5270547757d233b5030f8fed,"Intel(R) Core(TM) i5-8365U CPU @ 1.60GHz; linux/amd64","2.2.10","-d:release --mm:arc",RWM,16,1000000,equality,access,100,19,1206.724870
2ac0eac9c4fbb32c5270547757d233b5030f8fed,"Intel(R) Core(TM) i5-8365U CPU @ 1.60GHz; linux/amd64","2.2.10","-d:release --mm:arc",RWM,16,1000000,equality,access,100,20,1206.170840
2ac0eac9c4fbb32c5270547757d233b5030f8fed,"Intel(R) Core(TM) i5-8365U CPU @ 1.60GHz; linux/amd64","2.2.10","-d:release --mm:arc",RWM,16,1000000,equality,access,100,21,1070.419760
2ac0eac9c4fbb32c5270547757d233b5030f8fed,"Intel(R) Core(TM) i5-8365U CPU @ 1.60GHz; linux/amd64","2.2.10","-d:release --mm:arc",RWM,16,1000000,equality,matches_checked,100,1,903.587080
2ac0eac9c4fbb32c5270547757d233b5030f8fed,"Intel(R) Core(TM) i5-8365U CPU @ 1.60GHz; linux/amd64","2.2.10","-d:release --mm:arc",RWM,16,1000000,equality,matches_checked,100,2,1060.613250
2ac0eac9c4fbb32c5270547757d233b5030f8fed,"Intel(R) Core(TM) i5-8365U CPU @ 1.60GHz; linux/amd64","2.2.10","-d:release --mm:arc",RWM,16,1000000,equality,matches_checked,100,3,956.963590
2ac0eac9c4fbb32c5270547757d233b5030f8fed,"Intel(R) Core(TM) i5-8365U CPU @ 1.60GHz; linux/amd64","2.2.10","-d:release --mm:arc",RWM,16,1000000,equality,matches_checked,100,4,1003.558140
2ac0eac9c4fbb32c5270547757d233b5030f8fed,"Intel(R) Core(TM) i5-8365U CPU @ 1.60GHz; linux/amd64","2.2.10","-d:release --mm:arc",RWM,16,1000000,equality,matches_checked,100,5,1056.731950
2ac0eac9c4fbb32c5270547757d233b5030f8fed,"Intel(R) Core(TM) i5-8365U CPU @ 1.60GHz; linux/amd64","2.2.10","-d:release --mm:arc",RWM,16,1000000,equality,matches_checked,100,6,911.658270
2ac0eac9c4fbb32c5270547757d233b5030f8fed,"Intel(R) Core(TM) i5-8365U CPU @ 1.60GHz; linux/amd64","2.2.10","-d:release --mm:arc",RWM,16,1000000,equality,matches_checked,100,7,950.968350
2ac0eac9c4fbb32c5270547757d233b5030f8fed,"Intel(R) Core(TM) i5-8365U CPU @ 1.60GHz; linux/amd64","2.2.10","-d:release --mm:arc",RWM,16,1000000,equality,matches_checked,100,8,950.744340
2ac0eac9c4fbb32c5270547757d233b5030f8fed,"Intel(R) Core(TM) i5-8365U CPU @ 1.60GHz; linux/amd64","2.2.10","-d:release --mm:arc",RWM,16,1000000,equality,matches_checked,100,9,921.352780
2ac0eac9c4fbb32c5270547757d233b5030f8fed,"Intel(R) Core(TM) i5-8365U CPU @ 1.60GHz; linux/amd64","2.2.10","-d:release --mm:arc",RWM,16,1000000,equality,matches_checked,100,10,927.794130
2ac0eac9c4fbb32c5270547757d233b5030f8fed,"Intel(R) Core(TM) i5-8365U CPU @ 1.60GHz; linux/amd64","2.2.10","-d:release --mm:arc",RWM,16,1000000,equality,matches_checked,100,11,1004.872200
2ac0eac9c4fbb32c5270547757d233b5030f8fed,"Intel(R) Core(TM) i5-8365U CPU @ 1.60GHz; linux/amd64","2.2.10","-d:release --mm:arc",RWM,16,1000000,equality,matches_checked,100,12,902.444780
2ac0eac9c4fbb32c5270547757d233b5030f8fed,"Intel(R) Core(TM) i5-8365U CPU @ 1.60GHz; linux/amd64","2.2.10","-d:release --mm:arc",RWM,16,1000000,equality,matches_checked,100,13,908.625110
2ac0eac9c4fbb32c5270547757d233b5030f8fed,"Intel(R) Core(TM) i5-8365U CPU @ 1.60GHz; linux/amd64","2.2.10","-d:release --mm:arc",RWM,16,1000000,equality,matches_checked,100,14,894.809380
2ac0eac9c4fbb32c5270547757d233b5030f8fed,"Intel(R) Core(TM) i5-8365U CPU @ 1.60GHz; linux/amd64","2.2.10","-d:release --mm:arc",RWM,16,1000000,equality,matches_checked,100,15,924.278940
2ac0eac9c4fbb32c5270547757d233b5030f8fed,"Intel(R) Core(TM) i5-8365U CPU @ 1.60GHz; linux/amd64","2.2.10","-d:release --mm:arc",RWM,16,1000000,equality,matches_checked,100,16,893.529310
2ac0eac9c4fbb32c5270547757d233b5030f8fed,"Intel(R) Core(TM) i5-8365U CPU @ 1.60GHz; linux/amd64","2.2.10","-d:release --mm:arc",RWM,16,1000000,equality,matches_checked,100,17,888.601050
2ac0eac9c4fbb32c5270547757d233b5030f8fed,"Intel(R) Core(TM) i5-8365U CPU @ 1.60GHz; linux/amd64","2.2.10","-d:release --mm:arc",RWM,16,1000000,equality,matches_checked,100,18,963.895030
2ac0eac9c4fbb32c5270547757d233b5030f8fed,"Intel(R) Core(TM) i5-8365U CPU @ 1.60GHz; linux/amd64","2.2.10","-d:release --mm:arc",RWM,16,1000000,equality,matches_checked,100,19,1136.650190
2ac0eac9c4fbb32c5270547757d233b5030f8fed,"Intel(R) Core(TM) i5-8365U CPU @ 1.60GHz; linux/amd64","2.2.10","-d:release --mm:arc",RWM,16,1000000,equality,matches_checked,100,20,953.013460
2ac0eac9c4fbb32c5270547757d233b5030f8fed,"Intel(R) Core(TM) i5-8365U CPU @ 1.60GHz; linux/amd64","2.2.10","-d:release --mm:arc",RWM,16,1000000,equality,matches_checked,100,21,937.705650
2ac0eac9c4fbb32c5270547757d233b5030f8fed,"Intel(R) Core(TM) i5-8365U CPU @ 1.60GHz; linux/amd64","2.2.10","-d:release --mm:arc",RWM,16,1000000,equality,matches_unchecked,100,1,943.991980
2ac0eac9c4fbb32c5270547757d233b5030f8fed,"Intel(R) Core(TM) i5-8365U CPU @ 1.60GHz; linux/amd64","2.2.10","-d:release --mm:arc",RWM,16,1000000,equality,matches_unchecked,100,2,1098.979190
2ac0eac9c4fbb32c5270547757d233b5030f8fed,"Intel(R) Core(TM) i5-8365U CPU @ 1.60GHz; linux/amd64","2.2.10","-d:release --mm:arc",RWM,16,1000000,equality,matches_unchecked,100,3,981.172950
2ac0eac9c4fbb32c5270547757d233b5030f8fed,"Intel(R) Core(TM) i5-8365U CPU @ 1.60GHz; linux/amd64","2.2.10","-d:release --mm:arc",RWM,16,1000000,equality,matches_unchecked,100,4,1002.749090
2ac0eac9c4fbb32c5270547757d233b5030f8fed,"Intel(R) Core(TM) i5-8365U CPU @ 1.60GHz; linux/amd64","2.2.10","-d:release --mm:arc",RWM,16,1000000,equality,matches_unchecked,100,5,945.133040
2ac0eac9c4fbb32c5270547757d233b5030f8fed,"Intel(R) Core(TM) i5-8365U CPU @ 1.60GHz; linux/amd64","2.2.10","-d:release --mm:arc",RWM,16,1000000,equality,matches_unchecked,100,6,920.915760
2ac0eac9c4fbb32c5270547757d233b5030f8fed,"Intel(R) Core(TM) i5-8365U CPU @ 1.60GHz; linux/amd64","2.2.10","-d:release --mm:arc",RWM,16,1000000,equality,matches_unchecked,100,7,1192.897160
2ac0eac9c4fbb32c5270547757d233b5030f8fed,"Intel(R) Core(TM) i5-8365U CPU @ 1.60GHz; linux/amd64","2.2.10","-d:release --mm:arc",RWM,16,1000000,equality,matches_unchecked,100,8,988.786360
2ac0eac9c4fbb32c5270547757d233b5030f8fed,"Intel(R) Core(TM) i5-8365U CPU @ 1.60GHz; linux/amd64","2.2.10","-d:release --mm:arc",RWM,16,1000000,equality,matches_unchecked,100,9,952.966450
2ac0eac9c4fbb32c5270547757d233b5030f8fed,"Intel(R) Core(TM) i5-8365U CPU @ 1.60GHz; linux/amd64","2.2.10","-d:release --mm:arc",RWM,16,1000000,equality,matches_unchecked,100,10,1010.494510
2ac0eac9c4fbb32c5270547757d233b5030f8fed,"Intel(R) Core(TM) i5-8365U CPU @ 1.60GHz; linux/amd64","2.2.10","-d:release --mm:arc",RWM,16,1000000,equality,matches_unchecked,100,11,952.647440
2ac0eac9c4fbb32c5270547757d233b5030f8fed,"Intel(R) Core(TM) i5-8365U CPU @ 1.60GHz; linux/amd64","2.2.10","-d:release --mm:arc",RWM,16,1000000,equality,matches_unchecked,100,12,911.509260
2ac0eac9c4fbb32c5270547757d233b5030f8fed,"Intel(R) Core(TM) i5-8365U CPU @ 1.60GHz; linux/amd64","2.2.10","-d:release --mm:arc",RWM,16,1000000,equality,matches_unchecked,100,13,952.005410
2ac0eac9c4fbb32c5270547757d233b5030f8fed,"Intel(R) Core(TM) i5-8365U CPU @ 1.60GHz; linux/amd64","2.2.10","-d:release --mm:arc",RWM,16,1000000,equality,matches_unchecked,100,14,945.253040
2ac0eac9c4fbb32c5270547757d233b5030f8fed,"Intel(R) Core(TM) i5-8365U CPU @ 1.60GHz; linux/amd64","2.2.10","-d:release --mm:arc",RWM,16,1000000,equality,matches_unchecked,100,15,927.671120
2ac0eac9c4fbb32c5270547757d233b5030f8fed,"Intel(R) Core(TM) i5-8365U CPU @ 1.60GHz; linux/amd64","2.2.10","-d:release --mm:arc",RWM,16,1000000,equality,matches_unchecked,100,16,940.490800
2ac0eac9c4fbb32c5270547757d233b5030f8fed,"Intel(R) Core(TM) i5-8365U CPU @ 1.60GHz; linux/amd64","2.2.10","-d:release --mm:arc",RWM,16,1000000,equality,matches_unchecked,100,17,974.934620
2ac0eac9c4fbb32c5270547757d233b5030f8fed,"Intel(R) Core(TM) i5-8365U CPU @ 1.60GHz; linux/amd64","2.2.10","-d:release --mm:arc",RWM,16,1000000,equality,matches_unchecked,100,18,1085.065450
2ac0eac9c4fbb32c5270547757d233b5030f8fed,"Intel(R) Core(TM) i5-8365U CPU @ 1.60GHz; linux/amd64","2.2.10","-d:release --mm:arc",RWM,16,1000000,equality,matches_unchecked,100,19,974.229580
2ac0eac9c4fbb32c5270547757d233b5030f8fed,"Intel(R) Core(TM) i5-8365U CPU @ 1.60GHz; linux/amd64","2.2.10","-d:release --mm:arc",RWM,16,1000000,equality,matches_unchecked,100,20,979.767880
2ac0eac9c4fbb32c5270547757d233b5030f8fed,"Intel(R) Core(TM) i5-8365U CPU @ 1.60GHz; linux/amd64","2.2.10","-d:release --mm:arc",RWM,16,1000000,equality,matches_unchecked,100,21,955.435590
2ac0eac9c4fbb32c5270547757d233b5030f8fed,"Intel(R) Core(TM) i5-8365U CPU @ 1.60GHz; linux/amd64","2.2.10","-d:release --mm:arc",WM,16,1000000,range,access,0.1,1,1103.462430
2ac0eac9c4fbb32c5270547757d233b5030f8fed,"Intel(R) Core(TM) i5-8365U CPU @ 1.60GHz; linux/amd64","2.2.10","-d:release --mm:arc",WM,16,1000000,range,access,0.1,2,1078.368090
2ac0eac9c4fbb32c5270547757d233b5030f8fed,"Intel(R) Core(TM) i5-8365U CPU @ 1.60GHz; linux/amd64","2.2.10","-d:release --mm:arc",WM,16,1000000,range,access,0.1,3,1095.355000
2ac0eac9c4fbb32c5270547757d233b5030f8fed,"Intel(R) Core(TM) i5-8365U CPU @ 1.60GHz; linux/amd64","2.2.10","-d:release --mm:arc",WM,16,1000000,range,access,0.1,4,987.854300
2ac0eac9c4fbb32c5270547757d233b5030f8fed,"Intel(R) Core(TM) i5-8365U CPU @ 1.60GHz; linux/amd64","2.2.10","-d:release --mm:arc",WM,16,1000000,range,access,0.1,5,1051.685690
2ac0eac9c4fbb32c5270547757d233b5030f8fed,"Intel(R) Core(TM) i5-8365U CPU @ 1.60GHz; linux/amd64","2.2.10","-d:release --mm:arc",WM,16,1000000,range,access,0.1,6,1072.571790
2ac0eac9c4fbb32c5270547757d233b5030f8fed,"Intel(R) Core(TM) i5-8365U CPU @ 1.60GHz; linux/amd64","2.2.10","-d:release --mm:arc",WM,16,1000000,range,access,0.1,7,1034.141750
2ac0eac9c4fbb32c5270547757d233b5030f8fed,"Intel(R) Core(TM) i5-8365U CPU @ 1.60GHz; linux/amd64","2.2.10","-d:release --mm:arc",WM,16,1000000,range,access,0.1,8,1015.072750
2ac0eac9c4fbb32c5270547757d233b5030f8fed,"Intel(R) Core(TM) i5-8365U CPU @ 1.60GHz; linux/amd64","2.2.10","-d:release --mm:arc",WM,16,1000000,range,access,0.1,9,1047.380450
2ac0eac9c4fbb32c5270547757d233b5030f8fed,"Intel(R) Core(TM) i5-8365U CPU @ 1.60GHz; linux/amd64","2.2.10","-d:release --mm:arc",WM,16,1000000,range,access,0.1,10,1281.507860
2ac0eac9c4fbb32c5270547757d233b5030f8fed,"Intel(R) Core(TM) i5-8365U CPU @ 1.60GHz; linux/amd64","2.2.10","-d:release --mm:arc",WM,16,1000000,range,access,0.1,11,1090.189720
2ac0eac9c4fbb32c5270547757d233b5030f8fed,"Intel(R) Core(TM) i5-8365U CPU @ 1.60GHz; linux/amd64","2.2.10","-d:release --mm:arc",WM,16,1000000,range,access,0.1,12,1123.522490
2ac0eac9c4fbb32c5270547757d233b5030f8fed,"Intel(R) Core(TM) i5-8365U CPU @ 1.60GHz; linux/amd64","2.2.10","-d:release --mm:arc",WM,16,1000000,range,access,0.1,13,1164.816670
2ac0eac9c4fbb32c5270547757d233b5030f8fed,"Intel(R) Core(TM) i5-8365U CPU @ 1.60GHz; linux/amd64","2.2.10","-d:release --mm:arc",WM,16,1000000,range,access,0.1,14,1122.615440
2ac0eac9c4fbb32c5270547757d233b5030f8fed,"Intel(R) Core(TM) i5-8365U CPU @ 1.60GHz; linux/amd64","2.2.10","-d:release --mm:arc",WM,16,1000000,range,access,0.1,15,1175.380230
2ac0eac9c4fbb32c5270547757d233b5030f8fed,"Intel(R) Core(TM) i5-8365U CPU @ 1.60GHz; linux/amd64","2.2.10","-d:release --mm:arc",WM,16,1000000,range,access,0.1,16,1117.001140
2ac0eac9c4fbb32c5270547757d233b5030f8fed,"Intel(R) Core(TM) i5-8365U CPU @ 1.60GHz; linux/amd64","2.2.10","-d:release --mm:arc",WM,16,1000000,range,access,0.1,17,1221.090650
2ac0eac9c4fbb32c5270547757d233b5030f8fed,"Intel(R) Core(TM) i5-8365U CPU @ 1.60GHz; linux/amd64","2.2.10","-d:release --mm:arc",WM,16,1000000,range,access,0.1,18,1322.078000
2ac0eac9c4fbb32c5270547757d233b5030f8fed,"Intel(R) Core(TM) i5-8365U CPU @ 1.60GHz; linux/amd64","2.2.10","-d:release --mm:arc",WM,16,1000000,range,access,0.1,19,1148.422800
2ac0eac9c4fbb32c5270547757d233b5030f8fed,"Intel(R) Core(TM) i5-8365U CPU @ 1.60GHz; linux/amd64","2.2.10","-d:release --mm:arc",WM,16,1000000,range,access,0.1,20,1061.635210
2ac0eac9c4fbb32c5270547757d233b5030f8fed,"Intel(R) Core(TM) i5-8365U CPU @ 1.60GHz; linux/amd64","2.2.10","-d:release --mm:arc",WM,16,1000000,range,access,0.1,21,1396.212920
2ac0eac9c4fbb32c5270547757d233b5030f8fed,"Intel(R) Core(TM) i5-8365U CPU @ 1.60GHz; linux/amd64","2.2.10","-d:release --mm:arc",WM,16,1000000,range,range_unchecked,0.1,1,85.062500
2ac0eac9c4fbb32c5270547757d233b5030f8fed,"Intel(R) Core(TM) i5-8365U CPU @ 1.60GHz; linux/amd64","2.2.10","-d:release --mm:arc",WM,16,1000000,range,range_unchecked,0.1,2,70.379720
2ac0eac9c4fbb32c5270547757d233b5030f8fed,"Intel(R) Core(TM) i5-8365U CPU @ 1.60GHz; linux/amd64","2.2.10","-d:release --mm:arc",WM,16,1000000,range,range_unchecked,0.1,3,79.424210
2ac0eac9c4fbb32c5270547757d233b5030f8fed,"Intel(R) Core(TM) i5-8365U CPU @ 1.60GHz; linux/amd64","2.2.10","-d:release --mm:arc",WM,16,1000000,range,range_unchecked,0.1,4,66.595520
2ac0eac9c4fbb32c5270547757d233b5030f8fed,"Intel(R) Core(TM) i5-8365U CPU @ 1.60GHz; linux/amd64","2.2.10","-d:release --mm:arc",WM,16,1000000,range,range_unchecked,0.1,5,85.651540
2ac0eac9c4fbb32c5270547757d233b5030f8fed,"Intel(R) Core(TM) i5-8365U CPU @ 1.60GHz; linux/amd64","2.2.10","-d:release --mm:arc",WM,16,1000000,range,range_unchecked,0.1,6,72.798850
2ac0eac9c4fbb32c5270547757d233b5030f8fed,"Intel(R) Core(TM) i5-8365U CPU @ 1.60GHz; linux/amd64","2.2.10","-d:release --mm:arc",WM,16,1000000,range,range_unchecked,0.1,7,76.033030
2ac0eac9c4fbb32c5270547757d233b5030f8fed,"Intel(R) Core(TM) i5-8365U CPU @ 1.60GHz; linux/amd64","2.2.10","-d:release --mm:arc",WM,16,1000000,range,range_unchecked,0.1,8,67.057550
2ac0eac9c4fbb32c5270547757d233b5030f8fed,"Intel(R) Core(TM) i5-8365U CPU @ 1.60GHz; linux/amd64","2.2.10","-d:release --mm:arc",WM,16,1000000,range,range_unchecked,0.1,9,67.989600
2ac0eac9c4fbb32c5270547757d233b5030f8fed,"Intel(R) Core(TM) i5-8365U CPU @ 1.60GHz; linux/amd64","2.2.10","-d:release --mm:arc",WM,16,1000000,range,range_unchecked,0.1,10,81.943340
2ac0eac9c4fbb32c5270547757d233b5030f8fed,"Intel(R) Core(TM) i5-8365U CPU @ 1.60GHz; linux/amd64","2.2.10","-d:release --mm:arc",WM,16,1000000,range,range_unchecked,0.1,11,69.790700
2ac0eac9c4fbb32c5270547757d233b5030f8fed,"Intel(R) Core(TM) i5-8365U CPU @ 1.60GHz; linux/amd64","2.2.10","-d:release --mm:arc",WM,16,1000000,range,range_unchecked,0.1,12,73.477890
2ac0eac9c4fbb32c5270547757d233b5030f8fed,"Intel(R) Core(TM) i5-8365U CPU @ 1.60GHz; linux/amd64","2.2.10","-d:release --mm:arc",WM,16,1000000,range,range_unchecked,0.1,13,66.569520
2ac0eac9c4fbb32c5270547757d233b5030f8fed,"Intel(R) Core(TM) i5-8365U CPU @ 1.60GHz; linux/amd64","2.2.10","-d:release --mm:arc",WM,16,1000000,range,range_unchecked,0.1,14,74.785960
2ac0eac9c4fbb32c5270547757d233b5030f8fed,"Intel(R) Core(TM) i5-8365U CPU @ 1.60GHz; linux/amd64","2.2.10","-d:release --mm:arc",WM,16,1000000,range,range_unchecked,0.1,15,72.116820
2ac0eac9c4fbb32c5270547757d233b5030f8fed,"Intel(R) Core(TM) i5-8365U CPU @ 1.60GHz; linux/amd64","2.2.10","-d:release --mm:arc",WM,16,1000000,range,range_unchecked,0.1,16,69.997710
2ac0eac9c4fbb32c5270547757d233b5030f8fed,"Intel(R) Core(TM) i5-8365U CPU @ 1.60GHz; linux/amd64","2.2.10","-d:release --mm:arc",WM,16,1000000,range,range_unchecked,0.1,17,72.326830
2ac0eac9c4fbb32c5270547757d233b5030f8fed,"Intel(R) Core(TM) i5-8365U CPU @ 1.60GHz; linux/amd64","2.2.10","-d:release --mm:arc",WM,16,1000000,range,range_unchecked,0.1,18,67.746580
2ac0eac9c4fbb32c5270547757d233b5030f8fed,"Intel(R) Core(TM) i5-8365U CPU @ 1.60GHz; linux/amd64","2.2.10","-d:release --mm:arc",WM,16,1000000,range,range_unchecked,0.1,19,87.212620
2ac0eac9c4fbb32c5270547757d233b5030f8fed,"Intel(R) Core(TM) i5-8365U CPU @ 1.60GHz; linux/amd64","2.2.10","-d:release --mm:arc",WM,16,1000000,range,range_unchecked,0.1,20,70.136720
2ac0eac9c4fbb32c5270547757d233b5030f8fed,"Intel(R) Core(TM) i5-8365U CPU @ 1.60GHz; linux/amd64","2.2.10","-d:release --mm:arc",WM,16,1000000,range,range_unchecked,0.1,21,74.169920
2ac0eac9c4fbb32c5270547757d233b5030f8fed,"Intel(R) Core(TM) i5-8365U CPU @ 1.60GHz; linux/amd64","2.2.10","-d:release --mm:arc",WM,16,1000000,range,access,1,1,1010.879530
2ac0eac9c4fbb32c5270547757d233b5030f8fed,"Intel(R) Core(TM) i5-8365U CPU @ 1.60GHz; linux/amd64","2.2.10","-d:release --mm:arc",WM,16,1000000,range,access,1,2,1034.232760
2ac0eac9c4fbb32c5270547757d233b5030f8fed,"Intel(R) Core(TM) i5-8365U CPU @ 1.60GHz; linux/amd64","2.2.10","-d:release --mm:arc",WM,16,1000000,range,access,1,3,1616.920610
2ac0eac9c4fbb32c5270547757d233b5030f8fed,"Intel(R) Core(TM) i5-8365U CPU @ 1.60GHz; linux/amd64","2.2.10","-d:release --mm:arc",WM,16,1000000,range,access,1,4,1400.457150
2ac0eac9c4fbb32c5270547757d233b5030f8fed,"Intel(R) Core(TM) i5-8365U CPU @ 1.60GHz; linux/amd64","2.2.10","-d:release --mm:arc",WM,16,1000000,range,access,1,5,1273.444420
2ac0eac9c4fbb32c5270547757d233b5030f8fed,"Intel(R) Core(TM) i5-8365U CPU @ 1.60GHz; linux/amd64","2.2.10","-d:release --mm:arc",WM,16,1000000,range,access,1,6,1204.217760
2ac0eac9c4fbb32c5270547757d233b5030f8fed,"Intel(R) Core(TM) i5-8365U CPU @ 1.60GHz; linux/amd64","2.2.10","-d:release --mm:arc",WM,16,1000000,range,access,1,7,1175.974270
2ac0eac9c4fbb32c5270547757d233b5030f8fed,"Intel(R) Core(TM) i5-8365U CPU @ 1.60GHz; linux/amd64","2.2.10","-d:release --mm:arc",WM,16,1000000,range,access,1,8,1121.208360
2ac0eac9c4fbb32c5270547757d233b5030f8fed,"Intel(R) Core(TM) i5-8365U CPU @ 1.60GHz; linux/amd64","2.2.10","-d:release --mm:arc",WM,16,1000000,range,access,1,9,1055.218880
2ac0eac9c4fbb32c5270547757d233b5030f8fed,"Intel(R) Core(TM) i5-8365U CPU @ 1.60GHz; linux/amd64","2.2.10","-d:release --mm:arc",WM,16,1000000,range,access,1,10,1116.541970
2ac0eac9c4fbb32c5270547757d233b5030f8fed,"Intel(R) Core(TM) i5-8365U CPU @ 1.60GHz; linux/amd64","2.2.10","-d:release --mm:arc",WM,16,1000000,range,access,1,11,1034.155220
2ac0eac9c4fbb32c5270547757d233b5030f8fed,"Intel(R) Core(TM) i5-8365U CPU @ 1.60GHz; linux/amd64","2.2.10","-d:release --mm:arc",WM,16,1000000,range,access,1,12,1290.876680
2ac0eac9c4fbb32c5270547757d233b5030f8fed,"Intel(R) Core(TM) i5-8365U CPU @ 1.60GHz; linux/amd64","2.2.10","-d:release --mm:arc",WM,16,1000000,range,access,1,13,1072.604230
2ac0eac9c4fbb32c5270547757d233b5030f8fed,"Intel(R) Core(TM) i5-8365U CPU @ 1.60GHz; linux/amd64","2.2.10","-d:release --mm:arc",WM,16,1000000,range,access,1,14,1001.709520
2ac0eac9c4fbb32c5270547757d233b5030f8fed,"Intel(R) Core(TM) i5-8365U CPU @ 1.60GHz; linux/amd64","2.2.10","-d:release --mm:arc",WM,16,1000000,range,access,1,15,1168.050230
2ac0eac9c4fbb32c5270547757d233b5030f8fed,"Intel(R) Core(TM) i5-8365U CPU @ 1.60GHz; linux/amd64","2.2.10","-d:release --mm:arc",WM,16,1000000,range,access,1,16,1170.496370
2ac0eac9c4fbb32c5270547757d233b5030f8fed,"Intel(R) Core(TM) i5-8365U CPU @ 1.60GHz; linux/amd64","2.2.10","-d:release --mm:arc",WM,16,1000000,range,access,1,17,1046.086840
2ac0eac9c4fbb32c5270547757d233b5030f8fed,"Intel(R) Core(TM) i5-8365U CPU @ 1.60GHz; linux/amd64","2.2.10","-d:release --mm:arc",WM,16,1000000,range,access,1,18,1043.590710
2ac0eac9c4fbb32c5270547757d233b5030f8fed,"Intel(R) Core(TM) i5-8365U CPU @ 1.60GHz; linux/amd64","2.2.10","-d:release --mm:arc",WM,16,1000000,range,access,1,19,1032.814150
2ac0eac9c4fbb32c5270547757d233b5030f8fed,"Intel(R) Core(TM) i5-8365U CPU @ 1.60GHz; linux/amd64","2.2.10","-d:release --mm:arc",WM,16,1000000,range,access,1,20,1034.339230
2ac0eac9c4fbb32c5270547757d233b5030f8fed,"Intel(R) Core(TM) i5-8365U CPU @ 1.60GHz; linux/amd64","2.2.10","-d:release --mm:arc",WM,16,1000000,range,access,1,21,1061.367640
2ac0eac9c4fbb32c5270547757d233b5030f8fed,"Intel(R) Core(TM) i5-8365U CPU @ 1.60GHz; linux/amd64","2.2.10","-d:release --mm:arc",WM,16,1000000,range,range_unchecked,1,1,80.578220
2ac0eac9c4fbb32c5270547757d233b5030f8fed,"Intel(R) Core(TM) i5-8365U CPU @ 1.60GHz; linux/amd64","2.2.10","-d:release --mm:arc",WM,16,1000000,range,range_unchecked,1,2,68.383590
2ac0eac9c4fbb32c5270547757d233b5030f8fed,"Intel(R) Core(TM) i5-8365U CPU @ 1.60GHz; linux/amd64","2.2.10","-d:release --mm:arc",WM,16,1000000,range,range_unchecked,1,3,67.665540
2ac0eac9c4fbb32c5270547757d233b5030f8fed,"Intel(R) Core(TM) i5-8365U CPU @ 1.60GHz; linux/amd64","2.2.10","-d:release --mm:arc",WM,16,1000000,range,range_unchecked,1,4,69.247640
2ac0eac9c4fbb32c5270547757d233b5030f8fed,"Intel(R) Core(TM) i5-8365U CPU @ 1.60GHz; linux/amd64","2.2.10","-d:release --mm:arc",WM,16,1000000,range,range_unchecked,1,5,64.368370
2ac0eac9c4fbb32c5270547757d233b5030f8fed,"Intel(R) Core(TM) i5-8365U CPU @ 1.60GHz; linux/amd64","2.2.10","-d:release --mm:arc",WM,16,1000000,range,range_unchecked,1,6,73.837870
2ac0eac9c4fbb32c5270547757d233b5030f8fed,"Intel(R) Core(TM) i5-8365U CPU @ 1.60GHz; linux/amd64","2.2.10","-d:release --mm:arc",WM,16,1000000,range,range_unchecked,1,7,63.388320
2ac0eac9c4fbb32c5270547757d233b5030f8fed,"Intel(R) Core(TM) i5-8365U CPU @ 1.60GHz; linux/amd64","2.2.10","-d:release --mm:arc",WM,16,1000000,range,range_unchecked,1,8,68.314590
2ac0eac9c4fbb32c5270547757d233b5030f8fed,"Intel(R) Core(TM) i5-8365U CPU @ 1.60GHz; linux/amd64","2.2.10","-d:release --mm:arc",WM,16,1000000,range,range_unchecked,1,9,66.742500
2ac0eac9c4fbb32c5270547757d233b5030f8fed,"Intel(R) Core(TM) i5-8365U CPU @ 1.60GHz; linux/amd64","2.2.10","-d:release --mm:arc",WM,16,1000000,range,range_unchecked,1,10,67.458530
2ac0eac9c4fbb32c5270547757d233b5030f8fed,"Intel(R) Core(TM) i5-8365U CPU @ 1.60GHz; linux/amd64","2.2.10","-d:release --mm:arc",WM,16,1000000,range,range_unchecked,1,11,81.394270
2ac0eac9c4fbb32c5270547757d233b5030f8fed,"Intel(R) Core(TM) i5-8365U CPU @ 1.60GHz; linux/amd64","2.2.10","-d:release --mm:arc",WM,16,1000000,range,range_unchecked,1,12,68.908610
2ac0eac9c4fbb32c5270547757d233b5030f8fed,"Intel(R) Core(TM) i5-8365U CPU @ 1.60GHz; linux/amd64","2.2.10","-d:release --mm:arc",WM,16,1000000,range,range_unchecked,1,13,76.207000
2ac0eac9c4fbb32c5270547757d233b5030f8fed,"Intel(R) Core(TM) i5-8365U CPU @ 1.60GHz; linux/amd64","2.2.10","-d:release --mm:arc",WM,16,1000000,range,range_unchecked,1,14,65.388430
2ac0eac9c4fbb32c5270547757d233b5030f8fed,"Intel(R) Core(TM) i5-8365U CPU @ 1.60GHz; linux/amd64","2.2.10","-d:release --mm:arc",WM,16,1000000,range,range_unchecked,1,15,67.269520
2ac0eac9c4fbb32c5270547757d233b5030f8fed,"Intel(R) Core(TM) i5-8365U CPU @ 1.60GHz; linux/amd64","2.2.10","-d:release --mm:arc",WM,16,1000000,range,range_unchecked,1,16,75.730970
2ac0eac9c4fbb32c5270547757d233b5030f8fed,"Intel(R) Core(TM) i5-8365U CPU @ 1.60GHz; linux/amd64","2.2.10","-d:release --mm:arc",WM,16,1000000,range,range_unchecked,1,17,65.094420
2ac0eac9c4fbb32c5270547757d233b5030f8fed,"Intel(R) Core(TM) i5-8365U CPU @ 1.60GHz; linux/amd64","2.2.10","-d:release --mm:arc",WM,16,1000000,range,range_unchecked,1,18,70.879710
2ac0eac9c4fbb32c5270547757d233b5030f8fed,"Intel(R) Core(TM) i5-8365U CPU @ 1.60GHz; linux/amd64","2.2.10","-d:release --mm:arc",WM,16,1000000,range,range_unchecked,1,19,66.363480
2ac0eac9c4fbb32c5270547757d233b5030f8fed,"Intel(R) Core(TM) i5-8365U CPU @ 1.60GHz; linux/amd64","2.2.10","-d:release --mm:arc",WM,16,1000000,range,range_unchecked,1,20,69.407640
2ac0eac9c4fbb32c5270547757d233b5030f8fed,"Intel(R) Core(TM) i5-8365U CPU @ 1.60GHz; linux/amd64","2.2.10","-d:release --mm:arc",WM,16,1000000,range,range_unchecked,1,21,67.091520
2ac0eac9c4fbb32c5270547757d233b5030f8fed,"Intel(R) Core(TM) i5-8365U CPU @ 1.60GHz; linux/amd64","2.2.10","-d:release --mm:arc",WM,16,1000000,range,access,10,1,1088.903080
2ac0eac9c4fbb32c5270547757d233b5030f8fed,"Intel(R) Core(TM) i5-8365U CPU @ 1.60GHz; linux/amd64","2.2.10","-d:release --mm:arc",WM,16,1000000,range,access,10,2,1027.480860
2ac0eac9c4fbb32c5270547757d233b5030f8fed,"Intel(R) Core(TM) i5-8365U CPU @ 1.60GHz; linux/amd64","2.2.10","-d:release --mm:arc",WM,16,1000000,range,access,10,3,1031.577090
2ac0eac9c4fbb32c5270547757d233b5030f8fed,"Intel(R) Core(TM) i5-8365U CPU @ 1.60GHz; linux/amd64","2.2.10","-d:release --mm:arc",WM,16,1000000,range,access,10,4,1036.474330
2ac0eac9c4fbb32c5270547757d233b5030f8fed,"Intel(R) Core(TM) i5-8365U CPU @ 1.60GHz; linux/amd64","2.2.10","-d:release --mm:arc",WM,16,1000000,range,access,10,5,1109.687180
2ac0eac9c4fbb32c5270547757d233b5030f8fed,"Intel(R) Core(TM) i5-8365U CPU @ 1.60GHz; linux/amd64","2.2.10","-d:release --mm:arc",WM,16,1000000,range,access,10,6,1003.797630
2ac0eac9c4fbb32c5270547757d233b5030f8fed,"Intel(R) Core(TM) i5-8365U CPU @ 1.60GHz; linux/amd64","2.2.10","-d:release --mm:arc",WM,16,1000000,range,access,10,7,1310.416700
2ac0eac9c4fbb32c5270547757d233b5030f8fed,"Intel(R) Core(TM) i5-8365U CPU @ 1.60GHz; linux/amd64","2.2.10","-d:release --mm:arc",WM,16,1000000,range,access,10,8,1158.334730
2ac0eac9c4fbb32c5270547757d233b5030f8fed,"Intel(R) Core(TM) i5-8365U CPU @ 1.60GHz; linux/amd64","2.2.10","-d:release --mm:arc",WM,16,1000000,range,access,10,9,1185.846170
2ac0eac9c4fbb32c5270547757d233b5030f8fed,"Intel(R) Core(TM) i5-8365U CPU @ 1.60GHz; linux/amd64","2.2.10","-d:release --mm:arc",WM,16,1000000,range,access,10,10,1172.814480
2ac0eac9c4fbb32c5270547757d233b5030f8fed,"Intel(R) Core(TM) i5-8365U CPU @ 1.60GHz; linux/amd64","2.2.10","-d:release --mm:arc",WM,16,1000000,range,access,10,11,1060.016570
2ac0eac9c4fbb32c5270547757d233b5030f8fed,"Intel(R) Core(TM) i5-8365U CPU @ 1.60GHz; linux/amd64","2.2.10","-d:release --mm:arc",WM,16,1000000,range,access,10,12,1107.536060
2ac0eac9c4fbb32c5270547757d233b5030f8fed,"Intel(R) Core(TM) i5-8365U CPU @ 1.60GHz; linux/amd64","2.2.10","-d:release --mm:arc",WM,16,1000000,range,access,10,13,1142.419900
2ac0eac9c4fbb32c5270547757d233b5030f8fed,"Intel(R) Core(TM) i5-8365U CPU @ 1.60GHz; linux/amd64","2.2.10","-d:release --mm:arc",WM,16,1000000,range,access,10,14,1048.950990
2ac0eac9c4fbb32c5270547757d233b5030f8fed,"Intel(R) Core(TM) i5-8365U CPU @ 1.60GHz; linux/amd64","2.2.10","-d:release --mm:arc",WM,16,1000000,range,access,10,15,1015.935260
2ac0eac9c4fbb32c5270547757d233b5030f8fed,"Intel(R) Core(TM) i5-8365U CPU @ 1.60GHz; linux/amd64","2.2.10","-d:release --mm:arc",WM,16,1000000,range,access,10,16,1039.194490
2ac0eac9c4fbb32c5270547757d233b5030f8fed,"Intel(R) Core(TM) i5-8365U CPU @ 1.60GHz; linux/amd64","2.2.10","-d:release --mm:arc",WM,16,1000000,range,access,10,17,1042.190630
2ac0eac9c4fbb32c5270547757d233b5030f8fed,"Intel(R) Core(TM) i5-8365U CPU @ 1.60GHz; linux/amd64","2.2.10","-d:release --mm:arc",WM,16,1000000,range,access,10,18,1020.492510
2ac0eac9c4fbb32c5270547757d233b5030f8fed,"Intel(R) Core(TM) i5-8365U CPU @ 1.60GHz; linux/amd64","2.2.10","-d:release --mm:arc",WM,16,1000000,range,access,10,19,1333.689920
2ac0eac9c4fbb32c5270547757d233b5030f8fed,"Intel(R) Core(TM) i5-8365U CPU @ 1.60GHz; linux/amd64","2.2.10","-d:release --mm:arc",WM,16,1000000,range,access,10,20,1013.744140
2ac0eac9c4fbb32c5270547757d233b5030f8fed,"Intel(R) Core(TM) i5-8365U CPU @ 1.60GHz; linux/amd64","2.2.10","-d:release --mm:arc",WM,16,1000000,range,access,10,21,1072.598240
2ac0eac9c4fbb32c5270547757d233b5030f8fed,"Intel(R) Core(TM) i5-8365U CPU @ 1.60GHz; linux/amd64","2.2.10","-d:release --mm:arc",WM,16,1000000,range,range_unchecked,10,1,86.729550
2ac0eac9c4fbb32c5270547757d233b5030f8fed,"Intel(R) Core(TM) i5-8365U CPU @ 1.60GHz; linux/amd64","2.2.10","-d:release --mm:arc",WM,16,1000000,range,range_unchecked,10,2,82.079300
2ac0eac9c4fbb32c5270547757d233b5030f8fed,"Intel(R) Core(TM) i5-8365U CPU @ 1.60GHz; linux/amd64","2.2.10","-d:release --mm:arc",WM,16,1000000,range,range_unchecked,10,3,68.283580
2ac0eac9c4fbb32c5270547757d233b5030f8fed,"Intel(R) Core(TM) i5-8365U CPU @ 1.60GHz; linux/amd64","2.2.10","-d:release --mm:arc",WM,16,1000000,range,range_unchecked,10,4,66.457490
2ac0eac9c4fbb32c5270547757d233b5030f8fed,"Intel(R) Core(TM) i5-8365U CPU @ 1.60GHz; linux/amd64","2.2.10","-d:release --mm:arc",WM,16,1000000,range,range_unchecked,10,5,65.897450
2ac0eac9c4fbb32c5270547757d233b5030f8fed,"Intel(R) Core(TM) i5-8365U CPU @ 1.60GHz; linux/amd64","2.2.10","-d:release --mm:arc",WM,16,1000000,range,range_unchecked,10,6,64.167370
2ac0eac9c4fbb32c5270547757d233b5030f8fed,"Intel(R) Core(TM) i5-8365U CPU @ 1.60GHz; linux/amd64","2.2.10","-d:release --mm:arc",WM,16,1000000,range,range_unchecked,10,7,65.200420
2ac0eac9c4fbb32c5270547757d233b5030f8fed,"Intel(R) Core(TM) i5-8365U CPU @ 1.60GHz; linux/amd64","2.2.10","-d:release --mm:arc",WM,16,1000000,range,range_unchecked,10,8,82.088300
2ac0eac9c4fbb32c5270547757d233b5030f8fed,"Intel(R) Core(TM) i5-8365U CPU @ 1.60GHz; linux/amd64","2.2.10","-d:release --mm:arc",WM,16,1000000,range,range_unchecked,10,9,65.842450
2ac0eac9c4fbb32c5270547757d233b5030f8fed,"Intel(R) Core(TM) i5-8365U CPU @ 1.60GHz; linux/amd64","2.2.10","-d:release --mm:arc",WM,16,1000000,range,range_unchecked,10,10,66.268480
2ac0eac9c4fbb32c5270547757d233b5030f8fed,"Intel(R) Core(TM) i5-8365U CPU @ 1.60GHz; linux/amd64","2.2.10","-d:release --mm:arc",WM,16,1000000,range,range_unchecked,10,11,64.833390
2ac0eac9c4fbb32c5270547757d233b5030f8fed,"Intel(R) Core(TM) i5-8365U CPU @ 1.60GHz; linux/amd64","2.2.10","-d:release --mm:arc",WM,16,1000000,range,range_unchecked,10,12,65.260420
2ac0eac9c4fbb32c5270547757d233b5030f8fed,"Intel(R) Core(TM) i5-8365U CPU @ 1.60GHz; linux/amd64","2.2.10","-d:release --mm:arc",WM,16,1000000,range,range_unchecked,10,13,90.954770
2ac0eac9c4fbb32c5270547757d233b5030f8fed,"Intel(R) Core(TM) i5-8365U CPU @ 1.60GHz; linux/amd64","2.2.10","-d:release --mm:arc",WM,16,1000000,range,range_unchecked,10,14,65.524430
2ac0eac9c4fbb32c5270547757d233b5030f8fed,"Intel(R) Core(TM) i5-8365U CPU @ 1.60GHz; linux/amd64","2.2.10","-d:release --mm:arc",WM,16,1000000,range,range_unchecked,10,15,66.809500
2ac0eac9c4fbb32c5270547757d233b5030f8fed,"Intel(R) Core(TM) i5-8365U CPU @ 1.60GHz; linux/amd64","2.2.10","-d:release --mm:arc",WM,16,1000000,range,range_unchecked,10,16,64.383380
2ac0eac9c4fbb32c5270547757d233b5030f8fed,"Intel(R) Core(TM) i5-8365U CPU @ 1.60GHz; linux/amd64","2.2.10","-d:release --mm:arc",WM,16,1000000,range,range_unchecked,10,17,67.322530
2ac0eac9c4fbb32c5270547757d233b5030f8fed,"Intel(R) Core(TM) i5-8365U CPU @ 1.60GHz; linux/amd64","2.2.10","-d:release --mm:arc",WM,16,1000000,range,range_unchecked,10,18,82.747340
2ac0eac9c4fbb32c5270547757d233b5030f8fed,"Intel(R) Core(TM) i5-8365U CPU @ 1.60GHz; linux/amd64","2.2.10","-d:release --mm:arc",WM,16,1000000,range,range_unchecked,10,19,65.790450
2ac0eac9c4fbb32c5270547757d233b5030f8fed,"Intel(R) Core(TM) i5-8365U CPU @ 1.60GHz; linux/amd64","2.2.10","-d:release --mm:arc",WM,16,1000000,range,range_unchecked,10,20,82.460320
2ac0eac9c4fbb32c5270547757d233b5030f8fed,"Intel(R) Core(TM) i5-8365U CPU @ 1.60GHz; linux/amd64","2.2.10","-d:release --mm:arc",WM,16,1000000,range,range_unchecked,10,21,101.968350
2ac0eac9c4fbb32c5270547757d233b5030f8fed,"Intel(R) Core(TM) i5-8365U CPU @ 1.60GHz; linux/amd64","2.2.10","-d:release --mm:arc",WM,16,1000000,range,access,25,1,1032.964150
2ac0eac9c4fbb32c5270547757d233b5030f8fed,"Intel(R) Core(TM) i5-8365U CPU @ 1.60GHz; linux/amd64","2.2.10","-d:release --mm:arc",WM,16,1000000,range,access,25,2,1027.799890
2ac0eac9c4fbb32c5270547757d233b5030f8fed,"Intel(R) Core(TM) i5-8365U CPU @ 1.60GHz; linux/amd64","2.2.10","-d:release --mm:arc",WM,16,1000000,range,access,25,3,1218.391870
2ac0eac9c4fbb32c5270547757d233b5030f8fed,"Intel(R) Core(TM) i5-8365U CPU @ 1.60GHz; linux/amd64","2.2.10","-d:release --mm:arc",WM,16,1000000,range,access,25,4,1068.429020
2ac0eac9c4fbb32c5270547757d233b5030f8fed,"Intel(R) Core(TM) i5-8365U CPU @ 1.60GHz; linux/amd64","2.2.10","-d:release --mm:arc",WM,16,1000000,range,access,25,5,1206.474250
2ac0eac9c4fbb32c5270547757d233b5030f8fed,"Intel(R) Core(TM) i5-8365U CPU @ 1.60GHz; linux/amd64","2.2.10","-d:release --mm:arc",WM,16,1000000,range,access,25,6,1065.220840
2ac0eac9c4fbb32c5270547757d233b5030f8fed,"Intel(R) Core(TM) i5-8365U CPU @ 1.60GHz; linux/amd64","2.2.10","-d:release --mm:arc",WM,16,1000000,range,access,25,7,1068.811040
2ac0eac9c4fbb32c5270547757d233b5030f8fed,"Intel(R) Core(TM) i5-8365U CPU @ 1.60GHz; linux/amd64","2.2.10","-d:release --mm:arc",WM,16,1000000,range,access,25,8,1043.105690
2ac0eac9c4fbb32c5270547757d233b5030f8fed,"Intel(R) Core(TM) i5-8365U CPU @ 1.60GHz; linux/amd64","2.2.10","-d:release --mm:arc",WM,16,1000000,range,access,25,9,1024.086690
2ac0eac9c4fbb32c5270547757d233b5030f8fed,"Intel(R) Core(TM) i5-8365U CPU @ 1.60GHz; linux/amd64","2.2.10","-d:release --mm:arc",WM,16,1000000,range,access,25,10,1042.774670
2ac0eac9c4fbb32c5270547757d233b5030f8fed,"Intel(R) Core(TM) i5-8365U CPU @ 1.60GHz; linux/amd64","2.2.10","-d:release --mm:arc",WM,16,1000000,range,access,25,11,1025.846780
2ac0eac9c4fbb32c5270547757d233b5030f8fed,"Intel(R) Core(TM) i5-8365U CPU @ 1.60GHz; linux/amd64","2.2.10","-d:release --mm:arc",WM,16,1000000,range,access,25,12,1051.656130
2ac0eac9c4fbb32c5270547757d233b5030f8fed,"Intel(R) Core(TM) i5-8365U CPU @ 1.60GHz; linux/amd64","2.2.10","-d:release --mm:arc",WM,16,1000000,range,access,25,13,1076.107420
2ac0eac9c4fbb32c5270547757d233b5030f8fed,"Intel(R) Core(TM) i5-8365U CPU @ 1.60GHz; linux/amd64","2.2.10","-d:release --mm:arc",WM,16,1000000,range,access,25,14,1041.607610
2ac0eac9c4fbb32c5270547757d233b5030f8fed,"Intel(R) Core(TM) i5-8365U CPU @ 1.60GHz; linux/amd64","2.2.10","-d:release --mm:arc",WM,16,1000000,range,access,25,15,1037.244380
2ac0eac9c4fbb32c5270547757d233b5030f8fed,"Intel(R) Core(TM) i5-8365U CPU @ 1.60GHz; linux/amd64","2.2.10","-d:release --mm:arc",WM,16,1000000,range,access,25,16,1035.101270
2ac0eac9c4fbb32c5270547757d233b5030f8fed,"Intel(R) Core(TM) i5-8365U CPU @ 1.60GHz; linux/amd64","2.2.10","-d:release --mm:arc",WM,16,1000000,range,access,25,17,1036.404330
2ac0eac9c4fbb32c5270547757d233b5030f8fed,"Intel(R) Core(TM) i5-8365U CPU @ 1.60GHz; linux/amd64","2.2.10","-d:release --mm:arc",WM,16,1000000,range,access,25,18,1037.399390
2ac0eac9c4fbb32c5270547757d233b5030f8fed,"Intel(R) Core(TM) i5-8365U CPU @ 1.60GHz; linux/amd64","2.2.10","-d:release --mm:arc",WM,16,1000000,range,access,25,19,1057.357430
2ac0eac9c4fbb32c5270547757d233b5030f8fed,"Intel(R) Core(TM) i5-8365U CPU @ 1.60GHz; linux/amd64","2.2.10","-d:release --mm:arc",WM,16,1000000,range,access,25,20,1087.220000
2ac0eac9c4fbb32c5270547757d233b5030f8fed,"Intel(R) Core(TM) i5-8365U CPU @ 1.60GHz; linux/amd64","2.2.10","-d:release --mm:arc",WM,16,1000000,range,access,25,21,1125.474010
2ac0eac9c4fbb32c5270547757d233b5030f8fed,"Intel(R) Core(TM) i5-8365U CPU @ 1.60GHz; linux/amd64","2.2.10","-d:release --mm:arc",WM,16,1000000,range,range_unchecked,25,1,40.076100
2ac0eac9c4fbb32c5270547757d233b5030f8fed,"Intel(R) Core(TM) i5-8365U CPU @ 1.60GHz; linux/amd64","2.2.10","-d:release --mm:arc",WM,16,1000000,range,range_unchecked,25,2,44.481330
2ac0eac9c4fbb32c5270547757d233b5030f8fed,"Intel(R) Core(TM) i5-8365U CPU @ 1.60GHz; linux/amd64","2.2.10","-d:release --mm:arc",WM,16,1000000,range,range_unchecked,25,3,47.331480
2ac0eac9c4fbb32c5270547757d233b5030f8fed,"Intel(R) Core(TM) i5-8365U CPU @ 1.60GHz; linux/amd64","2.2.10","-d:release --mm:arc",WM,16,1000000,range,range_unchecked,25,4,40.835140
2ac0eac9c4fbb32c5270547757d233b5030f8fed,"Intel(R) Core(TM) i5-8365U CPU @ 1.60GHz; linux/amd64","2.2.10","-d:release --mm:arc",WM,16,1000000,range,range_unchecked,25,5,40.503120
2ac0eac9c4fbb32c5270547757d233b5030f8fed,"Intel(R) Core(TM) i5-8365U CPU @ 1.60GHz; linux/amd64","2.2.10","-d:release --mm:arc",WM,16,1000000,range,range_unchecked,25,6,42.433230
2ac0eac9c4fbb32c5270547757d233b5030f8fed,"Intel(R) Core(TM) i5-8365U CPU @ 1.60GHz; linux/amd64","2.2.10","-d:release --mm:arc",WM,16,1000000,range,range_unchecked,25,7,40.516120
2ac0eac9c4fbb32c5270547757d233b5030f8fed,"Intel(R) Core(TM) i5-8365U CPU @ 1.60GHz; linux/amd64","2.2.10","-d:release --mm:arc",WM,16,1000000,range,range_unchecked,25,8,40.178110
2ac0eac9c4fbb32c5270547757d233b5030f8fed,"Intel(R) Core(TM) i5-8365U CPU @ 1.60GHz; linux/amd64","2.2.10","-d:release --mm:arc",WM,16,1000000,range,range_unchecked,25,9,59.922140
2ac0eac9c4fbb32c5270547757d233b5030f8fed,"Intel(R) Core(TM) i5-8365U CPU @ 1.60GHz; linux/amd64","2.2.10","-d:release --mm:arc",WM,16,1000000,range,range_unchecked,25,10,71.591750
2ac0eac9c4fbb32c5270547757d233b5030f8fed,"Intel(R) Core(TM) i5-8365U CPU @ 1.60GHz; linux/amd64","2.2.10","-d:release --mm:arc",WM,16,1000000,range,range_unchecked,25,11,63.555330
2ac0eac9c4fbb32c5270547757d233b5030f8fed,"Intel(R) Core(TM) i5-8365U CPU @ 1.60GHz; linux/amd64","2.2.10","-d:release --mm:arc",WM,16,1000000,range,range_unchecked,25,12,47.647500
2ac0eac9c4fbb32c5270547757d233b5030f8fed,"Intel(R) Core(TM) i5-8365U CPU @ 1.60GHz; linux/amd64","2.2.10","-d:release --mm:arc",WM,16,1000000,range,range_unchecked,25,13,44.305330
2ac0eac9c4fbb32c5270547757d233b5030f8fed,"Intel(R) Core(TM) i5-8365U CPU @ 1.60GHz; linux/amd64","2.2.10","-d:release --mm:arc",WM,16,1000000,range,range_unchecked,25,14,41.702180
2ac0eac9c4fbb32c5270547757d233b5030f8fed,"Intel(R) Core(TM) i5-8365U CPU @ 1.60GHz; linux/amd64","2.2.10","-d:release --mm:arc",WM,16,1000000,range,range_unchecked,25,15,42.427230
2ac0eac9c4fbb32c5270547757d233b5030f8fed,"Intel(R) Core(TM) i5-8365U CPU @ 1.60GHz; linux/amd64","2.2.10","-d:release --mm:arc",WM,16,1000000,range,range_unchecked,25,16,52.305740
2ac0eac9c4fbb32c5270547757d233b5030f8fed,"Intel(R) Core(TM) i5-8365U CPU @ 1.60GHz; linux/amd64","2.2.10","-d:release --mm:arc",WM,16,1000000,range,range_unchecked,25,17,65.597440
2ac0eac9c4fbb32c5270547757d233b5030f8fed,"Intel(R) Core(TM) i5-8365U CPU @ 1.60GHz; linux/amd64","2.2.10","-d:release --mm:arc",WM,16,1000000,range,range_unchecked,25,18,48.952570
2ac0eac9c4fbb32c5270547757d233b5030f8fed,"Intel(R) Core(TM) i5-8365U CPU @ 1.60GHz; linux/amd64","2.2.10","-d:release --mm:arc",WM,16,1000000,range,range_unchecked,25,19,46.412430
2ac0eac9c4fbb32c5270547757d233b5030f8fed,"Intel(R) Core(TM) i5-8365U CPU @ 1.60GHz; linux/amd64","2.2.10","-d:release --mm:arc",WM,16,1000000,range,range_unchecked,25,20,43.534280
2ac0eac9c4fbb32c5270547757d233b5030f8fed,"Intel(R) Core(TM) i5-8365U CPU @ 1.60GHz; linux/amd64","2.2.10","-d:release --mm:arc",WM,16,1000000,range,range_unchecked,25,21,40.413120
2ac0eac9c4fbb32c5270547757d233b5030f8fed,"Intel(R) Core(TM) i5-8365U CPU @ 1.60GHz; linux/amd64","2.2.10","-d:release --mm:arc",WM,16,1000000,range,access,40,1,1037.794410
2ac0eac9c4fbb32c5270547757d233b5030f8fed,"Intel(R) Core(TM) i5-8365U CPU @ 1.60GHz; linux/amd64","2.2.10","-d:release --mm:arc",WM,16,1000000,range,access,40,2,1050.666080
2ac0eac9c4fbb32c5270547757d233b5030f8fed,"Intel(R) Core(TM) i5-8365U CPU @ 1.60GHz; linux/amd64","2.2.10","-d:release --mm:arc",WM,16,1000000,range,access,40,3,1017.084320
2ac0eac9c4fbb32c5270547757d233b5030f8fed,"Intel(R) Core(TM) i5-8365U CPU @ 1.60GHz; linux/amd64","2.2.10","-d:release --mm:arc",WM,16,1000000,range,access,40,4,1022.130580
2ac0eac9c4fbb32c5270547757d233b5030f8fed,"Intel(R) Core(TM) i5-8365U CPU @ 1.60GHz; linux/amd64","2.2.10","-d:release --mm:arc",WM,16,1000000,range,access,40,5,1101.692750
2ac0eac9c4fbb32c5270547757d233b5030f8fed,"Intel(R) Core(TM) i5-8365U CPU @ 1.60GHz; linux/amd64","2.2.10","-d:release --mm:arc",WM,16,1000000,range,access,40,6,1105.694970
2ac0eac9c4fbb32c5270547757d233b5030f8fed,"Intel(R) Core(TM) i5-8365U CPU @ 1.60GHz; linux/amd64","2.2.10","-d:release --mm:arc",WM,16,1000000,range,access,40,7,1240.175020
2ac0eac9c4fbb32c5270547757d233b5030f8fed,"Intel(R) Core(TM) i5-8365U CPU @ 1.60GHz; linux/amd64","2.2.10","-d:release --mm:arc",WM,16,1000000,range,access,40,8,1164.564050
2ac0eac9c4fbb32c5270547757d233b5030f8fed,"Intel(R) Core(TM) i5-8365U CPU @ 1.60GHz; linux/amd64","2.2.10","-d:release --mm:arc",WM,16,1000000,range,access,40,9,1162.834960
2ac0eac9c4fbb32c5270547757d233b5030f8fed,"Intel(R) Core(TM) i5-8365U CPU @ 1.60GHz; linux/amd64","2.2.10","-d:release --mm:arc",WM,16,1000000,range,access,40,10,1202.491040
2ac0eac9c4fbb32c5270547757d233b5030f8fed,"Intel(R) Core(TM) i5-8365U CPU @ 1.60GHz; linux/amd64","2.2.10","-d:release --mm:arc",WM,16,1000000,range,access,40,11,1095.721450
2ac0eac9c4fbb32c5270547757d233b5030f8fed,"Intel(R) Core(TM) i5-8365U CPU @ 1.60GHz; linux/amd64","2.2.10","-d:release --mm:arc",WM,16,1000000,range,access,40,12,1146.493100
2ac0eac9c4fbb32c5270547757d233b5030f8fed,"Intel(R) Core(TM) i5-8365U CPU @ 1.60GHz; linux/amd64","2.2.10","-d:release --mm:arc",WM,16,1000000,range,access,40,13,1070.426120
2ac0eac9c4fbb32c5270547757d233b5030f8fed,"Intel(R) Core(TM) i5-8365U CPU @ 1.60GHz; linux/amd64","2.2.10","-d:release --mm:arc",WM,16,1000000,range,access,40,14,1134.493230
2ac0eac9c4fbb32c5270547757d233b5030f8fed,"Intel(R) Core(TM) i5-8365U CPU @ 1.60GHz; linux/amd64","2.2.10","-d:release --mm:arc",WM,16,1000000,range,access,40,15,1098.504620
2ac0eac9c4fbb32c5270547757d233b5030f8fed,"Intel(R) Core(TM) i5-8365U CPU @ 1.60GHz; linux/amd64","2.2.10","-d:release --mm:arc",WM,16,1000000,range,access,40,16,1035.127570
2ac0eac9c4fbb32c5270547757d233b5030f8fed,"Intel(R) Core(TM) i5-8365U CPU @ 1.60GHz; linux/amd64","2.2.10","-d:release --mm:arc",WM,16,1000000,range,access,40,17,1126.876980
2ac0eac9c4fbb32c5270547757d233b5030f8fed,"Intel(R) Core(TM) i5-8365U CPU @ 1.60GHz; linux/amd64","2.2.10","-d:release --mm:arc",WM,16,1000000,range,access,40,18,2028.334150
2ac0eac9c4fbb32c5270547757d233b5030f8fed,"Intel(R) Core(TM) i5-8365U CPU @ 1.60GHz; linux/amd64","2.2.10","-d:release --mm:arc",WM,16,1000000,range,access,40,19,1374.259830
2ac0eac9c4fbb32c5270547757d233b5030f8fed,"Intel(R) Core(TM) i5-8365U CPU @ 1.60GHz; linux/amd64","2.2.10","-d:release --mm:arc",WM,16,1000000,range,access,40,20,1160.254570
2ac0eac9c4fbb32c5270547757d233b5030f8fed,"Intel(R) Core(TM) i5-8365U CPU @ 1.60GHz; linux/amd64","2.2.10","-d:release --mm:arc",WM,16,1000000,range,access,40,21,1211.636040
2ac0eac9c4fbb32c5270547757d233b5030f8fed,"Intel(R) Core(TM) i5-8365U CPU @ 1.60GHz; linux/amd64","2.2.10","-d:release --mm:arc",WM,16,1000000,range,range_unchecked,40,1,65.801150
2ac0eac9c4fbb32c5270547757d233b5030f8fed,"Intel(R) Core(TM) i5-8365U CPU @ 1.60GHz; linux/amd64","2.2.10","-d:release --mm:arc",WM,16,1000000,range,range_unchecked,40,2,96.173610
2ac0eac9c4fbb32c5270547757d233b5030f8fed,"Intel(R) Core(TM) i5-8365U CPU @ 1.60GHz; linux/amd64","2.2.10","-d:release --mm:arc",WM,16,1000000,range,range_unchecked,40,3,67.269220
2ac0eac9c4fbb32c5270547757d233b5030f8fed,"Intel(R) Core(TM) i5-8365U CPU @ 1.60GHz; linux/amd64","2.2.10","-d:release --mm:arc",WM,16,1000000,range,range_unchecked,40,4,67.746240
2ac0eac9c4fbb32c5270547757d233b5030f8fed,"Intel(R) Core(TM) i5-8365U CPU @ 1.60GHz; linux/amd64","2.2.10","-d:release --mm:arc",WM,16,1000000,range,range_unchecked,40,5,66.073170
2ac0eac9c4fbb32c5270547757d233b5030f8fed,"Intel(R) Core(TM) i5-8365U CPU @ 1.60GHz; linux/amd64","2.2.10","-d:release --mm:arc",WM,16,1000000,range,range_unchecked,40,6,75.839630
2ac0eac9c4fbb32c5270547757d233b5030f8fed,"Intel(R) Core(TM) i5-8365U CPU @ 1.60GHz; linux/amd64","2.2.10","-d:release --mm:arc",WM,16,1000000,range,range_unchecked,40,7,75.120600
2ac0eac9c4fbb32c5270547757d233b5030f8fed,"Intel(R) Core(TM) i5-8365U CPU @ 1.60GHz; linux/amd64","2.2.10","-d:release --mm:arc",WM,16,1000000,range,range_unchecked,40,8,66.330180
2ac0eac9c4fbb32c5270547757d233b5030f8fed,"Intel(R) Core(TM) i5-8365U CPU @ 1.60GHz; linux/amd64","2.2.10","-d:release --mm:arc",WM,16,1000000,range,range_unchecked,40,9,66.900200
2ac0eac9c4fbb32c5270547757d233b5030f8fed,"Intel(R) Core(TM) i5-8365U CPU @ 1.60GHz; linux/amd64","2.2.10","-d:release --mm:arc",WM,16,1000000,range,range_unchecked,40,10,65.945160
2ac0eac9c4fbb32c5270547757d233b5030f8fed,"Intel(R) Core(TM) i5-8365U CPU @ 1.60GHz; linux/amd64","2.2.10","-d:release --mm:arc",WM,16,1000000,range,range_unchecked,40,11,86.991170
2ac0eac9c4fbb32c5270547757d233b5030f8fed,"Intel(R) Core(TM) i5-8365U CPU @ 1.60GHz; linux/amd64","2.2.10","-d:release --mm:arc",WM,16,1000000,range,range_unchecked,40,12,73.389510
2ac0eac9c4fbb32c5270547757d233b5030f8fed,"Intel(R) Core(TM) i5-8365U CPU @ 1.60GHz; linux/amd64","2.2.10","-d:release --mm:arc",WM,16,1000000,range,range_unchecked,40,13,73.535530
2ac0eac9c4fbb32c5270547757d233b5030f8fed,"Intel(R) Core(TM) i5-8365U CPU @ 1.60GHz; linux/amd64","2.2.10","-d:release --mm:arc",WM,16,1000000,range,range_unchecked,40,14,69.551330
2ac0eac9c4fbb32c5270547757d233b5030f8fed,"Intel(R) Core(TM) i5-8365U CPU @ 1.60GHz; linux/amd64","2.2.10","-d:release --mm:arc",WM,16,1000000,range,range_unchecked,40,15,69.104310
2ac0eac9c4fbb32c5270547757d233b5030f8fed,"Intel(R) Core(TM) i5-8365U CPU @ 1.60GHz; linux/amd64","2.2.10","-d:release --mm:arc",WM,16,1000000,range,range_unchecked,40,16,93.037450
2ac0eac9c4fbb32c5270547757d233b5030f8fed,"Intel(R) Core(TM) i5-8365U CPU @ 1.60GHz; linux/amd64","2.2.10","-d:release --mm:arc",WM,16,1000000,range,range_unchecked,40,17,68.559290
2ac0eac9c4fbb32c5270547757d233b5030f8fed,"Intel(R) Core(TM) i5-8365U CPU @ 1.60GHz; linux/amd64","2.2.10","-d:release --mm:arc",WM,16,1000000,range,range_unchecked,40,18,93.394470
2ac0eac9c4fbb32c5270547757d233b5030f8fed,"Intel(R) Core(TM) i5-8365U CPU @ 1.60GHz; linux/amd64","2.2.10","-d:release --mm:arc",WM,16,1000000,range,range_unchecked,40,19,106.972130
2ac0eac9c4fbb32c5270547757d233b5030f8fed,"Intel(R) Core(TM) i5-8365U CPU @ 1.60GHz; linux/amd64","2.2.10","-d:release --mm:arc",WM,16,1000000,range,range_unchecked,40,20,90.114310
2ac0eac9c4fbb32c5270547757d233b5030f8fed,"Intel(R) Core(TM) i5-8365U CPU @ 1.60GHz; linux/amd64","2.2.10","-d:release --mm:arc",WM,16,1000000,range,range_unchecked,40,21,72.583480
2ac0eac9c4fbb32c5270547757d233b5030f8fed,"Intel(R) Core(TM) i5-8365U CPU @ 1.60GHz; linux/amd64","2.2.10","-d:release --mm:arc",WM,16,1000000,range,access,50,1,1231.741000
2ac0eac9c4fbb32c5270547757d233b5030f8fed,"Intel(R) Core(TM) i5-8365U CPU @ 1.60GHz; linux/amd64","2.2.10","-d:release --mm:arc",WM,16,1000000,range,access,50,2,1115.325420
2ac0eac9c4fbb32c5270547757d233b5030f8fed,"Intel(R) Core(TM) i5-8365U CPU @ 1.60GHz; linux/amd64","2.2.10","-d:release --mm:arc",WM,16,1000000,range,access,50,3,1171.881130
2ac0eac9c4fbb32c5270547757d233b5030f8fed,"Intel(R) Core(TM) i5-8365U CPU @ 1.60GHz; linux/amd64","2.2.10","-d:release --mm:arc",WM,16,1000000,range,access,50,4,1068.070160
2ac0eac9c4fbb32c5270547757d233b5030f8fed,"Intel(R) Core(TM) i5-8365U CPU @ 1.60GHz; linux/amd64","2.2.10","-d:release --mm:arc",WM,16,1000000,range,access,50,5,1106.617010
2ac0eac9c4fbb32c5270547757d233b5030f8fed,"Intel(R) Core(TM) i5-8365U CPU @ 1.60GHz; linux/amd64","2.2.10","-d:release --mm:arc",WM,16,1000000,range,access,50,6,1050.479310
2ac0eac9c4fbb32c5270547757d233b5030f8fed,"Intel(R) Core(TM) i5-8365U CPU @ 1.60GHz; linux/amd64","2.2.10","-d:release --mm:arc",WM,16,1000000,range,access,50,7,1039.431790
2ac0eac9c4fbb32c5270547757d233b5030f8fed,"Intel(R) Core(TM) i5-8365U CPU @ 1.60GHz; linux/amd64","2.2.10","-d:release --mm:arc",WM,16,1000000,range,access,50,8,1075.645520
2ac0eac9c4fbb32c5270547757d233b5030f8fed,"Intel(R) Core(TM) i5-8365U CPU @ 1.60GHz; linux/amd64","2.2.10","-d:release --mm:arc",WM,16,1000000,range,access,50,9,1001.734980
2ac0eac9c4fbb32c5270547757d233b5030f8fed,"Intel(R) Core(TM) i5-8365U CPU @ 1.60GHz; linux/amd64","2.2.10","-d:release --mm:arc",WM,16,1000000,range,access,50,10,1011.514450
2ac0eac9c4fbb32c5270547757d233b5030f8fed,"Intel(R) Core(TM) i5-8365U CPU @ 1.60GHz; linux/amd64","2.2.10","-d:release --mm:arc",WM,16,1000000,range,access,50,11,1123.012790
2ac0eac9c4fbb32c5270547757d233b5030f8fed,"Intel(R) Core(TM) i5-8365U CPU @ 1.60GHz; linux/amd64","2.2.10","-d:release --mm:arc",WM,16,1000000,range,access,50,12,1192.505120
2ac0eac9c4fbb32c5270547757d233b5030f8fed,"Intel(R) Core(TM) i5-8365U CPU @ 1.60GHz; linux/amd64","2.2.10","-d:release --mm:arc",WM,16,1000000,range,access,50,13,1113.683350
2ac0eac9c4fbb32c5270547757d233b5030f8fed,"Intel(R) Core(TM) i5-8365U CPU @ 1.60GHz; linux/amd64","2.2.10","-d:release --mm:arc",WM,16,1000000,range,access,50,14,1061.671850
2ac0eac9c4fbb32c5270547757d233b5030f8fed,"Intel(R) Core(TM) i5-8365U CPU @ 1.60GHz; linux/amd64","2.2.10","-d:release --mm:arc",WM,16,1000000,range,access,50,15,1021.168910
2ac0eac9c4fbb32c5270547757d233b5030f8fed,"Intel(R) Core(TM) i5-8365U CPU @ 1.60GHz; linux/amd64","2.2.10","-d:release --mm:arc",WM,16,1000000,range,access,50,16,1038.333730
2ac0eac9c4fbb32c5270547757d233b5030f8fed,"Intel(R) Core(TM) i5-8365U CPU @ 1.60GHz; linux/amd64","2.2.10","-d:release --mm:arc",WM,16,1000000,range,access,50,17,1031.451410
2ac0eac9c4fbb32c5270547757d233b5030f8fed,"Intel(R) Core(TM) i5-8365U CPU @ 1.60GHz; linux/amd64","2.2.10","-d:release --mm:arc",WM,16,1000000,range,access,50,18,999.721880
2ac0eac9c4fbb32c5270547757d233b5030f8fed,"Intel(R) Core(TM) i5-8365U CPU @ 1.60GHz; linux/amd64","2.2.10","-d:release --mm:arc",WM,16,1000000,range,access,50,19,1041.869910
2ac0eac9c4fbb32c5270547757d233b5030f8fed,"Intel(R) Core(TM) i5-8365U CPU @ 1.60GHz; linux/amd64","2.2.10","-d:release --mm:arc",WM,16,1000000,range,access,50,20,1022.964000
2ac0eac9c4fbb32c5270547757d233b5030f8fed,"Intel(R) Core(TM) i5-8365U CPU @ 1.60GHz; linux/amd64","2.2.10","-d:release --mm:arc",WM,16,1000000,range,access,50,21,1043.672990
2ac0eac9c4fbb32c5270547757d233b5030f8fed,"Intel(R) Core(TM) i5-8365U CPU @ 1.60GHz; linux/amd64","2.2.10","-d:release --mm:arc",WM,16,1000000,range,range_unchecked,50,1,19.335920
2ac0eac9c4fbb32c5270547757d233b5030f8fed,"Intel(R) Core(TM) i5-8365U CPU @ 1.60GHz; linux/amd64","2.2.10","-d:release --mm:arc",WM,16,1000000,range,range_unchecked,50,2,19.028910
2ac0eac9c4fbb32c5270547757d233b5030f8fed,"Intel(R) Core(TM) i5-8365U CPU @ 1.60GHz; linux/amd64","2.2.10","-d:release --mm:arc",WM,16,1000000,range,range_unchecked,50,3,18.509890
2ac0eac9c4fbb32c5270547757d233b5030f8fed,"Intel(R) Core(TM) i5-8365U CPU @ 1.60GHz; linux/amd64","2.2.10","-d:release --mm:arc",WM,16,1000000,range,range_unchecked,50,4,18.296880
2ac0eac9c4fbb32c5270547757d233b5030f8fed,"Intel(R) Core(TM) i5-8365U CPU @ 1.60GHz; linux/amd64","2.2.10","-d:release --mm:arc",WM,16,1000000,range,range_unchecked,50,5,18.519880
2ac0eac9c4fbb32c5270547757d233b5030f8fed,"Intel(R) Core(TM) i5-8365U CPU @ 1.60GHz; linux/amd64","2.2.10","-d:release --mm:arc",WM,16,1000000,range,range_unchecked,50,6,18.696900
2ac0eac9c4fbb32c5270547757d233b5030f8fed,"Intel(R) Core(TM) i5-8365U CPU @ 1.60GHz; linux/amd64","2.2.10","-d:release --mm:arc",WM,16,1000000,range,range_unchecked,50,7,19.094910
2ac0eac9c4fbb32c5270547757d233b5030f8fed,"Intel(R) Core(TM) i5-8365U CPU @ 1.60GHz; linux/amd64","2.2.10","-d:release --mm:arc",WM,16,1000000,range,range_unchecked,50,8,19.325930
2ac0eac9c4fbb32c5270547757d233b5030f8fed,"Intel(R) Core(TM) i5-8365U CPU @ 1.60GHz; linux/amd64","2.2.10","-d:release --mm:arc",WM,16,1000000,range,range_unchecked,50,9,18.993910
2ac0eac9c4fbb32c5270547757d233b5030f8fed,"Intel(R) Core(TM) i5-8365U CPU @ 1.60GHz; linux/amd64","2.2.10","-d:release --mm:arc",WM,16,1000000,range,range_unchecked,50,10,22.100060
2ac0eac9c4fbb32c5270547757d233b5030f8fed,"Intel(R) Core(TM) i5-8365U CPU @ 1.60GHz; linux/amd64","2.2.10","-d:release --mm:arc",WM,16,1000000,range,range_unchecked,50,11,27.198300
2ac0eac9c4fbb32c5270547757d233b5030f8fed,"Intel(R) Core(TM) i5-8365U CPU @ 1.60GHz; linux/amd64","2.2.10","-d:release --mm:arc",WM,16,1000000,range,range_unchecked,50,12,19.273930
2ac0eac9c4fbb32c5270547757d233b5030f8fed,"Intel(R) Core(TM) i5-8365U CPU @ 1.60GHz; linux/amd64","2.2.10","-d:release --mm:arc",WM,16,1000000,range,range_unchecked,50,13,18.712890
2ac0eac9c4fbb32c5270547757d233b5030f8fed,"Intel(R) Core(TM) i5-8365U CPU @ 1.60GHz; linux/amd64","2.2.10","-d:release --mm:arc",WM,16,1000000,range,range_unchecked,50,14,18.581890
2ac0eac9c4fbb32c5270547757d233b5030f8fed,"Intel(R) Core(TM) i5-8365U CPU @ 1.60GHz; linux/amd64","2.2.10","-d:release --mm:arc",WM,16,1000000,range,range_unchecked,50,15,20.108960
2ac0eac9c4fbb32c5270547757d233b5030f8fed,"Intel(R) Core(TM) i5-8365U CPU @ 1.60GHz; linux/amd64","2.2.10","-d:release --mm:arc",WM,16,1000000,range,range_unchecked,50,16,19.615940
2ac0eac9c4fbb32c5270547757d233b5030f8fed,"Intel(R) Core(TM) i5-8365U CPU @ 1.60GHz; linux/amd64","2.2.10","-d:release --mm:arc",WM,16,1000000,range,range_unchecked,50,17,19.955960
2ac0eac9c4fbb32c5270547757d233b5030f8fed,"Intel(R) Core(TM) i5-8365U CPU @ 1.60GHz; linux/amd64","2.2.10","-d:release --mm:arc",WM,16,1000000,range,range_unchecked,50,18,25.235210
2ac0eac9c4fbb32c5270547757d233b5030f8fed,"Intel(R) Core(TM) i5-8365U CPU @ 1.60GHz; linux/amd64","2.2.10","-d:release --mm:arc",WM,16,1000000,range,range_unchecked,50,19,31.579510
2ac0eac9c4fbb32c5270547757d233b5030f8fed,"Intel(R) Core(TM) i5-8365U CPU @ 1.60GHz; linux/amd64","2.2.10","-d:release --mm:arc",WM,16,1000000,range,range_unchecked,50,20,30.777480
2ac0eac9c4fbb32c5270547757d233b5030f8fed,"Intel(R) Core(TM) i5-8365U CPU @ 1.60GHz; linux/amd64","2.2.10","-d:release --mm:arc",WM,16,1000000,range,range_unchecked,50,21,30.578460
2ac0eac9c4fbb32c5270547757d233b5030f8fed,"Intel(R) Core(TM) i5-8365U CPU @ 1.60GHz; linux/amd64","2.2.10","-d:release --mm:arc",WM,16,1000000,range,access,75,1,1027.517220
2ac0eac9c4fbb32c5270547757d233b5030f8fed,"Intel(R) Core(TM) i5-8365U CPU @ 1.60GHz; linux/amd64","2.2.10","-d:release --mm:arc",WM,16,1000000,range,access,75,2,1041.618890
2ac0eac9c4fbb32c5270547757d233b5030f8fed,"Intel(R) Core(TM) i5-8365U CPU @ 1.60GHz; linux/amd64","2.2.10","-d:release --mm:arc",WM,16,1000000,range,access,75,3,1071.457320
2ac0eac9c4fbb32c5270547757d233b5030f8fed,"Intel(R) Core(TM) i5-8365U CPU @ 1.60GHz; linux/amd64","2.2.10","-d:release --mm:arc",WM,16,1000000,range,access,75,4,1041.864900
2ac0eac9c4fbb32c5270547757d233b5030f8fed,"Intel(R) Core(TM) i5-8365U CPU @ 1.60GHz; linux/amd64","2.2.10","-d:release --mm:arc",WM,16,1000000,range,access,75,5,1017.488740
2ac0eac9c4fbb32c5270547757d233b5030f8fed,"Intel(R) Core(TM) i5-8365U CPU @ 1.60GHz; linux/amd64","2.2.10","-d:release --mm:arc",WM,16,1000000,range,access,75,6,1252.306980
2ac0eac9c4fbb32c5270547757d233b5030f8fed,"Intel(R) Core(TM) i5-8365U CPU @ 1.60GHz; linux/amd64","2.2.10","-d:release --mm:arc",WM,16,1000000,range,access,75,7,1038.826760
2ac0eac9c4fbb32c5270547757d233b5030f8fed,"Intel(R) Core(TM) i5-8365U CPU @ 1.60GHz; linux/amd64","2.2.10","-d:release --mm:arc",WM,16,1000000,range,access,75,8,1371.557700
2ac0eac9c4fbb32c5270547757d233b5030f8fed,"Intel(R) Core(TM) i5-8365U CPU @ 1.60GHz; linux/amd64","2.2.10","-d:release --mm:arc",WM,16,1000000,range,access,75,9,1136.565440
2ac0eac9c4fbb32c5270547757d233b5030f8fed,"Intel(R) Core(TM) i5-8365U CPU @ 1.60GHz; linux/amd64","2.2.10","-d:release --mm:arc",WM,16,1000000,range,access,75,10,1109.773150
2ac0eac9c4fbb32c5270547757d233b5030f8fed,"Intel(R) Core(TM) i5-8365U CPU @ 1.60GHz; linux/amd64","2.2.10","-d:release --mm:arc",WM,16,1000000,range,access,75,11,1050.555320
2ac0eac9c4fbb32c5270547757d233b5030f8fed,"Intel(R) Core(TM) i5-8365U CPU @ 1.60GHz; linux/amd64","2.2.10","-d:release --mm:arc",WM,16,1000000,range,access,75,12,1026.634180
2ac0eac9c4fbb32c5270547757d233b5030f8fed,"Intel(R) Core(TM) i5-8365U CPU @ 1.60GHz; linux/amd64","2.2.10","-d:release --mm:arc",WM,16,1000000,range,access,75,13,1033.118480
2ac0eac9c4fbb32c5270547757d233b5030f8fed,"Intel(R) Core(TM) i5-8365U CPU @ 1.60GHz; linux/amd64","2.2.10","-d:release --mm:arc",WM,16,1000000,range,access,75,14,1044.811050
2ac0eac9c4fbb32c5270547757d233b5030f8fed,"Intel(R) Core(TM) i5-8365U CPU @ 1.60GHz; linux/amd64","2.2.10","-d:release --mm:arc",WM,16,1000000,range,access,75,15,1066.838100
2ac0eac9c4fbb32c5270547757d233b5030f8fed,"Intel(R) Core(TM) i5-8365U CPU @ 1.60GHz; linux/amd64","2.2.10","-d:release --mm:arc",WM,16,1000000,range,access,75,16,1012.731500
2ac0eac9c4fbb32c5270547757d233b5030f8fed,"Intel(R) Core(TM) i5-8365U CPU @ 1.60GHz; linux/amd64","2.2.10","-d:release --mm:arc",WM,16,1000000,range,access,75,17,1292.592920
2ac0eac9c4fbb32c5270547757d233b5030f8fed,"Intel(R) Core(TM) i5-8365U CPU @ 1.60GHz; linux/amd64","2.2.10","-d:release --mm:arc",WM,16,1000000,range,access,75,18,1067.943150
2ac0eac9c4fbb32c5270547757d233b5030f8fed,"Intel(R) Core(TM) i5-8365U CPU @ 1.60GHz; linux/amd64","2.2.10","-d:release --mm:arc",WM,16,1000000,range,access,75,19,1060.265790
2ac0eac9c4fbb32c5270547757d233b5030f8fed,"Intel(R) Core(TM) i5-8365U CPU @ 1.60GHz; linux/amd64","2.2.10","-d:release --mm:arc",WM,16,1000000,range,access,75,20,1017.126710
2ac0eac9c4fbb32c5270547757d233b5030f8fed,"Intel(R) Core(TM) i5-8365U CPU @ 1.60GHz; linux/amd64","2.2.10","-d:release --mm:arc",WM,16,1000000,range,access,75,21,1041.569890
2ac0eac9c4fbb32c5270547757d233b5030f8fed,"Intel(R) Core(TM) i5-8365U CPU @ 1.60GHz; linux/amd64","2.2.10","-d:release --mm:arc",WM,16,1000000,range,range_unchecked,75,1,45.633190
2ac0eac9c4fbb32c5270547757d233b5030f8fed,"Intel(R) Core(TM) i5-8365U CPU @ 1.60GHz; linux/amd64","2.2.10","-d:release --mm:arc",WM,16,1000000,range,range_unchecked,75,2,54.328600
2ac0eac9c4fbb32c5270547757d233b5030f8fed,"Intel(R) Core(TM) i5-8365U CPU @ 1.60GHz; linux/amd64","2.2.10","-d:release --mm:arc",WM,16,1000000,range,range_unchecked,75,3,45.966200
2ac0eac9c4fbb32c5270547757d233b5030f8fed,"Intel(R) Core(TM) i5-8365U CPU @ 1.60GHz; linux/amd64","2.2.10","-d:release --mm:arc",WM,16,1000000,range,range_unchecked,75,4,44.397130
2ac0eac9c4fbb32c5270547757d233b5030f8fed,"Intel(R) Core(TM) i5-8365U CPU @ 1.60GHz; linux/amd64","2.2.10","-d:release --mm:arc",WM,16,1000000,range,range_unchecked,75,5,43.520090
2ac0eac9c4fbb32c5270547757d233b5030f8fed,"Intel(R) Core(TM) i5-8365U CPU @ 1.60GHz; linux/amd64","2.2.10","-d:release --mm:arc",WM,16,1000000,range,range_unchecked,75,6,40.952960
2ac0eac9c4fbb32c5270547757d233b5030f8fed,"Intel(R) Core(TM) i5-8365U CPU @ 1.60GHz; linux/amd64","2.2.10","-d:release --mm:arc",WM,16,1000000,range,range_unchecked,75,7,40.065920
2ac0eac9c4fbb32c5270547757d233b5030f8fed,"Intel(R) Core(TM) i5-8365U CPU @ 1.60GHz; linux/amd64","2.2.10","-d:release --mm:arc",WM,16,1000000,range,range_unchecked,75,8,43.226070
2ac0eac9c4fbb32c5270547757d233b5030f8fed,"Intel(R) Core(TM) i5-8365U CPU @ 1.60GHz; linux/amd64","2.2.10","-d:release --mm:arc",WM,16,1000000,range,range_unchecked,75,9,47.796290
2ac0eac9c4fbb32c5270547757d233b5030f8fed,"Intel(R) Core(TM) i5-8365U CPU @ 1.60GHz; linux/amd64","2.2.10","-d:release --mm:arc",WM,16,1000000,range,range_unchecked,75,10,41.182970
2ac0eac9c4fbb32c5270547757d233b5030f8fed,"Intel(R) Core(TM) i5-8365U CPU @ 1.60GHz; linux/amd64","2.2.10","-d:release --mm:arc",WM,16,1000000,range,range_unchecked,75,11,41.977010
2ac0eac9c4fbb32c5270547757d233b5030f8fed,"Intel(R) Core(TM) i5-8365U CPU @ 1.60GHz; linux/amd64","2.2.10","-d:release --mm:arc",WM,16,1000000,range,range_unchecked,75,12,107.632160
2ac0eac9c4fbb32c5270547757d233b5030f8fed,"Intel(R) Core(TM) i5-8365U CPU @ 1.60GHz; linux/amd64","2.2.10","-d:release --mm:arc",WM,16,1000000,range,range_unchecked,75,13,47.461270
2ac0eac9c4fbb32c5270547757d233b5030f8fed,"Intel(R) Core(TM) i5-8365U CPU @ 1.60GHz; linux/amd64","2.2.10","-d:release --mm:arc",WM,16,1000000,range,range_unchecked,75,14,43.915100
2ac0eac9c4fbb32c5270547757d233b5030f8fed,"Intel(R) Core(TM) i5-8365U CPU @ 1.60GHz; linux/amd64","2.2.10","-d:release --mm:arc",WM,16,1000000,range,range_unchecked,75,15,53.917590
2ac0eac9c4fbb32c5270547757d233b5030f8fed,"Intel(R) Core(TM) i5-8365U CPU @ 1.60GHz; linux/amd64","2.2.10","-d:release --mm:arc",WM,16,1000000,range,range_unchecked,75,16,42.612040
2ac0eac9c4fbb32c5270547757d233b5030f8fed,"Intel(R) Core(TM) i5-8365U CPU @ 1.60GHz; linux/amd64","2.2.10","-d:release --mm:arc",WM,16,1000000,range,range_unchecked,75,17,41.412980
2ac0eac9c4fbb32c5270547757d233b5030f8fed,"Intel(R) Core(TM) i5-8365U CPU @ 1.60GHz; linux/amd64","2.2.10","-d:release --mm:arc",WM,16,1000000,range,range_unchecked,75,18,48.484330
2ac0eac9c4fbb32c5270547757d233b5030f8fed,"Intel(R) Core(TM) i5-8365U CPU @ 1.60GHz; linux/amd64","2.2.10","-d:release --mm:arc",WM,16,1000000,range,range_unchecked,75,19,41.601990
2ac0eac9c4fbb32c5270547757d233b5030f8fed,"Intel(R) Core(TM) i5-8365U CPU @ 1.60GHz; linux/amd64","2.2.10","-d:release --mm:arc",WM,16,1000000,range,range_unchecked,75,20,41.275980
2ac0eac9c4fbb32c5270547757d233b5030f8fed,"Intel(R) Core(TM) i5-8365U CPU @ 1.60GHz; linux/amd64","2.2.10","-d:release --mm:arc",WM,16,1000000,range,range_unchecked,75,21,41.720990
2ac0eac9c4fbb32c5270547757d233b5030f8fed,"Intel(R) Core(TM) i5-8365U CPU @ 1.60GHz; linux/amd64","2.2.10","-d:release --mm:arc",WM,16,1000000,range,access,90,1,1018.592790
2ac0eac9c4fbb32c5270547757d233b5030f8fed,"Intel(R) Core(TM) i5-8365U CPU @ 1.60GHz; linux/amd64","2.2.10","-d:release --mm:arc",WM,16,1000000,range,access,90,2,1032.108440
2ac0eac9c4fbb32c5270547757d233b5030f8fed,"Intel(R) Core(TM) i5-8365U CPU @ 1.60GHz; linux/amd64","2.2.10","-d:release --mm:arc",WM,16,1000000,range,access,90,3,1098.121600
2ac0eac9c4fbb32c5270547757d233b5030f8fed,"Intel(R) Core(TM) i5-8365U CPU @ 1.60GHz; linux/amd64","2.2.10","-d:release --mm:arc",WM,16,1000000,range,access,90,4,1302.408380
2ac0eac9c4fbb32c5270547757d233b5030f8fed,"Intel(R) Core(TM) i5-8365U CPU @ 1.60GHz; linux/amd64","2.2.10","-d:release --mm:arc",WM,16,1000000,range,access,90,5,1107.290040
2ac0eac9c4fbb32c5270547757d233b5030f8fed,"Intel(R) Core(TM) i5-8365U CPU @ 1.60GHz; linux/amd64","2.2.10","-d:release --mm:arc",WM,16,1000000,range,access,90,6,1166.281860
2ac0eac9c4fbb32c5270547757d233b5030f8fed,"Intel(R) Core(TM) i5-8365U CPU @ 1.60GHz; linux/amd64","2.2.10","-d:release --mm:arc",WM,16,1000000,range,access,90,7,1034.318540
2ac0eac9c4fbb32c5270547757d233b5030f8fed,"Intel(R) Core(TM) i5-8365U CPU @ 1.60GHz; linux/amd64","2.2.10","-d:release --mm:arc",WM,16,1000000,range,access,90,8,1075.479520
2ac0eac9c4fbb32c5270547757d233b5030f8fed,"Intel(R) Core(TM) i5-8365U CPU @ 1.60GHz; linux/amd64","2.2.10","-d:release --mm:arc",WM,16,1000000,range,access,90,9,1058.634700
2ac0eac9c4fbb32c5270547757d233b5030f8fed,"Intel(R) Core(TM) i5-8365U CPU @ 1.60GHz; linux/amd64","2.2.10","-d:release --mm:arc",WM,16,1000000,range,access,90,10,1089.114170
2ac0eac9c4fbb32c5270547757d233b5030f8fed,"Intel(R) Core(TM) i5-8365U CPU @ 1.60GHz; linux/amd64","2.2.10","-d:release --mm:arc",WM,16,1000000,range,access,90,11,1185.230770
2ac0eac9c4fbb32c5270547757d233b5030f8fed,"Intel(R) Core(TM) i5-8365U CPU @ 1.60GHz; linux/amd64","2.2.10","-d:release --mm:arc",WM,16,1000000,range,access,90,12,1056.856620
2ac0eac9c4fbb32c5270547757d233b5030f8fed,"Intel(R) Core(TM) i5-8365U CPU @ 1.60GHz; linux/amd64","2.2.10","-d:release --mm:arc",WM,16,1000000,range,access,90,13,1043.672990
2ac0eac9c4fbb32c5270547757d233b5030f8fed,"Intel(R) Core(TM) i5-8365U CPU @ 1.60GHz; linux/amd64","2.2.10","-d:release --mm:arc",WM,16,1000000,range,access,90,14,1051.621370
2ac0eac9c4fbb32c5270547757d233b5030f8fed,"Intel(R) Core(TM) i5-8365U CPU @ 1.60GHz; linux/amd64","2.2.10","-d:release --mm:arc",WM,16,1000000,range,access,90,15,1102.455810
2ac0eac9c4fbb32c5270547757d233b5030f8fed,"Intel(R) Core(TM) i5-8365U CPU @ 1.60GHz; linux/amd64","2.2.10","-d:release --mm:arc",WM,16,1000000,range,access,90,16,1090.924250
2ac0eac9c4fbb32c5270547757d233b5030f8fed,"Intel(R) Core(TM) i5-8365U CPU @ 1.60GHz; linux/amd64","2.2.10","-d:release --mm:arc",WM,16,1000000,range,access,90,17,1046.106250
2ac0eac9c4fbb32c5270547757d233b5030f8fed,"Intel(R) Core(TM) i5-8365U CPU @ 1.60GHz; linux/amd64","2.2.10","-d:release --mm:arc",WM,16,1000000,range,access,90,18,1042.507220
2ac0eac9c4fbb32c5270547757d233b5030f8fed,"Intel(R) Core(TM) i5-8365U CPU @ 1.60GHz; linux/amd64","2.2.10","-d:release --mm:arc",WM,16,1000000,range,access,90,19,1044.719340
2ac0eac9c4fbb32c5270547757d233b5030f8fed,"Intel(R) Core(TM) i5-8365U CPU @ 1.60GHz; linux/amd64","2.2.10","-d:release --mm:arc",WM,16,1000000,range,access,90,20,1036.404890
2ac0eac9c4fbb32c5270547757d233b5030f8fed,"Intel(R) Core(TM) i5-8365U CPU @ 1.60GHz; linux/amd64","2.2.10","-d:release --mm:arc",WM,16,1000000,range,access,90,21,1048.775550
2ac0eac9c4fbb32c5270547757d233b5030f8fed,"Intel(R) Core(TM) i5-8365U CPU @ 1.60GHz; linux/amd64","2.2.10","-d:release --mm:arc",WM,16,1000000,range,range_unchecked,90,1,66.501530
2ac0eac9c4fbb32c5270547757d233b5030f8fed,"Intel(R) Core(TM) i5-8365U CPU @ 1.60GHz; linux/amd64","2.2.10","-d:release --mm:arc",WM,16,1000000,range,range_unchecked,90,2,73.905910
2ac0eac9c4fbb32c5270547757d233b5030f8fed,"Intel(R) Core(TM) i5-8365U CPU @ 1.60GHz; linux/amd64","2.2.10","-d:release --mm:arc",WM,16,1000000,range,range_unchecked,90,3,65.669480
2ac0eac9c4fbb32c5270547757d233b5030f8fed,"Intel(R) Core(TM) i5-8365U CPU @ 1.60GHz; linux/amd64","2.2.10","-d:release --mm:arc",WM,16,1000000,range,range_unchecked,90,4,75.591000
2ac0eac9c4fbb32c5270547757d233b5030f8fed,"Intel(R) Core(TM) i5-8365U CPU @ 1.60GHz; linux/amd64","2.2.10","-d:release --mm:arc",WM,16,1000000,range,range_unchecked,90,5,68.816650
2ac0eac9c4fbb32c5270547757d233b5030f8fed,"Intel(R) Core(TM) i5-8365U CPU @ 1.60GHz; linux/amd64","2.2.10","-d:release --mm:arc",WM,16,1000000,range,range_unchecked,90,6,66.127500
2ac0eac9c4fbb32c5270547757d233b5030f8fed,"Intel(R) Core(TM) i5-8365U CPU @ 1.60GHz; linux/amd64","2.2.10","-d:release --mm:arc",WM,16,1000000,range,range_unchecked,90,7,73.667900
2ac0eac9c4fbb32c5270547757d233b5030f8fed,"Intel(R) Core(TM) i5-8365U CPU @ 1.60GHz; linux/amd64","2.2.10","-d:release --mm:arc",WM,16,1000000,range,range_unchecked,90,8,67.012550
2ac0eac9c4fbb32c5270547757d233b5030f8fed,"Intel(R) Core(TM) i5-8365U CPU @ 1.60GHz; linux/amd64","2.2.10","-d:release --mm:arc",WM,16,1000000,range,range_unchecked,90,9,79.992240
2ac0eac9c4fbb32c5270547757d233b5030f8fed,"Intel(R) Core(TM) i5-8365U CPU @ 1.60GHz; linux/amd64","2.2.10","-d:release --mm:arc",WM,16,1000000,range,range_unchecked,90,10,66.514520
2ac0eac9c4fbb32c5270547757d233b5030f8fed,"Intel(R) Core(TM) i5-8365U CPU @ 1.60GHz; linux/amd64","2.2.10","-d:release --mm:arc",WM,16,1000000,range,range_unchecked,90,11,81.258310
2ac0eac9c4fbb32c5270547757d233b5030f8fed,"Intel(R) Core(TM) i5-8365U CPU @ 1.60GHz; linux/amd64","2.2.10","-d:release --mm:arc",WM,16,1000000,range,range_unchecked,90,12,66.351510
2ac0eac9c4fbb32c5270547757d233b5030f8fed,"Intel(R) Core(TM) i5-8365U CPU @ 1.60GHz; linux/amd64","2.2.10","-d:release --mm:arc",WM,16,1000000,range,range_unchecked,90,13,70.391730
2ac0eac9c4fbb32c5270547757d233b5030f8fed,"Intel(R) Core(TM) i5-8365U CPU @ 1.60GHz; linux/amd64","2.2.10","-d:release --mm:arc",WM,16,1000000,range,range_unchecked,90,14,83.999450
2ac0eac9c4fbb32c5270547757d233b5030f8fed,"Intel(R) Core(TM) i5-8365U CPU @ 1.60GHz; linux/amd64","2.2.10","-d:release --mm:arc",WM,16,1000000,range,range_unchecked,90,15,67.307570
2ac0eac9c4fbb32c5270547757d233b5030f8fed,"Intel(R) Core(TM) i5-8365U CPU @ 1.60GHz; linux/amd64","2.2.10","-d:release --mm:arc",WM,16,1000000,range,range_unchecked,90,16,71.768800
2ac0eac9c4fbb32c5270547757d233b5030f8fed,"Intel(R) Core(TM) i5-8365U CPU @ 1.60GHz; linux/amd64","2.2.10","-d:release --mm:arc",WM,16,1000000,range,range_unchecked,90,17,65.271460
2ac0eac9c4fbb32c5270547757d233b5030f8fed,"Intel(R) Core(TM) i5-8365U CPU @ 1.60GHz; linux/amd64","2.2.10","-d:release --mm:arc",WM,16,1000000,range,range_unchecked,90,18,71.733800
2ac0eac9c4fbb32c5270547757d233b5030f8fed,"Intel(R) Core(TM) i5-8365U CPU @ 1.60GHz; linux/amd64","2.2.10","-d:release --mm:arc",WM,16,1000000,range,range_unchecked,90,19,67.368560
2ac0eac9c4fbb32c5270547757d233b5030f8fed,"Intel(R) Core(TM) i5-8365U CPU @ 1.60GHz; linux/amd64","2.2.10","-d:release --mm:arc",WM,16,1000000,range,range_unchecked,90,20,65.577480
2ac0eac9c4fbb32c5270547757d233b5030f8fed,"Intel(R) Core(TM) i5-8365U CPU @ 1.60GHz; linux/amd64","2.2.10","-d:release --mm:arc",WM,16,1000000,range,range_unchecked,90,21,69.410670
2ac0eac9c4fbb32c5270547757d233b5030f8fed,"Intel(R) Core(TM) i5-8365U CPU @ 1.60GHz; linux/amd64","2.2.10","-d:release --mm:arc",WM,16,1000000,range,access,100,1,1041.699180
2ac0eac9c4fbb32c5270547757d233b5030f8fed,"Intel(R) Core(TM) i5-8365U CPU @ 1.60GHz; linux/amd64","2.2.10","-d:release --mm:arc",WM,16,1000000,range,access,100,2,1025.505320
2ac0eac9c4fbb32c5270547757d233b5030f8fed,"Intel(R) Core(TM) i5-8365U CPU @ 1.60GHz; linux/amd64","2.2.10","-d:release --mm:arc",WM,16,1000000,range,access,100,3,1056.482960
2ac0eac9c4fbb32c5270547757d233b5030f8fed,"Intel(R) Core(TM) i5-8365U CPU @ 1.60GHz; linux/amd64","2.2.10","-d:release --mm:arc",WM,16,1000000,range,access,100,4,1035.313830
2ac0eac9c4fbb32c5270547757d233b5030f8fed,"Intel(R) Core(TM) i5-8365U CPU @ 1.60GHz; linux/amd64","2.2.10","-d:release --mm:arc",WM,16,1000000,range,access,100,5,1028.940500
2ac0eac9c4fbb32c5270547757d233b5030f8fed,"Intel(R) Core(TM) i5-8365U CPU @ 1.60GHz; linux/amd64","2.2.10","-d:release --mm:arc",WM,16,1000000,range,access,100,6,1318.539840
2ac0eac9c4fbb32c5270547757d233b5030f8fed,"Intel(R) Core(TM) i5-8365U CPU @ 1.60GHz; linux/amd64","2.2.10","-d:release --mm:arc",WM,16,1000000,range,access,100,7,1139.594360
2ac0eac9c4fbb32c5270547757d233b5030f8fed,"Intel(R) Core(TM) i5-8365U CPU @ 1.60GHz; linux/amd64","2.2.10","-d:release --mm:arc",WM,16,1000000,range,access,100,8,1137.160240
2ac0eac9c4fbb32c5270547757d233b5030f8fed,"Intel(R) Core(TM) i5-8365U CPU @ 1.60GHz; linux/amd64","2.2.10","-d:release --mm:arc",WM,16,1000000,range,access,100,9,1719.301060
2ac0eac9c4fbb32c5270547757d233b5030f8fed,"Intel(R) Core(TM) i5-8365U CPU @ 1.60GHz; linux/amd64","2.2.10","-d:release --mm:arc",WM,16,1000000,range,access,100,10,1528.421960
2ac0eac9c4fbb32c5270547757d233b5030f8fed,"Intel(R) Core(TM) i5-8365U CPU @ 1.60GHz; linux/amd64","2.2.10","-d:release --mm:arc",WM,16,1000000,range,access,100,11,1294.526570
2ac0eac9c4fbb32c5270547757d233b5030f8fed,"Intel(R) Core(TM) i5-8365U CPU @ 1.60GHz; linux/amd64","2.2.10","-d:release --mm:arc",WM,16,1000000,range,access,100,12,1073.538860
2ac0eac9c4fbb32c5270547757d233b5030f8fed,"Intel(R) Core(TM) i5-8365U CPU @ 1.60GHz; linux/amd64","2.2.10","-d:release --mm:arc",WM,16,1000000,range,access,100,13,1142.140500
2ac0eac9c4fbb32c5270547757d233b5030f8fed,"Intel(R) Core(TM) i5-8365U CPU @ 1.60GHz; linux/amd64","2.2.10","-d:release --mm:arc",WM,16,1000000,range,access,100,14,1081.821300
2ac0eac9c4fbb32c5270547757d233b5030f8fed,"Intel(R) Core(TM) i5-8365U CPU @ 1.60GHz; linux/amd64","2.2.10","-d:release --mm:arc",WM,16,1000000,range,access,100,15,1372.475690
2ac0eac9c4fbb32c5270547757d233b5030f8fed,"Intel(R) Core(TM) i5-8365U CPU @ 1.60GHz; linux/amd64","2.2.10","-d:release --mm:arc",WM,16,1000000,range,access,100,16,1086.810570
2ac0eac9c4fbb32c5270547757d233b5030f8fed,"Intel(R) Core(TM) i5-8365U CPU @ 1.60GHz; linux/amd64","2.2.10","-d:release --mm:arc",WM,16,1000000,range,access,100,17,1183.748700
2ac0eac9c4fbb32c5270547757d233b5030f8fed,"Intel(R) Core(TM) i5-8365U CPU @ 1.60GHz; linux/amd64","2.2.10","-d:release --mm:arc",WM,16,1000000,range,access,100,18,1107.318650
2ac0eac9c4fbb32c5270547757d233b5030f8fed,"Intel(R) Core(TM) i5-8365U CPU @ 1.60GHz; linux/amd64","2.2.10","-d:release --mm:arc",WM,16,1000000,range,access,100,19,1043.515270
2ac0eac9c4fbb32c5270547757d233b5030f8fed,"Intel(R) Core(TM) i5-8365U CPU @ 1.60GHz; linux/amd64","2.2.10","-d:release --mm:arc",WM,16,1000000,range,access,100,20,1016.777860
2ac0eac9c4fbb32c5270547757d233b5030f8fed,"Intel(R) Core(TM) i5-8365U CPU @ 1.60GHz; linux/amd64","2.2.10","-d:release --mm:arc",WM,16,1000000,range,access,100,21,1081.604290
2ac0eac9c4fbb32c5270547757d233b5030f8fed,"Intel(R) Core(TM) i5-8365U CPU @ 1.60GHz; linux/amd64","2.2.10","-d:release --mm:arc",WM,16,1000000,range,range_unchecked,100,1,7.434390
2ac0eac9c4fbb32c5270547757d233b5030f8fed,"Intel(R) Core(TM) i5-8365U CPU @ 1.60GHz; linux/amd64","2.2.10","-d:release --mm:arc",WM,16,1000000,range,range_unchecked,100,2,7.386390
2ac0eac9c4fbb32c5270547757d233b5030f8fed,"Intel(R) Core(TM) i5-8365U CPU @ 1.60GHz; linux/amd64","2.2.10","-d:release --mm:arc",WM,16,1000000,range,range_unchecked,100,3,7.433400
2ac0eac9c4fbb32c5270547757d233b5030f8fed,"Intel(R) Core(TM) i5-8365U CPU @ 1.60GHz; linux/amd64","2.2.10","-d:release --mm:arc",WM,16,1000000,range,range_unchecked,100,4,7.470390
2ac0eac9c4fbb32c5270547757d233b5030f8fed,"Intel(R) Core(TM) i5-8365U CPU @ 1.60GHz; linux/amd64","2.2.10","-d:release --mm:arc",WM,16,1000000,range,range_unchecked,100,5,7.706410
2ac0eac9c4fbb32c5270547757d233b5030f8fed,"Intel(R) Core(TM) i5-8365U CPU @ 1.60GHz; linux/amd64","2.2.10","-d:release --mm:arc",WM,16,1000000,range,range_unchecked,100,6,7.363390
2ac0eac9c4fbb32c5270547757d233b5030f8fed,"Intel(R) Core(TM) i5-8365U CPU @ 1.60GHz; linux/amd64","2.2.10","-d:release --mm:arc",WM,16,1000000,range,range_unchecked,100,7,7.497400
2ac0eac9c4fbb32c5270547757d233b5030f8fed,"Intel(R) Core(TM) i5-8365U CPU @ 1.60GHz; linux/amd64","2.2.10","-d:release --mm:arc",WM,16,1000000,range,range_unchecked,100,8,7.491400
2ac0eac9c4fbb32c5270547757d233b5030f8fed,"Intel(R) Core(TM) i5-8365U CPU @ 1.60GHz; linux/amd64","2.2.10","-d:release --mm:arc",WM,16,1000000,range,range_unchecked,100,9,7.371390
2ac0eac9c4fbb32c5270547757d233b5030f8fed,"Intel(R) Core(TM) i5-8365U CPU @ 1.60GHz; linux/amd64","2.2.10","-d:release --mm:arc",WM,16,1000000,range,range_unchecked,100,10,7.353390
2ac0eac9c4fbb32c5270547757d233b5030f8fed,"Intel(R) Core(TM) i5-8365U CPU @ 1.60GHz; linux/amd64","2.2.10","-d:release --mm:arc",WM,16,1000000,range,range_unchecked,100,11,7.721400
2ac0eac9c4fbb32c5270547757d233b5030f8fed,"Intel(R) Core(TM) i5-8365U CPU @ 1.60GHz; linux/amd64","2.2.10","-d:release --mm:arc",WM,16,1000000,range,range_unchecked,100,12,7.566400
2ac0eac9c4fbb32c5270547757d233b5030f8fed,"Intel(R) Core(TM) i5-8365U CPU @ 1.60GHz; linux/amd64","2.2.10","-d:release --mm:arc",WM,16,1000000,range,range_unchecked,100,13,7.481390
2ac0eac9c4fbb32c5270547757d233b5030f8fed,"Intel(R) Core(TM) i5-8365U CPU @ 1.60GHz; linux/amd64","2.2.10","-d:release --mm:arc",WM,16,1000000,range,range_unchecked,100,14,7.841420
2ac0eac9c4fbb32c5270547757d233b5030f8fed,"Intel(R) Core(TM) i5-8365U CPU @ 1.60GHz; linux/amd64","2.2.10","-d:release --mm:arc",WM,16,1000000,range,range_unchecked,100,15,8.119430
2ac0eac9c4fbb32c5270547757d233b5030f8fed,"Intel(R) Core(TM) i5-8365U CPU @ 1.60GHz; linux/amd64","2.2.10","-d:release --mm:arc",WM,16,1000000,range,range_unchecked,100,16,8.430440
2ac0eac9c4fbb32c5270547757d233b5030f8fed,"Intel(R) Core(TM) i5-8365U CPU @ 1.60GHz; linux/amd64","2.2.10","-d:release --mm:arc",WM,16,1000000,range,range_unchecked,100,17,9.218490
2ac0eac9c4fbb32c5270547757d233b5030f8fed,"Intel(R) Core(TM) i5-8365U CPU @ 1.60GHz; linux/amd64","2.2.10","-d:release --mm:arc",WM,16,1000000,range,range_unchecked,100,18,8.118430
2ac0eac9c4fbb32c5270547757d233b5030f8fed,"Intel(R) Core(TM) i5-8365U CPU @ 1.60GHz; linux/amd64","2.2.10","-d:release --mm:arc",WM,16,1000000,range,range_unchecked,100,19,7.754410
2ac0eac9c4fbb32c5270547757d233b5030f8fed,"Intel(R) Core(TM) i5-8365U CPU @ 1.60GHz; linux/amd64","2.2.10","-d:release --mm:arc",WM,16,1000000,range,range_unchecked,100,20,7.607410
2ac0eac9c4fbb32c5270547757d233b5030f8fed,"Intel(R) Core(TM) i5-8365U CPU @ 1.60GHz; linux/amd64","2.2.10","-d:release --mm:arc",WM,16,1000000,range,range_unchecked,100,21,7.700410
2ac0eac9c4fbb32c5270547757d233b5030f8fed,"Intel(R) Core(TM) i5-8365U CPU @ 1.60GHz; linux/amd64","2.2.10","-d:release --mm:arc",WM,32,1000000,equality,access,0,1,2963.284960
2ac0eac9c4fbb32c5270547757d233b5030f8fed,"Intel(R) Core(TM) i5-8365U CPU @ 1.60GHz; linux/amd64","2.2.10","-d:release --mm:arc",WM,32,1000000,equality,access,0,2,2926.587010
2ac0eac9c4fbb32c5270547757d233b5030f8fed,"Intel(R) Core(TM) i5-8365U CPU @ 1.60GHz; linux/amd64","2.2.10","-d:release --mm:arc",WM,32,1000000,equality,access,0,3,3070.667640
2ac0eac9c4fbb32c5270547757d233b5030f8fed,"Intel(R) Core(TM) i5-8365U CPU @ 1.60GHz; linux/amd64","2.2.10","-d:release --mm:arc",WM,32,1000000,equality,access,0,4,2939.336690
2ac0eac9c4fbb32c5270547757d233b5030f8fed,"Intel(R) Core(TM) i5-8365U CPU @ 1.60GHz; linux/amd64","2.2.10","-d:release --mm:arc",WM,32,1000000,equality,access,0,5,2867.467880
2ac0eac9c4fbb32c5270547757d233b5030f8fed,"Intel(R) Core(TM) i5-8365U CPU @ 1.60GHz; linux/amd64","2.2.10","-d:release --mm:arc",WM,32,1000000,equality,access,0,6,2936.474540
2ac0eac9c4fbb32c5270547757d233b5030f8fed,"Intel(R) Core(TM) i5-8365U CPU @ 1.60GHz; linux/amd64","2.2.10","-d:release --mm:arc",WM,32,1000000,equality,access,0,7,3028.851430
2ac0eac9c4fbb32c5270547757d233b5030f8fed,"Intel(R) Core(TM) i5-8365U CPU @ 1.60GHz; linux/amd64","2.2.10","-d:release --mm:arc",WM,32,1000000,equality,access,0,8,3345.910220
2ac0eac9c4fbb32c5270547757d233b5030f8fed,"Intel(R) Core(TM) i5-8365U CPU @ 1.60GHz; linux/amd64","2.2.10","-d:release --mm:arc",WM,32,1000000,equality,access,0,9,3127.455650
2ac0eac9c4fbb32c5270547757d233b5030f8fed,"Intel(R) Core(TM) i5-8365U CPU @ 1.60GHz; linux/amd64","2.2.10","-d:release --mm:arc",WM,32,1000000,equality,access,0,10,3135.210060
2ac0eac9c4fbb32c5270547757d233b5030f8fed,"Intel(R) Core(TM) i5-8365U CPU @ 1.60GHz; linux/amd64","2.2.10","-d:release --mm:arc",WM,32,1000000,equality,access,0,11,2940.903770
2ac0eac9c4fbb32c5270547757d233b5030f8fed,"Intel(R) Core(TM) i5-8365U CPU @ 1.60GHz; linux/amd64","2.2.10","-d:release --mm:arc",WM,32,1000000,equality,access,0,12,3122.155370
2ac0eac9c4fbb32c5270547757d233b5030f8fed,"Intel(R) Core(TM) i5-8365U CPU @ 1.60GHz; linux/amd64","2.2.10","-d:release --mm:arc",WM,32,1000000,equality,access,0,13,2975.001630
2ac0eac9c4fbb32c5270547757d233b5030f8fed,"Intel(R) Core(TM) i5-8365U CPU @ 1.60GHz; linux/amd64","2.2.10","-d:release --mm:arc",WM,32,1000000,equality,access,0,14,2989.596000
2ac0eac9c4fbb32c5270547757d233b5030f8fed,"Intel(R) Core(TM) i5-8365U CPU @ 1.60GHz; linux/amd64","2.2.10","-d:release --mm:arc",WM,32,1000000,equality,access,0,15,3011.428170
2ac0eac9c4fbb32c5270547757d233b5030f8fed,"Intel(R) Core(TM) i5-8365U CPU @ 1.60GHz; linux/amd64","2.2.10","-d:release --mm:arc",WM,32,1000000,equality,access,0,16,3036.861520
2ac0eac9c4fbb32c5270547757d233b5030f8fed,"Intel(R) Core(TM) i5-8365U CPU @ 1.60GHz; linux/amd64","2.2.10","-d:release --mm:arc",WM,32,1000000,equality,access,0,17,2983.484680
2ac0eac9c4fbb32c5270547757d233b5030f8fed,"Intel(R) Core(TM) i5-8365U CPU @ 1.60GHz; linux/amd64","2.2.10","-d:release --mm:arc",WM,32,1000000,equality,access,0,18,2868.200550
2ac0eac9c4fbb32c5270547757d233b5030f8fed,"Intel(R) Core(TM) i5-8365U CPU @ 1.60GHz; linux/amd64","2.2.10","-d:release --mm:arc",WM,32,1000000,equality,access,0,19,2988.705960
2ac0eac9c4fbb32c5270547757d233b5030f8fed,"Intel(R) Core(TM) i5-8365U CPU @ 1.60GHz; linux/amd64","2.2.10","-d:release --mm:arc",WM,32,1000000,equality,access,0,20,2908.822710
2ac0eac9c4fbb32c5270547757d233b5030f8fed,"Intel(R) Core(TM) i5-8365U CPU @ 1.60GHz; linux/amd64","2.2.10","-d:release --mm:arc",WM,32,1000000,equality,access,0,21,2892.125820
2ac0eac9c4fbb32c5270547757d233b5030f8fed,"Intel(R) Core(TM) i5-8365U CPU @ 1.60GHz; linux/amd64","2.2.10","-d:release --mm:arc",WM,32,1000000,equality,matches_checked,0,1,72.448860
2ac0eac9c4fbb32c5270547757d233b5030f8fed,"Intel(R) Core(TM) i5-8365U CPU @ 1.60GHz; linux/amd64","2.2.10","-d:release --mm:arc",WM,32,1000000,equality,matches_checked,0,2,79.747240
2ac0eac9c4fbb32c5270547757d233b5030f8fed,"Intel(R) Core(TM) i5-8365U CPU @ 1.60GHz; linux/amd64","2.2.10","-d:release --mm:arc",WM,32,1000000,equality,matches_checked,0,3,92.973940
2ac0eac9c4fbb32c5270547757d233b5030f8fed,"Intel(R) Core(TM) i5-8365U CPU @ 1.60GHz; linux/amd64","2.2.10","-d:release --mm:arc",WM,32,1000000,equality,matches_checked,0,4,102.153440
2ac0eac9c4fbb32c5270547757d233b5030f8fed,"Intel(R) Core(TM) i5-8365U CPU @ 1.60GHz; linux/amd64","2.2.10","-d:release --mm:arc",WM,32,1000000,equality,matches_checked,0,5,71.380790
2ac0eac9c4fbb32c5270547757d233b5030f8fed,"Intel(R) Core(TM) i5-8365U CPU @ 1.60GHz; linux/amd64","2.2.10","-d:release --mm:arc",WM,32,1000000,equality,matches_checked,0,6,88.047690
2ac0eac9c4fbb32c5270547757d233b5030f8fed,"Intel(R) Core(TM) i5-8365U CPU @ 1.60GHz; linux/amd64","2.2.10","-d:release --mm:arc",WM,32,1000000,equality,matches_checked,0,7,76.196050
2ac0eac9c4fbb32c5270547757d233b5030f8fed,"Intel(R) Core(TM) i5-8365U CPU @ 1.60GHz; linux/amd64","2.2.10","-d:release --mm:arc",WM,32,1000000,equality,matches_checked,0,8,95.764090
2ac0eac9c4fbb32c5270547757d233b5030f8fed,"Intel(R) Core(TM) i5-8365U CPU @ 1.60GHz; linux/amd64","2.2.10","-d:release --mm:arc",WM,32,1000000,equality,matches_checked,0,9,71.251790
2ac0eac9c4fbb32c5270547757d233b5030f8fed,"Intel(R) Core(TM) i5-8365U CPU @ 1.60GHz; linux/amd64","2.2.10","-d:release --mm:arc",WM,32,1000000,equality,matches_checked,0,10,96.829150
2ac0eac9c4fbb32c5270547757d233b5030f8fed,"Intel(R) Core(TM) i5-8365U CPU @ 1.60GHz; linux/amd64","2.2.10","-d:release --mm:arc",WM,32,1000000,equality,matches_checked,0,11,70.716760
2ac0eac9c4fbb32c5270547757d233b5030f8fed,"Intel(R) Core(TM) i5-8365U CPU @ 1.60GHz; linux/amd64","2.2.10","-d:release --mm:arc",WM,32,1000000,equality,matches_checked,0,12,101.130380
2ac0eac9c4fbb32c5270547757d233b5030f8fed,"Intel(R) Core(TM) i5-8365U CPU @ 1.60GHz; linux/amd64","2.2.10","-d:release --mm:arc",WM,32,1000000,equality,matches_checked,0,13,69.408690
2ac0eac9c4fbb32c5270547757d233b5030f8fed,"Intel(R) Core(TM) i5-8365U CPU @ 1.60GHz; linux/amd64","2.2.10","-d:release --mm:arc",WM,32,1000000,equality,matches_checked,0,14,86.655610
2ac0eac9c4fbb32c5270547757d233b5030f8fed,"Intel(R) Core(TM) i5-8365U CPU @ 1.60GHz; linux/amd64","2.2.10","-d:release --mm:arc",WM,32,1000000,equality,matches_checked,0,15,74.224950
2ac0eac9c4fbb32c5270547757d233b5030f8fed,"Intel(R) Core(TM) i5-8365U CPU @ 1.60GHz; linux/amd64","2.2.10","-d:release --mm:arc",WM,32,1000000,equality,matches_checked,0,16,94.141010
2ac0eac9c4fbb32c5270547757d233b5030f8fed,"Intel(R) Core(TM) i5-8365U CPU @ 1.60GHz; linux/amd64","2.2.10","-d:release --mm:arc",WM,32,1000000,equality,matches_checked,0,17,71.084780
2ac0eac9c4fbb32c5270547757d233b5030f8fed,"Intel(R) Core(TM) i5-8365U CPU @ 1.60GHz; linux/amd64","2.2.10","-d:release --mm:arc",WM,32,1000000,equality,matches_checked,0,18,88.228690
2ac0eac9c4fbb32c5270547757d233b5030f8fed,"Intel(R) Core(TM) i5-8365U CPU @ 1.60GHz; linux/amd64","2.2.10","-d:release --mm:arc",WM,32,1000000,equality,matches_checked,0,19,76.216060
2ac0eac9c4fbb32c5270547757d233b5030f8fed,"Intel(R) Core(TM) i5-8365U CPU @ 1.60GHz; linux/amd64","2.2.10","-d:release --mm:arc",WM,32,1000000,equality,matches_checked,0,20,87.469650
2ac0eac9c4fbb32c5270547757d233b5030f8fed,"Intel(R) Core(TM) i5-8365U CPU @ 1.60GHz; linux/amd64","2.2.10","-d:release --mm:arc",WM,32,1000000,equality,matches_checked,0,21,71.740820
2ac0eac9c4fbb32c5270547757d233b5030f8fed,"Intel(R) Core(TM) i5-8365U CPU @ 1.60GHz; linux/amd64","2.2.10","-d:release --mm:arc",WM,32,1000000,equality,matches_unchecked,0,1,79.697240
2ac0eac9c4fbb32c5270547757d233b5030f8fed,"Intel(R) Core(TM) i5-8365U CPU @ 1.60GHz; linux/amd64","2.2.10","-d:release --mm:arc",WM,32,1000000,equality,matches_unchecked,0,2,73.035880
2ac0eac9c4fbb32c5270547757d233b5030f8fed,"Intel(R) Core(TM) i5-8365U CPU @ 1.60GHz; linux/amd64","2.2.10","-d:release --mm:arc",WM,32,1000000,equality,matches_unchecked,0,3,70.284740
2ac0eac9c4fbb32c5270547757d233b5030f8fed,"Intel(R) Core(TM) i5-8365U CPU @ 1.60GHz; linux/amd64","2.2.10","-d:release --mm:arc",WM,32,1000000,equality,matches_unchecked,0,4,96.065110
2ac0eac9c4fbb32c5270547757d233b5030f8fed,"Intel(R) Core(TM) i5-8365U CPU @ 1.60GHz; linux/amd64","2.2.10","-d:release --mm:arc",WM,32,1000000,equality,matches_unchecked,0,5,70.663760
2ac0eac9c4fbb32c5270547757d233b5030f8fed,"Intel(R) Core(TM) i5-8365U CPU @ 1.60GHz; linux/amd64","2.2.10","-d:release --mm:arc",WM,32,1000000,equality,matches_unchecked,0,6,107.150700
2ac0eac9c4fbb32c5270547757d233b5030f8fed,"Intel(R) Core(TM) i5-8365U CPU @ 1.60GHz; linux/amd64","2.2.10","-d:release --mm:arc",WM,32,1000000,equality,matches_unchecked,0,7,69.494690
2ac0eac9c4fbb32c5270547757d233b5030f8fed,"Intel(R) Core(TM) i5-8365U CPU @ 1.60GHz; linux/amd64","2.2.10","-d:release --mm:arc",WM,32,1000000,equality,matches_unchecked,0,8,81.417340
2ac0eac9c4fbb32c5270547757d233b5030f8fed,"Intel(R) Core(TM) i5-8365U CPU @ 1.60GHz; linux/amd64","2.2.10","-d:release --mm:arc",WM,32,1000000,equality,matches_unchecked,0,9,71.420790
2ac0eac9c4fbb32c5270547757d233b5030f8fed,"Intel(R) Core(TM) i5-8365U CPU @ 1.60GHz; linux/amd64","2.2.10","-d:release --mm:arc",WM,32,1000000,equality,matches_unchecked,0,10,106.426660
2ac0eac9c4fbb32c5270547757d233b5030f8fed,"Intel(R) Core(TM) i5-8365U CPU @ 1.60GHz; linux/amd64","2.2.10","-d:release --mm:arc",WM,32,1000000,equality,matches_unchecked,0,11,69.827720
2ac0eac9c4fbb32c5270547757d233b5030f8fed,"Intel(R) Core(TM) i5-8365U CPU @ 1.60GHz; linux/amd64","2.2.10","-d:release --mm:arc",WM,32,1000000,equality,matches_unchecked,0,12,85.563550
2ac0eac9c4fbb32c5270547757d233b5030f8fed,"Intel(R) Core(TM) i5-8365U CPU @ 1.60GHz; linux/amd64","2.2.10","-d:release --mm:arc",WM,32,1000000,equality,matches_unchecked,0,13,69.784710
2ac0eac9c4fbb32c5270547757d233b5030f8fed,"Intel(R) Core(TM) i5-8365U CPU @ 1.60GHz; linux/amd64","2.2.10","-d:release --mm:arc",WM,32,1000000,equality,matches_unchecked,0,14,116.159180
2ac0eac9c4fbb32c5270547757d233b5030f8fed,"Intel(R) Core(TM) i5-8365U CPU @ 1.60GHz; linux/amd64","2.2.10","-d:release --mm:arc",WM,32,1000000,equality,matches_unchecked,0,15,69.280690
2ac0eac9c4fbb32c5270547757d233b5030f8fed,"Intel(R) Core(TM) i5-8365U CPU @ 1.60GHz; linux/amd64","2.2.10","-d:release --mm:arc",WM,32,1000000,equality,matches_unchecked,0,16,90.739820
2ac0eac9c4fbb32c5270547757d233b5030f8fed,"Intel(R) Core(TM) i5-8365U CPU @ 1.60GHz; linux/amd64","2.2.10","-d:release --mm:arc",WM,32,1000000,equality,matches_unchecked,0,17,102.467450
2ac0eac9c4fbb32c5270547757d233b5030f8fed,"Intel(R) Core(TM) i5-8365U CPU @ 1.60GHz; linux/amd64","2.2.10","-d:release --mm:arc",WM,32,1000000,equality,matches_unchecked,0,18,104.715570
2ac0eac9c4fbb32c5270547757d233b5030f8fed,"Intel(R) Core(TM) i5-8365U CPU @ 1.60GHz; linux/amd64","2.2.10","-d:release --mm:arc",WM,32,1000000,equality,matches_unchecked,0,19,71.680810
2ac0eac9c4fbb32c5270547757d233b5030f8fed,"Intel(R) Core(TM) i5-8365U CPU @ 1.60GHz; linux/amd64","2.2.10","-d:release --mm:arc",WM,32,1000000,equality,matches_unchecked,0,20,78.015150
2ac0eac9c4fbb32c5270547757d233b5030f8fed,"Intel(R) Core(TM) i5-8365U CPU @ 1.60GHz; linux/amd64","2.2.10","-d:release --mm:arc",WM,32,1000000,equality,matches_unchecked,0,21,73.295900
2ac0eac9c4fbb32c5270547757d233b5030f8fed,"Intel(R) Core(TM) i5-8365U CPU @ 1.60GHz; linux/amd64","2.2.10","-d:release --mm:arc",RWM,32,1000000,equality,access,0,1,4159.023210
2ac0eac9c4fbb32c5270547757d233b5030f8fed,"Intel(R) Core(TM) i5-8365U CPU @ 1.60GHz; linux/amd64","2.2.10","-d:release --mm:arc",RWM,32,1000000,equality,access,0,2,3003.493740
2ac0eac9c4fbb32c5270547757d233b5030f8fed,"Intel(R) Core(TM) i5-8365U CPU @ 1.60GHz; linux/amd64","2.2.10","-d:release --mm:arc",RWM,32,1000000,equality,access,0,3,3207.145580
2ac0eac9c4fbb32c5270547757d233b5030f8fed,"Intel(R) Core(TM) i5-8365U CPU @ 1.60GHz; linux/amd64","2.2.10","-d:release --mm:arc",RWM,32,1000000,equality,access,0,4,3083.490000
2ac0eac9c4fbb32c5270547757d233b5030f8fed,"Intel(R) Core(TM) i5-8365U CPU @ 1.60GHz; linux/amd64","2.2.10","-d:release --mm:arc",RWM,32,1000000,equality,access,0,5,3120.620970
2ac0eac9c4fbb32c5270547757d233b5030f8fed,"Intel(R) Core(TM) i5-8365U CPU @ 1.60GHz; linux/amd64","2.2.10","-d:release --mm:arc",RWM,32,1000000,equality,access,0,6,2948.455820
2ac0eac9c4fbb32c5270547757d233b5030f8fed,"Intel(R) Core(TM) i5-8365U CPU @ 1.60GHz; linux/amd64","2.2.10","-d:release --mm:arc",RWM,32,1000000,equality,access,0,7,2907.617650
2ac0eac9c4fbb32c5270547757d233b5030f8fed,"Intel(R) Core(TM) i5-8365U CPU @ 1.60GHz; linux/amd64","2.2.10","-d:release --mm:arc",RWM,32,1000000,equality,access,0,8,3107.955300
2ac0eac9c4fbb32c5270547757d233b5030f8fed,"Intel(R) Core(TM) i5-8365U CPU @ 1.60GHz; linux/amd64","2.2.10","-d:release --mm:arc",RWM,32,1000000,equality,access,0,9,3120.157950
2ac0eac9c4fbb32c5270547757d233b5030f8fed,"Intel(R) Core(TM) i5-8365U CPU @ 1.60GHz; linux/amd64","2.2.10","-d:release --mm:arc",RWM,32,1000000,equality,access,0,10,2995.748330
2ac0eac9c4fbb32c5270547757d233b5030f8fed,"Intel(R) Core(TM) i5-8365U CPU @ 1.60GHz; linux/amd64","2.2.10","-d:release --mm:arc",RWM,32,1000000,equality,access,0,11,3188.400580
2ac0eac9c4fbb32c5270547757d233b5030f8fed,"Intel(R) Core(TM) i5-8365U CPU @ 1.60GHz; linux/amd64","2.2.10","-d:release --mm:arc",RWM,32,1000000,equality,access,0,12,2975.988280
2ac0eac9c4fbb32c5270547757d233b5030f8fed,"Intel(R) Core(TM) i5-8365U CPU @ 1.60GHz; linux/amd64","2.2.10","-d:release --mm:arc",RWM,32,1000000,equality,access,0,13,2916.050100
2ac0eac9c4fbb32c5270547757d233b5030f8fed,"Intel(R) Core(TM) i5-8365U CPU @ 1.60GHz; linux/amd64","2.2.10","-d:release --mm:arc",RWM,32,1000000,equality,access,0,14,2954.448130
2ac0eac9c4fbb32c5270547757d233b5030f8fed,"Intel(R) Core(TM) i5-8365U CPU @ 1.60GHz; linux/amd64","2.2.10","-d:release --mm:arc",RWM,32,1000000,equality,access,0,15,2873.565830
2ac0eac9c4fbb32c5270547757d233b5030f8fed,"Intel(R) Core(TM) i5-8365U CPU @ 1.60GHz; linux/amd64","2.2.10","-d:release --mm:arc",RWM,32,1000000,equality,access,0,16,2956.227210
2ac0eac9c4fbb32c5270547757d233b5030f8fed,"Intel(R) Core(TM) i5-8365U CPU @ 1.60GHz; linux/amd64","2.2.10","-d:release --mm:arc",RWM,32,1000000,equality,access,0,17,2845.781520
2ac0eac9c4fbb32c5270547757d233b5030f8fed,"Intel(R) Core(TM) i5-8365U CPU @ 1.60GHz; linux/amd64","2.2.10","-d:release --mm:arc",RWM,32,1000000,equality,access,0,18,2946.688860
2ac0eac9c4fbb32c5270547757d233b5030f8fed,"Intel(R) Core(TM) i5-8365U CPU @ 1.60GHz; linux/amd64","2.2.10","-d:release --mm:arc",RWM,32,1000000,equality,access,0,19,2834.267920
2ac0eac9c4fbb32c5270547757d233b5030f8fed,"Intel(R) Core(TM) i5-8365U CPU @ 1.60GHz; linux/amd64","2.2.10","-d:release --mm:arc",RWM,32,1000000,equality,access,0,20,3013.328390
2ac0eac9c4fbb32c5270547757d233b5030f8fed,"Intel(R) Core(TM) i5-8365U CPU @ 1.60GHz; linux/amd64","2.2.10","-d:release --mm:arc",RWM,32,1000000,equality,access,0,21,3092.480570
2ac0eac9c4fbb32c5270547757d233b5030f8fed,"Intel(R) Core(TM) i5-8365U CPU @ 1.60GHz; linux/amd64","2.2.10","-d:release --mm:arc",RWM,32,1000000,equality,matches_checked,0,1,105.222570
2ac0eac9c4fbb32c5270547757d233b5030f8fed,"Intel(R) Core(TM) i5-8365U CPU @ 1.60GHz; linux/amd64","2.2.10","-d:release --mm:arc",RWM,32,1000000,equality,matches_checked,0,2,82.397360
2ac0eac9c4fbb32c5270547757d233b5030f8fed,"Intel(R) Core(TM) i5-8365U CPU @ 1.60GHz; linux/amd64","2.2.10","-d:release --mm:arc",RWM,32,1000000,equality,matches_checked,0,3,79.273190
2ac0eac9c4fbb32c5270547757d233b5030f8fed,"Intel(R) Core(TM) i5-8365U CPU @ 1.60GHz; linux/amd64","2.2.10","-d:release --mm:arc",RWM,32,1000000,equality,matches_checked,0,4,72.449830
2ac0eac9c4fbb32c5270547757d233b5030f8fed,"Intel(R) Core(TM) i5-8365U CPU @ 1.60GHz; linux/amd64","2.2.10","-d:release --mm:arc",RWM,32,1000000,equality,matches_checked,0,5,93.821970
2ac0eac9c4fbb32c5270547757d233b5030f8fed,"Intel(R) Core(TM) i5-8365U CPU @ 1.60GHz; linux/amd64","2.2.10","-d:release --mm:arc",RWM,32,1000000,equality,matches_checked,0,6,76.728050
2ac0eac9c4fbb32c5270547757d233b5030f8fed,"Intel(R) Core(TM) i5-8365U CPU @ 1.60GHz; linux/amd64","2.2.10","-d:release --mm:arc",RWM,32,1000000,equality,matches_checked,0,7,86.217560
2ac0eac9c4fbb32c5270547757d233b5030f8fed,"Intel(R) Core(TM) i5-8365U CPU @ 1.60GHz; linux/amd64","2.2.10","-d:release --mm:arc",RWM,32,1000000,equality,matches_checked,0,8,79.985230
2ac0eac9c4fbb32c5270547757d233b5030f8fed,"Intel(R) Core(TM) i5-8365U CPU @ 1.60GHz; linux/amd64","2.2.10","-d:release --mm:arc",RWM,32,1000000,equality,matches_checked,0,9,109.286780
2ac0eac9c4fbb32c5270547757d233b5030f8fed,"Intel(R) Core(TM) i5-8365U CPU @ 1.60GHz; linux/amd64","2.2.10","-d:release --mm:arc",RWM,32,1000000,equality,matches_checked,0,10,84.307460
2ac0eac9c4fbb32c5270547757d233b5030f8fed,"Intel(R) Core(TM) i5-8365U CPU @ 1.60GHz; linux/amd64","2.2.10","-d:release --mm:arc",RWM,32,1000000,equality,matches_checked,0,11,84.719480
2ac0eac9c4fbb32c5270547757d233b5030f8fed,"Intel(R) Core(TM) i5-8365U CPU @ 1.60GHz; linux/amd64","2.2.10","-d:release --mm:arc",RWM,32,1000000,equality,matches_checked,0,12,74.916960
2ac0eac9c4fbb32c5270547757d233b5030f8fed,"Intel(R) Core(TM) i5-8365U CPU @ 1.60GHz; linux/amd64","2.2.10","-d:release --mm:arc",RWM,32,1000000,equality,matches_checked,0,13,95.115030
2ac0eac9c4fbb32c5270547757d233b5030f8fed,"Intel(R) Core(TM) i5-8365U CPU @ 1.60GHz; linux/amd64","2.2.10","-d:release --mm:arc",RWM,32,1000000,equality,matches_checked,0,14,73.929910
2ac0eac9c4fbb32c5270547757d233b5030f8fed,"Intel(R) Core(TM) i5-8365U CPU @ 1.60GHz; linux/amd64","2.2.10","-d:release --mm:arc",RWM,32,1000000,equality,matches_checked,0,15,78.476150
2ac0eac9c4fbb32c5270547757d233b5030f8fed,"Intel(R) Core(TM) i5-8365U CPU @ 1.60GHz; linux/amd64","2.2.10","-d:release --mm:arc",RWM,32,1000000,equality,matches_checked,0,16,75.036970
2ac0eac9c4fbb32c5270547757d233b5030f8fed,"Intel(R) Core(TM) i5-8365U CPU @ 1.60GHz; linux/amd64","2.2.10","-d:release --mm:arc",RWM,32,1000000,equality,matches_checked,0,17,90.392780
2ac0eac9c4fbb32c5270547757d233b5030f8fed,"Intel(R) Core(TM) i5-8365U CPU @ 1.60GHz; linux/amd64","2.2.10","-d:release --mm:arc",RWM,32,1000000,equality,matches_checked,0,18,78.678160
2ac0eac9c4fbb32c5270547757d233b5030f8fed,"Intel(R) Core(TM) i5-8365U CPU @ 1.60GHz; linux/amd64","2.2.10","-d:release --mm:arc",RWM,32,1000000,equality,matches_checked,0,19,86.254560
2ac0eac9c4fbb32c5270547757d233b5030f8fed,"Intel(R) Core(TM) i5-8365U CPU @ 1.60GHz; linux/amd64","2.2.10","-d:release --mm:arc",RWM,32,1000000,equality,matches_checked,0,20,72.563840
2ac0eac9c4fbb32c5270547757d233b5030f8fed,"Intel(R) Core(TM) i5-8365U CPU @ 1.60GHz; linux/amd64","2.2.10","-d:release --mm:arc",RWM,32,1000000,equality,matches_checked,0,21,103.467470
2ac0eac9c4fbb32c5270547757d233b5030f8fed,"Intel(R) Core(TM) i5-8365U CPU @ 1.60GHz; linux/amd64","2.2.10","-d:release --mm:arc",RWM,32,1000000,equality,matches_unchecked,0,1,83.163400
2ac0eac9c4fbb32c5270547757d233b5030f8fed,"Intel(R) Core(TM) i5-8365U CPU @ 1.60GHz; linux/amd64","2.2.10","-d:release --mm:arc",RWM,32,1000000,equality,matches_unchecked,0,2,76.164030
2ac0eac9c4fbb32c5270547757d233b5030f8fed,"Intel(R) Core(TM) i5-8365U CPU @ 1.60GHz; linux/amd64","2.2.10","-d:release --mm:arc",RWM,32,1000000,equality,matches_unchecked,0,3,90.349780
2ac0eac9c4fbb32c5270547757d233b5030f8fed,"Intel(R) Core(TM) i5-8365U CPU @ 1.60GHz; linux/amd64","2.2.10","-d:release --mm:arc",RWM,32,1000000,equality,matches_unchecked,0,4,76.307040
2ac0eac9c4fbb32c5270547757d233b5030f8fed,"Intel(R) Core(TM) i5-8365U CPU @ 1.60GHz; linux/amd64","2.2.10","-d:release --mm:arc",RWM,32,1000000,equality,matches_unchecked,0,5,76.713050
2ac0eac9c4fbb32c5270547757d233b5030f8fed,"Intel(R) Core(TM) i5-8365U CPU @ 1.60GHz; linux/amd64","2.2.10","-d:release --mm:arc",RWM,32,1000000,equality,matches_unchecked,0,6,70.328720
2ac0eac9c4fbb32c5270547757d233b5030f8fed,"Intel(R) Core(TM) i5-8365U CPU @ 1.60GHz; linux/amd64","2.2.10","-d:release --mm:arc",RWM,32,1000000,equality,matches_unchecked,0,7,88.750700
2ac0eac9c4fbb32c5270547757d233b5030f8fed,"Intel(R) Core(TM) i5-8365U CPU @ 1.60GHz; linux/amd64","2.2.10","-d:release --mm:arc",RWM,32,1000000,equality,matches_unchecked,0,8,92.839910
2ac0eac9c4fbb32c5270547757d233b5030f8fed,"Intel(R) Core(TM) i5-8365U CPU @ 1.60GHz; linux/amd64","2.2.10","-d:release --mm:arc",RWM,32,1000000,equality,matches_unchecked,0,9,86.051550
2ac0eac9c4fbb32c5270547757d233b5030f8fed,"Intel(R) Core(TM) i5-8365U CPU @ 1.60GHz; linux/amd64","2.2.10","-d:release --mm:arc",RWM,32,1000000,equality,matches_unchecked,0,10,72.953860
2ac0eac9c4fbb32c5270547757d233b5030f8fed,"Intel(R) Core(TM) i5-8365U CPU @ 1.60GHz; linux/amd64","2.2.10","-d:release --mm:arc",RWM,32,1000000,equality,matches_unchecked,0,11,96.512110
2ac0eac9c4fbb32c5270547757d233b5030f8fed,"Intel(R) Core(TM) i5-8365U CPU @ 1.60GHz; linux/amd64","2.2.10","-d:release --mm:arc",RWM,32,1000000,equality,matches_unchecked,0,12,77.023070
2ac0eac9c4fbb32c5270547757d233b5030f8fed,"Intel(R) Core(TM) i5-8365U CPU @ 1.60GHz; linux/amd64","2.2.10","-d:release --mm:arc",RWM,32,1000000,equality,matches_unchecked,0,13,77.542100
2ac0eac9c4fbb32c5270547757d233b5030f8fed,"Intel(R) Core(TM) i5-8365U CPU @ 1.60GHz; linux/amd64","2.2.10","-d:release --mm:arc",RWM,32,1000000,equality,matches_unchecked,0,14,69.765690
2ac0eac9c4fbb32c5270547757d233b5030f8fed,"Intel(R) Core(TM) i5-8365U CPU @ 1.60GHz; linux/amd64","2.2.10","-d:release --mm:arc",RWM,32,1000000,equality,matches_unchecked,0,15,84.166450
2ac0eac9c4fbb32c5270547757d233b5030f8fed,"Intel(R) Core(TM) i5-8365U CPU @ 1.60GHz; linux/amd64","2.2.10","-d:release --mm:arc",RWM,32,1000000,equality,matches_unchecked,0,16,75.894020
2ac0eac9c4fbb32c5270547757d233b5030f8fed,"Intel(R) Core(TM) i5-8365U CPU @ 1.60GHz; linux/amd64","2.2.10","-d:release --mm:arc",RWM,32,1000000,equality,matches_unchecked,0,17,73.833900
2ac0eac9c4fbb32c5270547757d233b5030f8fed,"Intel(R) Core(TM) i5-8365U CPU @ 1.60GHz; linux/amd64","2.2.10","-d:release --mm:arc",RWM,32,1000000,equality,matches_unchecked,0,18,74.455930
2ac0eac9c4fbb32c5270547757d233b5030f8fed,"Intel(R) Core(TM) i5-8365U CPU @ 1.60GHz; linux/amd64","2.2.10","-d:release --mm:arc",RWM,32,1000000,equality,matches_unchecked,0,19,76.488050
2ac0eac9c4fbb32c5270547757d233b5030f8fed,"Intel(R) Core(TM) i5-8365U CPU @ 1.60GHz; linux/amd64","2.2.10","-d:release --mm:arc",RWM,32,1000000,equality,matches_unchecked,0,20,81.896330
2ac0eac9c4fbb32c5270547757d233b5030f8fed,"Intel(R) Core(TM) i5-8365U CPU @ 1.60GHz; linux/amd64","2.2.10","-d:release --mm:arc",RWM,32,1000000,equality,matches_unchecked,0,21,77.536100
2ac0eac9c4fbb32c5270547757d233b5030f8fed,"Intel(R) Core(TM) i5-8365U CPU @ 1.60GHz; linux/amd64","2.2.10","-d:release --mm:arc",WM,32,1000000,equality,access,1,1,3065.394140
2ac0eac9c4fbb32c5270547757d233b5030f8fed,"Intel(R) Core(TM) i5-8365U CPU @ 1.60GHz; linux/amd64","2.2.10","-d:release --mm:arc",WM,32,1000000,equality,access,1,2,3150.658650
2ac0eac9c4fbb32c5270547757d233b5030f8fed,"Intel(R) Core(TM) i5-8365U CPU @ 1.60GHz; linux/amd64","2.2.10","-d:release --mm:arc",WM,32,1000000,equality,access,1,3,3220.687350
2ac0eac9c4fbb32c5270547757d233b5030f8fed,"Intel(R) Core(TM) i5-8365U CPU @ 1.60GHz; linux/amd64","2.2.10","-d:release --mm:arc",WM,32,1000000,equality,access,1,4,3143.498270
2ac0eac9c4fbb32c5270547757d233b5030f8fed,"Intel(R) Core(TM) i5-8365U CPU @ 1.60GHz; linux/amd64","2.2.10","-d:release --mm:arc",WM,32,1000000,equality,access,1,5,2971.081150
2ac0eac9c4fbb32c5270547757d233b5030f8fed,"Intel(R) Core(TM) i5-8365U CPU @ 1.60GHz; linux/amd64","2.2.10","-d:release --mm:arc",WM,32,1000000,equality,access,1,6,3005.347970
2ac0eac9c4fbb32c5270547757d233b5030f8fed,"Intel(R) Core(TM) i5-8365U CPU @ 1.60GHz; linux/amd64","2.2.10","-d:release --mm:arc",WM,32,1000000,equality,access,1,7,2888.802800
2ac0eac9c4fbb32c5270547757d233b5030f8fed,"Intel(R) Core(TM) i5-8365U CPU @ 1.60GHz; linux/amd64","2.2.10","-d:release --mm:arc",WM,32,1000000,equality,access,1,8,3662.307710
2ac0eac9c4fbb32c5270547757d233b5030f8fed,"Intel(R) Core(TM) i5-8365U CPU @ 1.60GHz; linux/amd64","2.2.10","-d:release --mm:arc",WM,32,1000000,equality,access,1,9,3208.640720
2ac0eac9c4fbb32c5270547757d233b5030f8fed,"Intel(R) Core(TM) i5-8365U CPU @ 1.60GHz; linux/amd64","2.2.10","-d:release --mm:arc",WM,32,1000000,equality,access,1,10,3031.902370
2ac0eac9c4fbb32c5270547757d233b5030f8fed,"Intel(R) Core(TM) i5-8365U CPU @ 1.60GHz; linux/amd64","2.2.10","-d:release --mm:arc",WM,32,1000000,equality,access,1,11,3112.455620
2ac0eac9c4fbb32c5270547757d233b5030f8fed,"Intel(R) Core(TM) i5-8365U CPU @ 1.60GHz; linux/amd64","2.2.10","-d:release --mm:arc",WM,32,1000000,equality,access,1,12,2923.324630
2ac0eac9c4fbb32c5270547757d233b5030f8fed,"Intel(R) Core(TM) i5-8365U CPU @ 1.60GHz; linux/amd64","2.2.10","-d:release --mm:arc",WM,32,1000000,equality,access,1,13,2832.286810
2ac0eac9c4fbb32c5270547757d233b5030f8fed,"Intel(R) Core(TM) i5-8365U CPU @ 1.60GHz; linux/amd64","2.2.10","-d:release --mm:arc",WM,32,1000000,equality,access,1,14,3108.701420
2ac0eac9c4fbb32c5270547757d233b5030f8fed,"Intel(R) Core(TM) i5-8365U CPU @ 1.60GHz; linux/amd64","2.2.10","-d:release --mm:arc",WM,32,1000000,equality,access,1,15,2964.438800
2ac0eac9c4fbb32c5270547757d233b5030f8fed,"Intel(R) Core(TM) i5-8365U CPU @ 1.60GHz; linux/amd64","2.2.10","-d:release --mm:arc",WM,32,1000000,equality,access,1,16,3025.494030
2ac0eac9c4fbb32c5270547757d233b5030f8fed,"Intel(R) Core(TM) i5-8365U CPU @ 1.60GHz; linux/amd64","2.2.10","-d:release --mm:arc",WM,32,1000000,equality,access,1,17,3024.195960
2ac0eac9c4fbb32c5270547757d233b5030f8fed,"Intel(R) Core(TM) i5-8365U CPU @ 1.60GHz; linux/amd64","2.2.10","-d:release --mm:arc",WM,32,1000000,equality,access,1,18,3356.749550
2ac0eac9c4fbb32c5270547757d233b5030f8fed,"Intel(R) Core(TM) i5-8365U CPU @ 1.60GHz; linux/amd64","2.2.10","-d:release --mm:arc",WM,32,1000000,equality,access,1,19,3108.624280
2ac0eac9c4fbb32c5270547757d233b5030f8fed,"Intel(R) Core(TM) i5-8365U CPU @ 1.60GHz; linux/amd64","2.2.10","-d:release --mm:arc",WM,32,1000000,equality,access,1,20,2966.532450
2ac0eac9c4fbb32c5270547757d233b5030f8fed,"Intel(R) Core(TM) i5-8365U CPU @ 1.60GHz; linux/amd64","2.2.10","-d:release --mm:arc",WM,32,1000000,equality,access,1,21,2890.011430
2ac0eac9c4fbb32c5270547757d233b5030f8fed,"Intel(R) Core(TM) i5-8365U CPU @ 1.60GHz; linux/amd64","2.2.10","-d:release --mm:arc",WM,32,1000000,equality,matches_checked,1,1,110.323780
2ac0eac9c4fbb32c5270547757d233b5030f8fed,"Intel(R) Core(TM) i5-8365U CPU @ 1.60GHz; linux/amd64","2.2.10","-d:release --mm:arc",WM,32,1000000,equality,matches_checked,1,2,122.282410
2ac0eac9c4fbb32c5270547757d233b5030f8fed,"Intel(R) Core(TM) i5-8365U CPU @ 1.60GHz; linux/amd64","2.2.10","-d:release --mm:arc",WM,32,1000000,equality,matches_checked,1,3,128.170710
2ac0eac9c4fbb32c5270547757d233b5030f8fed,"Intel(R) Core(TM) i5-8365U CPU @ 1.60GHz; linux/amd64","2.2.10","-d:release --mm:arc",WM,32,1000000,equality,matches_checked,1,4,98.867180
2ac0eac9c4fbb32c5270547757d233b5030f8fed,"Intel(R) Core(TM) i5-8365U CPU @ 1.60GHz; linux/amd64","2.2.10","-d:release --mm:arc",WM,32,1000000,equality,matches_checked,1,5,109.526740
2ac0eac9c4fbb32c5270547757d233b5030f8fed,"Intel(R) Core(TM) i5-8365U CPU @ 1.60GHz; linux/amd64","2.2.10","-d:release --mm:arc",WM,32,1000000,equality,matches_checked,1,6,138.203240
2ac0eac9c4fbb32c5270547757d233b5030f8fed,"Intel(R) Core(TM) i5-8365U CPU @ 1.60GHz; linux/amd64","2.2.10","-d:release --mm:arc",WM,32,1000000,equality,matches_checked,1,7,102.144350
2ac0eac9c4fbb32c5270547757d233b5030f8fed,"Intel(R) Core(TM) i5-8365U CPU @ 1.60GHz; linux/amd64","2.2.10","-d:release --mm:arc",WM,32,1000000,equality,matches_checked,1,8,113.344940
2ac0eac9c4fbb32c5270547757d233b5030f8fed,"Intel(R) Core(TM) i5-8365U CPU @ 1.60GHz; linux/amd64","2.2.10","-d:release --mm:arc",WM,32,1000000,equality,matches_checked,1,9,135.138080
2ac0eac9c4fbb32c5270547757d233b5030f8fed,"Intel(R) Core(TM) i5-8365U CPU @ 1.60GHz; linux/amd64","2.2.10","-d:release --mm:arc",WM,32,1000000,equality,matches_checked,1,10,134.803060
2ac0eac9c4fbb32c5270547757d233b5030f8fed,"Intel(R) Core(TM) i5-8365U CPU @ 1.60GHz; linux/amd64","2.2.10","-d:release --mm:arc",WM,32,1000000,equality,matches_checked,1,11,104.793490
2ac0eac9c4fbb32c5270547757d233b5030f8fed,"Intel(R) Core(TM) i5-8365U CPU @ 1.60GHz; linux/amd64","2.2.10","-d:release --mm:arc",WM,32,1000000,equality,matches_checked,1,12,131.206880
2ac0eac9c4fbb32c5270547757d233b5030f8fed,"Intel(R) Core(TM) i5-8365U CPU @ 1.60GHz; linux/amd64","2.2.10","-d:release --mm:arc",WM,32,1000000,equality,matches_checked,1,13,116.502100
2ac0eac9c4fbb32c5270547757d233b5030f8fed,"Intel(R) Core(TM) i5-8365U CPU @ 1.60GHz; linux/amd64","2.2.10","-d:release --mm:arc",WM,32,1000000,equality,matches_checked,1,14,120.066300
2ac0eac9c4fbb32c5270547757d233b5030f8fed,"Intel(R) Core(TM) i5-8365U CPU @ 1.60GHz; linux/amd64","2.2.10","-d:release --mm:arc",WM,32,1000000,equality,matches_checked,1,15,105.535530
2ac0eac9c4fbb32c5270547757d233b5030f8fed,"Intel(R) Core(TM) i5-8365U CPU @ 1.60GHz; linux/amd64","2.2.10","-d:release --mm:arc",WM,32,1000000,equality,matches_checked,1,16,118.341200
2ac0eac9c4fbb32c5270547757d233b5030f8fed,"Intel(R) Core(TM) i5-8365U CPU @ 1.60GHz; linux/amd64","2.2.10","-d:release --mm:arc",WM,32,1000000,equality,matches_checked,1,17,132.260930
2ac0eac9c4fbb32c5270547757d233b5030f8fed,"Intel(R) Core(TM) i5-8365U CPU @ 1.60GHz; linux/amd64","2.2.10","-d:release --mm:arc",WM,32,1000000,equality,matches_checked,1,18,105.541530
2ac0eac9c4fbb32c5270547757d233b5030f8fed,"Intel(R) Core(TM) i5-8365U CPU @ 1.60GHz; linux/amd64","2.2.10","-d:release --mm:arc",WM,32,1000000,equality,matches_checked,1,19,128.237720
2ac0eac9c4fbb32c5270547757d233b5030f8fed,"Intel(R) Core(TM) i5-8365U CPU @ 1.60GHz; linux/amd64","2.2.10","-d:release --mm:arc",WM,32,1000000,equality,matches_checked,1,20,138.797270
2ac0eac9c4fbb32c5270547757d233b5030f8fed,"Intel(R) Core(TM) i5-8365U CPU @ 1.60GHz; linux/amd64","2.2.10","-d:release --mm:arc",WM,32,1000000,equality,matches_checked,1,21,109.711750
2ac0eac9c4fbb32c5270547757d233b5030f8fed,"Intel(R) Core(TM) i5-8365U CPU @ 1.60GHz; linux/amd64","2.2.10","-d:release --mm:arc",WM,32,1000000,equality,matches_unchecked,1,1,124.494520
2ac0eac9c4fbb32c5270547757d233b5030f8fed,"Intel(R) Core(TM) i5-8365U CPU @ 1.60GHz; linux/amd64","2.2.10","-d:release --mm:arc",WM,32,1000000,equality,matches_unchecked,1,2,114.946020
2ac0eac9c4fbb32c5270547757d233b5030f8fed,"Intel(R) Core(TM) i5-8365U CPU @ 1.60GHz; linux/amd64","2.2.10","-d:release --mm:arc",WM,32,1000000,equality,matches_unchecked,1,3,106.469580
2ac0eac9c4fbb32c5270547757d233b5030f8fed,"Intel(R) Core(TM) i5-8365U CPU @ 1.60GHz; linux/amd64","2.2.10","-d:release --mm:arc",WM,32,1000000,equality,matches_unchecked,1,4,121.513370
2ac0eac9c4fbb32c5270547757d233b5030f8fed,"Intel(R) Core(TM) i5-8365U CPU @ 1.60GHz; linux/amd64","2.2.10","-d:release --mm:arc",WM,32,1000000,equality,matches_unchecked,1,5,143.267510
2ac0eac9c4fbb32c5270547757d233b5030f8fed,"Intel(R) Core(TM) i5-8365U CPU @ 1.60GHz; linux/amd64","2.2.10","-d:release --mm:arc",WM,32,1000000,equality,matches_unchecked,1,6,138.361250
2ac0eac9c4fbb32c5270547757d233b5030f8fed,"Intel(R) Core(TM) i5-8365U CPU @ 1.60GHz; linux/amd64","2.2.10","-d:release --mm:arc",WM,32,1000000,equality,matches_unchecked,1,7,101.715330
2ac0eac9c4fbb32c5270547757d233b5030f8fed,"Intel(R) Core(TM) i5-8365U CPU @ 1.60GHz; linux/amd64","2.2.10","-d:release --mm:arc",WM,32,1000000,equality,matches_unchecked,1,8,112.835910
2ac0eac9c4fbb32c5270547757d233b5030f8fed,"Intel(R) Core(TM) i5-8365U CPU @ 1.60GHz; linux/amd64","2.2.10","-d:release --mm:arc",WM,32,1000000,equality,matches_unchecked,1,9,127.241670
2ac0eac9c4fbb32c5270547757d233b5030f8fed,"Intel(R) Core(TM) i5-8365U CPU @ 1.60GHz; linux/amd64","2.2.10","-d:release --mm:arc",WM,32,1000000,equality,matches_unchecked,1,10,97.899130
2ac0eac9c4fbb32c5270547757d233b5030f8fed,"Intel(R) Core(TM) i5-8365U CPU @ 1.60GHz; linux/amd64","2.2.10","-d:release --mm:arc",WM,32,1000000,equality,matches_unchecked,1,11,110.246770
2ac0eac9c4fbb32c5270547757d233b5030f8fed,"Intel(R) Core(TM) i5-8365U CPU @ 1.60GHz; linux/amd64","2.2.10","-d:release --mm:arc",WM,32,1000000,equality,matches_unchecked,1,12,130.712850
2ac0eac9c4fbb32c5270547757d233b5030f8fed,"Intel(R) Core(TM) i5-8365U CPU @ 1.60GHz; linux/amd64","2.2.10","-d:release --mm:arc",WM,32,1000000,equality,matches_unchecked,1,13,106.981610
2ac0eac9c4fbb32c5270547757d233b5030f8fed,"Intel(R) Core(TM) i5-8365U CPU @ 1.60GHz; linux/amd64","2.2.10","-d:release --mm:arc",WM,32,1000000,equality,matches_unchecked,1,14,163.984590
2ac0eac9c4fbb32c5270547757d233b5030f8fed,"Intel(R) Core(TM) i5-8365U CPU @ 1.60GHz; linux/amd64","2.2.10","-d:release --mm:arc",WM,32,1000000,equality,matches_unchecked,1,15,151.806960
2ac0eac9c4fbb32c5270547757d233b5030f8fed,"Intel(R) Core(TM) i5-8365U CPU @ 1.60GHz; linux/amd64","2.2.10","-d:release --mm:arc",WM,32,1000000,equality,matches_unchecked,1,16,107.332620
2ac0eac9c4fbb32c5270547757d233b5030f8fed,"Intel(R) Core(TM) i5-8365U CPU @ 1.60GHz; linux/amd64","2.2.10","-d:release --mm:arc",WM,32,1000000,equality,matches_unchecked,1,17,114.824020
2ac0eac9c4fbb32c5270547757d233b5030f8fed,"Intel(R) Core(TM) i5-8365U CPU @ 1.60GHz; linux/amd64","2.2.10","-d:release --mm:arc",WM,32,1000000,equality,matches_unchecked,1,18,95.451000
2ac0eac9c4fbb32c5270547757d233b5030f8fed,"Intel(R) Core(TM) i5-8365U CPU @ 1.60GHz; linux/amd64","2.2.10","-d:release --mm:arc",WM,32,1000000,equality,matches_unchecked,1,19,115.054030
2ac0eac9c4fbb32c5270547757d233b5030f8fed,"Intel(R) Core(TM) i5-8365U CPU @ 1.60GHz; linux/amd64","2.2.10","-d:release --mm:arc",WM,32,1000000,equality,matches_unchecked,1,20,125.735590
2ac0eac9c4fbb32c5270547757d233b5030f8fed,"Intel(R) Core(TM) i5-8365U CPU @ 1.60GHz; linux/amd64","2.2.10","-d:release --mm:arc",WM,32,1000000,equality,matches_unchecked,1,21,93.399890
2ac0eac9c4fbb32c5270547757d233b5030f8fed,"Intel(R) Core(TM) i5-8365U CPU @ 1.60GHz; linux/amd64","2.2.10","-d:release --mm:arc",RWM,32,1000000,equality,access,1,1,2864.815120
2ac0eac9c4fbb32c5270547757d233b5030f8fed,"Intel(R) Core(TM) i5-8365U CPU @ 1.60GHz; linux/amd64","2.2.10","-d:release --mm:arc",RWM,32,1000000,equality,access,1,2,2785.729970
2ac0eac9c4fbb32c5270547757d233b5030f8fed,"Intel(R) Core(TM) i5-8365U CPU @ 1.60GHz; linux/amd64","2.2.10","-d:release --mm:arc",RWM,32,1000000,equality,access,1,3,3031.324840
2ac0eac9c4fbb32c5270547757d233b5030f8fed,"Intel(R) Core(TM) i5-8365U CPU @ 1.60GHz; linux/amd64","2.2.10","-d:release --mm:arc",RWM,32,1000000,equality,access,1,4,3047.220670
2ac0eac9c4fbb32c5270547757d233b5030f8fed,"Intel(R) Core(TM) i5-8365U CPU @ 1.60GHz; linux/amd64","2.2.10","-d:release --mm:arc",RWM,32,1000000,equality,access,1,5,2910.438500
2ac0eac9c4fbb32c5270547757d233b5030f8fed,"Intel(R) Core(TM) i5-8365U CPU @ 1.60GHz; linux/amd64","2.2.10","-d:release --mm:arc",RWM,32,1000000,equality,access,1,6,2793.794390
2ac0eac9c4fbb32c5270547757d233b5030f8fed,"Intel(R) Core(TM) i5-8365U CPU @ 1.60GHz; linux/amd64","2.2.10","-d:release --mm:arc",RWM,32,1000000,equality,access,1,7,3148.857000
2ac0eac9c4fbb32c5270547757d233b5030f8fed,"Intel(R) Core(TM) i5-8365U CPU @ 1.60GHz; linux/amd64","2.2.10","-d:release --mm:arc",RWM,32,1000000,equality,access,1,8,3084.076600
2ac0eac9c4fbb32c5270547757d233b5030f8fed,"Intel(R) Core(TM) i5-8365U CPU @ 1.60GHz; linux/amd64","2.2.10","-d:release --mm:arc",RWM,32,1000000,equality,access,1,9,2880.161920
2ac0eac9c4fbb32c5270547757d233b5030f8fed,"Intel(R) Core(TM) i5-8365U CPU @ 1.60GHz; linux/amd64","2.2.10","-d:release --mm:arc",RWM,32,1000000,equality,access,1,10,2924.571250
2ac0eac9c4fbb32c5270547757d233b5030f8fed,"Intel(R) Core(TM) i5-8365U CPU @ 1.60GHz; linux/amd64","2.2.10","-d:release --mm:arc",RWM,32,1000000,equality,access,1,11,3138.122430
2ac0eac9c4fbb32c5270547757d233b5030f8fed,"Intel(R) Core(TM) i5-8365U CPU @ 1.60GHz; linux/amd64","2.2.10","-d:release --mm:arc",RWM,32,1000000,equality,access,1,12,2982.345270
2ac0eac9c4fbb32c5270547757d233b5030f8fed,"Intel(R) Core(TM) i5-8365U CPU @ 1.60GHz; linux/amd64","2.2.10","-d:release --mm:arc",RWM,32,1000000,equality,access,1,13,2863.353040
2ac0eac9c4fbb32c5270547757d233b5030f8fed,"Intel(R) Core(TM) i5-8365U CPU @ 1.60GHz; linux/amd64","2.2.10","-d:release --mm:arc",RWM,32,1000000,equality,access,1,14,3107.660840
2ac0eac9c4fbb32c5270547757d233b5030f8fed,"Intel(R) Core(TM) i5-8365U CPU @ 1.60GHz; linux/amd64","2.2.10","-d:release --mm:arc",RWM,32,1000000,equality,access,1,15,3485.434630
2ac0eac9c4fbb32c5270547757d233b5030f8fed,"Intel(R) Core(TM) i5-8365U CPU @ 1.60GHz; linux/amd64","2.2.10","-d:release --mm:arc",RWM,32,1000000,equality,access,1,16,3535.354250
2ac0eac9c4fbb32c5270547757d233b5030f8fed,"Intel(R) Core(TM) i5-8365U CPU @ 1.60GHz; linux/amd64","2.2.10","-d:release --mm:arc",RWM,32,1000000,equality,access,1,17,3016.021040
2ac0eac9c4fbb32c5270547757d233b5030f8fed,"Intel(R) Core(TM) i5-8365U CPU @ 1.60GHz; linux/amd64","2.2.10","-d:release --mm:arc",RWM,32,1000000,equality,access,1,18,2862.323980
2ac0eac9c4fbb32c5270547757d233b5030f8fed,"Intel(R) Core(TM) i5-8365U CPU @ 1.60GHz; linux/amd64","2.2.10","-d:release --mm:arc",RWM,32,1000000,equality,access,1,19,2881.414980
2ac0eac9c4fbb32c5270547757d233b5030f8fed,"Intel(R) Core(TM) i5-8365U CPU @ 1.60GHz; linux/amd64","2.2.10","-d:release --mm:arc",RWM,32,1000000,equality,access,1,20,2811.265300
2ac0eac9c4fbb32c5270547757d233b5030f8fed,"Intel(R) Core(TM) i5-8365U CPU @ 1.60GHz; linux/amd64","2.2.10","-d:release --mm:arc",RWM,32,1000000,equality,access,1,21,3091.670000
2ac0eac9c4fbb32c5270547757d233b5030f8fed,"Intel(R) Core(TM) i5-8365U CPU @ 1.60GHz; linux/amd64","2.2.10","-d:release --mm:arc",RWM,32,1000000,equality,matches_checked,1,1,136.942180
2ac0eac9c4fbb32c5270547757d233b5030f8fed,"Intel(R) Core(TM) i5-8365U CPU @ 1.60GHz; linux/amd64","2.2.10","-d:release --mm:arc",RWM,32,1000000,equality,matches_checked,1,2,109.301730
2ac0eac9c4fbb32c5270547757d233b5030f8fed,"Intel(R) Core(TM) i5-8365U CPU @ 1.60GHz; linux/amd64","2.2.10","-d:release --mm:arc",RWM,32,1000000,equality,matches_checked,1,3,110.473780
2ac0eac9c4fbb32c5270547757d233b5030f8fed,"Intel(R) Core(TM) i5-8365U CPU @ 1.60GHz; linux/amd64","2.2.10","-d:release --mm:arc",RWM,32,1000000,equality,matches_checked,1,4,118.037180
2ac0eac9c4fbb32c5270547757d233b5030f8fed,"Intel(R) Core(TM) i5-8365U CPU @ 1.60GHz; linux/amd64","2.2.10","-d:release --mm:arc",RWM,32,1000000,equality,matches_checked,1,5,112.480890
2ac0eac9c4fbb32c5270547757d233b5030f8fed,"Intel(R) Core(TM) i5-8365U CPU @ 1.60GHz; linux/amd64","2.2.10","-d:release --mm:arc",RWM,32,1000000,equality,matches_checked,1,6,119.547270
2ac0eac9c4fbb32c5270547757d233b5030f8fed,"Intel(R) Core(TM) i5-8365U CPU @ 1.60GHz; linux/amd64","2.2.10","-d:release --mm:arc",RWM,32,1000000,equality,matches_checked,1,7,126.853650
2ac0eac9c4fbb32c5270547757d233b5030f8fed,"Intel(R) Core(TM) i5-8365U CPU @ 1.60GHz; linux/amd64","2.2.10","-d:release --mm:arc",RWM,32,1000000,equality,matches_checked,1,8,109.284720
2ac0eac9c4fbb32c5270547757d233b5030f8fed,"Intel(R) Core(TM) i5-8365U CPU @ 1.60GHz; linux/amd64","2.2.10","-d:release --mm:arc",RWM,32,1000000,equality,matches_checked,1,9,122.244410
2ac0eac9c4fbb32c5270547757d233b5030f8fed,"Intel(R) Core(TM) i5-8365U CPU @ 1.60GHz; linux/amd64","2.2.10","-d:release --mm:arc",RWM,32,1000000,equality,matches_checked,1,10,104.724490
2ac0eac9c4fbb32c5270547757d233b5030f8fed,"Intel(R) Core(TM) i5-8365U CPU @ 1.60GHz; linux/amd64","2.2.10","-d:release --mm:arc",RWM,32,1000000,equality,matches_checked,1,11,107.957650
2ac0eac9c4fbb32c5270547757d233b5030f8fed,"Intel(R) Core(TM) i5-8365U CPU @ 1.60GHz; linux/amd64","2.2.10","-d:release --mm:arc",RWM,32,1000000,equality,matches_checked,1,12,122.840440
2ac0eac9c4fbb32c5270547757d233b5030f8fed,"Intel(R) Core(TM) i5-8365U CPU @ 1.60GHz; linux/amd64","2.2.10","-d:release --mm:arc",RWM,32,1000000,equality,matches_checked,1,13,107.358630
2ac0eac9c4fbb32c5270547757d233b5030f8fed,"Intel(R) Core(TM) i5-8365U CPU @ 1.60GHz; linux/amd64","2.2.10","-d:release --mm:arc",RWM,32,1000000,equality,matches_checked,1,14,158.120280
2ac0eac9c4fbb32c5270547757d233b5030f8fed,"Intel(R) Core(TM) i5-8365U CPU @ 1.60GHz; linux/amd64","2.2.10","-d:release --mm:arc",RWM,32,1000000,equality,matches_checked,1,15,161.771480
2ac0eac9c4fbb32c5270547757d233b5030f8fed,"Intel(R) Core(TM) i5-8365U CPU @ 1.60GHz; linux/amd64","2.2.10","-d:release --mm:arc",RWM,32,1000000,equality,matches_checked,1,16,106.988610
2ac0eac9c4fbb32c5270547757d233b5030f8fed,"Intel(R) Core(TM) i5-8365U CPU @ 1.60GHz; linux/amd64","2.2.10","-d:release --mm:arc",RWM,32,1000000,equality,matches_checked,1,17,119.229240
2ac0eac9c4fbb32c5270547757d233b5030f8fed,"Intel(R) Core(TM) i5-8365U CPU @ 1.60GHz; linux/amd64","2.2.10","-d:release --mm:arc",RWM,32,1000000,equality,matches_checked,1,18,106.419580
2ac0eac9c4fbb32c5270547757d233b5030f8fed,"Intel(R) Core(TM) i5-8365U CPU @ 1.60GHz; linux/amd64","2.2.10","-d:release --mm:arc",RWM,32,1000000,equality,matches_checked,1,19,106.630590
2ac0eac9c4fbb32c5270547757d233b5030f8fed,"Intel(R) Core(TM) i5-8365U CPU @ 1.60GHz; linux/amd64","2.2.10","-d:release --mm:arc",RWM,32,1000000,equality,matches_checked,1,20,116.453190
2ac0eac9c4fbb32c5270547757d233b5030f8fed,"Intel(R) Core(TM) i5-8365U CPU @ 1.60GHz; linux/amd64","2.2.10","-d:release --mm:arc",RWM,32,1000000,equality,matches_checked,1,21,109.745840
2ac0eac9c4fbb32c5270547757d233b5030f8fed,"Intel(R) Core(TM) i5-8365U CPU @ 1.60GHz; linux/amd64","2.2.10","-d:release --mm:arc",RWM,32,1000000,equality,matches_unchecked,1,1,122.221500
2ac0eac9c4fbb32c5270547757d233b5030f8fed,"Intel(R) Core(TM) i5-8365U CPU @ 1.60GHz; linux/amd64","2.2.10","-d:release --mm:arc",RWM,32,1000000,equality,matches_unchecked,1,2,133.685100
2ac0eac9c4fbb32c5270547757d233b5030f8fed,"Intel(R) Core(TM) i5-8365U CPU @ 1.60GHz; linux/amd64","2.2.10","-d:release --mm:arc",RWM,32,1000000,equality,matches_unchecked,1,3,102.194440
2ac0eac9c4fbb32c5270547757d233b5030f8fed,"Intel(R) Core(TM) i5-8365U CPU @ 1.60GHz; linux/amd64","2.2.10","-d:release --mm:arc",RWM,32,1000000,equality,matches_unchecked,1,4,120.408400
2ac0eac9c4fbb32c5270547757d233b5030f8fed,"Intel(R) Core(TM) i5-8365U CPU @ 1.60GHz; linux/amd64","2.2.10","-d:release --mm:arc",RWM,32,1000000,equality,matches_unchecked,1,5,106.851680
2ac0eac9c4fbb32c5270547757d233b5030f8fed,"Intel(R) Core(TM) i5-8365U CPU @ 1.60GHz; linux/amd64","2.2.10","-d:release --mm:arc",RWM,32,1000000,equality,matches_unchecked,1,6,103.538500
2ac0eac9c4fbb32c5270547757d233b5030f8fed,"Intel(R) Core(TM) i5-8365U CPU @ 1.60GHz; linux/amd64","2.2.10","-d:release --mm:arc",RWM,32,1000000,equality,matches_unchecked,1,7,118.704310
2ac0eac9c4fbb32c5270547757d233b5030f8fed,"Intel(R) Core(TM) i5-8365U CPU @ 1.60GHz; linux/amd64","2.2.10","-d:release --mm:arc",RWM,32,1000000,equality,matches_unchecked,1,8,104.759570
2ac0eac9c4fbb32c5270547757d233b5030f8fed,"Intel(R) Core(TM) i5-8365U CPU @ 1.60GHz; linux/amd64","2.2.10","-d:release --mm:arc",RWM,32,1000000,equality,matches_unchecked,1,9,106.224650
2ac0eac9c4fbb32c5270547757d233b5030f8fed,"Intel(R) Core(TM) i5-8365U CPU @ 1.60GHz; linux/amd64","2.2.10","-d:release --mm:arc",RWM,32,1000000,equality,matches_unchecked,1,10,126.711740
2ac0eac9c4fbb32c5270547757d233b5030f8fed,"Intel(R) Core(TM) i5-8365U CPU @ 1.60GHz; linux/amd64","2.2.10","-d:release --mm:arc",RWM,32,1000000,equality,matches_unchecked,1,11,118.665310
2ac0eac9c4fbb32c5270547757d233b5030f8fed,"Intel(R) Core(TM) i5-8365U CPU @ 1.60GHz; linux/amd64","2.2.10","-d:release --mm:arc",RWM,32,1000000,equality,matches_unchecked,1,12,99.930310
2ac0eac9c4fbb32c5270547757d233b5030f8fed,"Intel(R) Core(TM) i5-8365U CPU @ 1.60GHz; linux/amd64","2.2.10","-d:release --mm:arc",RWM,32,1000000,equality,matches_unchecked,1,13,121.743470
2ac0eac9c4fbb32c5270547757d233b5030f8fed,"Intel(R) Core(TM) i5-8365U CPU @ 1.60GHz; linux/amd64","2.2.10","-d:release --mm:arc",RWM,32,1000000,equality,matches_unchecked,1,14,109.140800
2ac0eac9c4fbb32c5270547757d233b5030f8fed,"Intel(R) Core(TM) i5-8365U CPU @ 1.60GHz; linux/amd64","2.2.10","-d:release --mm:arc",RWM,32,1000000,equality,matches_unchecked,1,15,100.875370
2ac0eac9c4fbb32c5270547757d233b5030f8fed,"Intel(R) Core(TM) i5-8365U CPU @ 1.60GHz; linux/amd64","2.2.10","-d:release --mm:arc",RWM,32,1000000,equality,matches_unchecked,1,16,125.079650
2ac0eac9c4fbb32c5270547757d233b5030f8fed,"Intel(R) Core(TM) i5-8365U CPU @ 1.60GHz; linux/amd64","2.2.10","-d:release --mm:arc",RWM,32,1000000,equality,matches_unchecked,1,17,115.493140
2ac0eac9c4fbb32c5270547757d233b5030f8fed,"Intel(R) Core(TM) i5-8365U CPU @ 1.60GHz; linux/amd64","2.2.10","-d:release --mm:arc",RWM,32,1000000,equality,matches_unchecked,1,18,103.091480
2ac0eac9c4fbb32c5270547757d233b5030f8fed,"Intel(R) Core(TM) i5-8365U CPU @ 1.60GHz; linux/amd64","2.2.10","-d:release --mm:arc",RWM,32,1000000,equality,matches_unchecked,1,19,133.740110
2ac0eac9c4fbb32c5270547757d233b5030f8fed,"Intel(R) Core(TM) i5-8365U CPU @ 1.60GHz; linux/amd64","2.2.10","-d:release --mm:arc",RWM,32,1000000,equality,matches_unchecked,1,20,115.745150
2ac0eac9c4fbb32c5270547757d233b5030f8fed,"Intel(R) Core(TM) i5-8365U CPU @ 1.60GHz; linux/amd64","2.2.10","-d:release --mm:arc",RWM,32,1000000,equality,matches_unchecked,1,21,98.991260
2ac0eac9c4fbb32c5270547757d233b5030f8fed,"Intel(R) Core(TM) i5-8365U CPU @ 1.60GHz; linux/amd64","2.2.10","-d:release --mm:arc",WM,32,1000000,equality,access,50,1,2865.024310
2ac0eac9c4fbb32c5270547757d233b5030f8fed,"Intel(R) Core(TM) i5-8365U CPU @ 1.60GHz; linux/amd64","2.2.10","-d:release --mm:arc",WM,32,1000000,equality,access,50,2,2874.807830
2ac0eac9c4fbb32c5270547757d233b5030f8fed,"Intel(R) Core(TM) i5-8365U CPU @ 1.60GHz; linux/amd64","2.2.10","-d:release --mm:arc",WM,32,1000000,equality,access,50,3,3065.879990
2ac0eac9c4fbb32c5270547757d233b5030f8fed,"Intel(R) Core(TM) i5-8365U CPU @ 1.60GHz; linux/amd64","2.2.10","-d:release --mm:arc",WM,32,1000000,equality,access,50,4,3317.551370
2ac0eac9c4fbb32c5270547757d233b5030f8fed,"Intel(R) Core(TM) i5-8365U CPU @ 1.60GHz; linux/amd64","2.2.10","-d:release --mm:arc",WM,32,1000000,equality,access,50,5,3089.786250
2ac0eac9c4fbb32c5270547757d233b5030f8fed,"Intel(R) Core(TM) i5-8365U CPU @ 1.60GHz; linux/amd64","2.2.10","-d:release --mm:arc",WM,32,1000000,equality,access,50,6,2923.242410
2ac0eac9c4fbb32c5270547757d233b5030f8fed,"Intel(R) Core(TM) i5-8365U CPU @ 1.60GHz; linux/amd64","2.2.10","-d:release --mm:arc",WM,32,1000000,equality,access,50,7,2908.217600
2ac0eac9c4fbb32c5270547757d233b5030f8fed,"Intel(R) Core(TM) i5-8365U CPU @ 1.60GHz; linux/amd64","2.2.10","-d:release --mm:arc",WM,32,1000000,equality,access,50,8,2922.079350
2ac0eac9c4fbb32c5270547757d233b5030f8fed,"Intel(R) Core(TM) i5-8365U CPU @ 1.60GHz; linux/amd64","2.2.10","-d:release --mm:arc",WM,32,1000000,equality,access,50,9,3024.013760
2ac0eac9c4fbb32c5270547757d233b5030f8fed,"Intel(R) Core(TM) i5-8365U CPU @ 1.60GHz; linux/amd64","2.2.10","-d:release --mm:arc",WM,32,1000000,equality,access,50,10,2844.700230
2ac0eac9c4fbb32c5270547757d233b5030f8fed,"Intel(R) Core(TM) i5-8365U CPU @ 1.60GHz; linux/amd64","2.2.10","-d:release --mm:arc",WM,32,1000000,equality,access,50,11,3002.910640
2ac0eac9c4fbb32c5270547757d233b5030f8fed,"Intel(R) Core(TM) i5-8365U CPU @ 1.60GHz; linux/amd64","2.2.10","-d:release --mm:arc",WM,32,1000000,equality,access,50,12,3071.615290
2ac0eac9c4fbb32c5270547757d233b5030f8fed,"Intel(R) Core(TM) i5-8365U CPU @ 1.60GHz; linux/amd64","2.2.10","-d:release --mm:arc",WM,32,1000000,equality,access,50,13,2944.058510
2ac0eac9c4fbb32c5270547757d233b5030f8fed,"Intel(R) Core(TM) i5-8365U CPU @ 1.60GHz; linux/amd64","2.2.10","-d:release --mm:arc",WM,32,1000000,equality,access,50,14,2981.891520
2ac0eac9c4fbb32c5270547757d233b5030f8fed,"Intel(R) Core(TM) i5-8365U CPU @ 1.60GHz; linux/amd64","2.2.10","-d:release --mm:arc",WM,32,1000000,equality,access,50,15,2915.131980
2ac0eac9c4fbb32c5270547757d233b5030f8fed,"Intel(R) Core(TM) i5-8365U CPU @ 1.60GHz; linux/amd64","2.2.10","-d:release --mm:arc",WM,32,1000000,equality,access,50,16,2848.759440
2ac0eac9c4fbb32c5270547757d233b5030f8fed,"Intel(R) Core(TM) i5-8365U CPU @ 1.60GHz; linux/amd64","2.2.10","-d:release --mm:arc",WM,32,1000000,equality,access,50,17,3225.428470
2ac0eac9c4fbb32c5270547757d233b5030f8fed,"Intel(R) Core(TM) i5-8365U CPU @ 1.60GHz; linux/amd64","2.2.10","-d:release --mm:arc",WM,32,1000000,equality,access,50,18,3016.631370
2ac0eac9c4fbb32c5270547757d233b5030f8fed,"Intel(R) Core(TM) i5-8365U CPU @ 1.60GHz; linux/amd64","2.2.10","-d:release --mm:arc",WM,32,1000000,equality,access,50,19,2962.991520
2ac0eac9c4fbb32c5270547757d233b5030f8fed,"Intel(R) Core(TM) i5-8365U CPU @ 1.60GHz; linux/amd64","2.2.10","-d:release --mm:arc",WM,32,1000000,equality,access,50,20,2931.835860
2ac0eac9c4fbb32c5270547757d233b5030f8fed,"Intel(R) Core(TM) i5-8365U CPU @ 1.60GHz; linux/amd64","2.2.10","-d:release --mm:arc",WM,32,1000000,equality,access,50,21,3047.319000
2ac0eac9c4fbb32c5270547757d233b5030f8fed,"Intel(R) Core(TM) i5-8365U CPU @ 1.60GHz; linux/amd64","2.2.10","-d:release --mm:arc",WM,32,1000000,equality,matches_checked,50,1,3197.404980
2ac0eac9c4fbb32c5270547757d233b5030f8fed,"Intel(R) Core(TM) i5-8365U CPU @ 1.60GHz; linux/amd64","2.2.10","-d:release --mm:arc",WM,32,1000000,equality,matches_checked,50,2,1704.482610
2ac0eac9c4fbb32c5270547757d233b5030f8fed,"Intel(R) Core(TM) i5-8365U CPU @ 1.60GHz; linux/amd64","2.2.10","-d:release --mm:arc",WM,32,1000000,equality,matches_checked,50,3,2560.179100
2ac0eac9c4fbb32c5270547757d233b5030f8fed,"Intel(R) Core(TM) i5-8365U CPU @ 1.60GHz; linux/amd64","2.2.10","-d:release --mm:arc",WM,32,1000000,equality,matches_checked,50,4,1925.813380
2ac0eac9c4fbb32c5270547757d233b5030f8fed,"Intel(R) Core(TM) i5-8365U CPU @ 1.60GHz; linux/amd64","2.2.10","-d:release --mm:arc",WM,32,1000000,equality,matches_checked,50,5,1670.008860
2ac0eac9c4fbb32c5270547757d233b5030f8fed,"Intel(R) Core(TM) i5-8365U CPU @ 1.60GHz; linux/amd64","2.2.10","-d:release --mm:arc",WM,32,1000000,equality,matches_checked,50,6,1460.146690
2ac0eac9c4fbb32c5270547757d233b5030f8fed,"Intel(R) Core(TM) i5-8365U CPU @ 1.60GHz; linux/amd64","2.2.10","-d:release --mm:arc",WM,32,1000000,equality,matches_checked,50,7,1389.496930
2ac0eac9c4fbb32c5270547757d233b5030f8fed,"Intel(R) Core(TM) i5-8365U CPU @ 1.60GHz; linux/amd64","2.2.10","-d:release --mm:arc",WM,32,1000000,equality,matches_checked,50,8,1488.495200
2ac0eac9c4fbb32c5270547757d233b5030f8fed,"Intel(R) Core(TM) i5-8365U CPU @ 1.60GHz; linux/amd64","2.2.10","-d:release --mm:arc",WM,32,1000000,equality,matches_checked,50,9,1428.808020
2ac0eac9c4fbb32c5270547757d233b5030f8fed,"Intel(R) Core(TM) i5-8365U CPU @ 1.60GHz; linux/amd64","2.2.10","-d:release --mm:arc",WM,32,1000000,equality,matches_checked,50,10,1297.432030
2ac0eac9c4fbb32c5270547757d233b5030f8fed,"Intel(R) Core(TM) i5-8365U CPU @ 1.60GHz; linux/amd64","2.2.10","-d:release --mm:arc",WM,32,1000000,equality,matches_checked,50,11,1385.630730
2ac0eac9c4fbb32c5270547757d233b5030f8fed,"Intel(R) Core(TM) i5-8365U CPU @ 1.60GHz; linux/amd64","2.2.10","-d:release --mm:arc",WM,32,1000000,equality,matches_checked,50,12,1330.179770
2ac0eac9c4fbb32c5270547757d233b5030f8fed,"Intel(R) Core(TM) i5-8365U CPU @ 1.60GHz; linux/amd64","2.2.10","-d:release --mm:arc",WM,32,1000000,equality,matches_checked,50,13,1437.894510
2ac0eac9c4fbb32c5270547757d233b5030f8fed,"Intel(R) Core(TM) i5-8365U CPU @ 1.60GHz; linux/amd64","2.2.10","-d:release --mm:arc",WM,32,1000000,equality,matches_checked,50,14,1491.101340
2ac0eac9c4fbb32c5270547757d233b5030f8fed,"Intel(R) Core(TM) i5-8365U CPU @ 1.60GHz; linux/amd64","2.2.10","-d:release --mm:arc",WM,32,1000000,equality,matches_checked,50,15,1375.145170
2ac0eac9c4fbb32c5270547757d233b5030f8fed,"Intel(R) Core(TM) i5-8365U CPU @ 1.60GHz; linux/amd64","2.2.10","-d:release --mm:arc",WM,32,1000000,equality,matches_checked,50,16,1337.088140
2ac0eac9c4fbb32c5270547757d233b5030f8fed,"Intel(R) Core(TM) i5-8365U CPU @ 1.60GHz; linux/amd64","2.2.10","-d:release --mm:arc",WM,32,1000000,equality,matches_checked,50,17,1463.591870
2ac0eac9c4fbb32c5270547757d233b5030f8fed,"Intel(R) Core(TM) i5-8365U CPU @ 1.60GHz; linux/amd64","2.2.10","-d:release --mm:arc",WM,32,1000000,equality,matches_checked,50,18,1297.557040
2ac0eac9c4fbb32c5270547757d233b5030f8fed,"Intel(R) Core(TM) i5-8365U CPU @ 1.60GHz; linux/amd64","2.2.10","-d:release --mm:arc",WM,32,1000000,equality,matches_checked,50,19,1309.232660
2ac0eac9c4fbb32c5270547757d233b5030f8fed,"Intel(R) Core(TM) i5-8365U CPU @ 1.60GHz; linux/amd64","2.2.10","-d:release --mm:arc",WM,32,1000000,equality,matches_checked,50,20,1496.647630
2ac0eac9c4fbb32c5270547757d233b5030f8fed,"Intel(R) Core(TM) i5-8365U CPU @ 1.60GHz; linux/amd64","2.2.10","-d:release --mm:arc",WM,32,1000000,equality,matches_checked,50,21,1424.437790
2ac0eac9c4fbb32c5270547757d233b5030f8fed,"Intel(R) Core(TM) i5-8365U CPU @ 1.60GHz; linux/amd64","2.2.10","-d:release --mm:arc",WM,32,1000000,equality,matches_unchecked,50,1,1411.237090
2ac0eac9c4fbb32c5270547757d233b5030f8fed,"Intel(R) Core(TM) i5-8365U CPU @ 1.60GHz; linux/amd64","2.2.10","-d:release --mm:arc",WM,32,1000000,equality,matches_unchecked,50,2,1347.942720
2ac0eac9c4fbb32c5270547757d233b5030f8fed,"Intel(R) Core(TM) i5-8365U CPU @ 1.60GHz; linux/amd64","2.2.10","-d:release --mm:arc",WM,32,1000000,equality,matches_unchecked,50,3,1299.564150
2ac0eac9c4fbb32c5270547757d233b5030f8fed,"Intel(R) Core(TM) i5-8365U CPU @ 1.60GHz; linux/amd64","2.2.10","-d:release --mm:arc",WM,32,1000000,equality,matches_unchecked,50,4,1363.656550
2ac0eac9c4fbb32c5270547757d233b5030f8fed,"Intel(R) Core(TM) i5-8365U CPU @ 1.60GHz; linux/amd64","2.2.10","-d:release --mm:arc",WM,32,1000000,equality,matches_unchecked,50,5,1334.427000
2ac0eac9c4fbb32c5270547757d233b5030f8fed,"Intel(R) Core(TM) i5-8365U CPU @ 1.60GHz; linux/amd64","2.2.10","-d:release --mm:arc",WM,32,1000000,equality,matches_unchecked,50,6,1311.082760
2ac0eac9c4fbb32c5270547757d233b5030f8fed,"Intel(R) Core(TM) i5-8365U CPU @ 1.60GHz; linux/amd64","2.2.10","-d:release --mm:arc",WM,32,1000000,equality,matches_unchecked,50,7,1467.525090
2ac0eac9c4fbb32c5270547757d233b5030f8fed,"Intel(R) Core(TM) i5-8365U CPU @ 1.60GHz; linux/amd64","2.2.10","-d:release --mm:arc",WM,32,1000000,equality,matches_unchecked,50,8,1429.946080
2ac0eac9c4fbb32c5270547757d233b5030f8fed,"Intel(R) Core(TM) i5-8365U CPU @ 1.60GHz; linux/amd64","2.2.10","-d:release --mm:arc",WM,32,1000000,equality,matches_unchecked,50,9,1360.203370
2ac0eac9c4fbb32c5270547757d233b5030f8fed,"Intel(R) Core(TM) i5-8365U CPU @ 1.60GHz; linux/amd64","2.2.10","-d:release --mm:arc",WM,32,1000000,equality,matches_unchecked,50,10,1551.914570
2ac0eac9c4fbb32c5270547757d233b5030f8fed,"Intel(R) Core(TM) i5-8365U CPU @ 1.60GHz; linux/amd64","2.2.10","-d:release --mm:arc",WM,32,1000000,equality,matches_unchecked,50,11,1349.120790
2ac0eac9c4fbb32c5270547757d233b5030f8fed,"Intel(R) Core(TM) i5-8365U CPU @ 1.60GHz; linux/amd64","2.2.10","-d:release --mm:arc",WM,32,1000000,equality,matches_unchecked,50,12,1431.205150
2ac0eac9c4fbb32c5270547757d233b5030f8fed,"Intel(R) Core(TM) i5-8365U CPU @ 1.60GHz; linux/amd64","2.2.10","-d:release --mm:arc",WM,32,1000000,equality,matches_unchecked,50,13,1639.959250
2ac0eac9c4fbb32c5270547757d233b5030f8fed,"Intel(R) Core(TM) i5-8365U CPU @ 1.60GHz; linux/amd64","2.2.10","-d:release --mm:arc",WM,32,1000000,equality,matches_unchecked,50,14,1463.118850
2ac0eac9c4fbb32c5270547757d233b5030f8fed,"Intel(R) Core(TM) i5-8365U CPU @ 1.60GHz; linux/amd64","2.2.10","-d:release --mm:arc",WM,32,1000000,equality,matches_unchecked,50,15,1464.027900
2ac0eac9c4fbb32c5270547757d233b5030f8fed,"Intel(R) Core(TM) i5-8365U CPU @ 1.60GHz; linux/amd64","2.2.10","-d:release --mm:arc",WM,32,1000000,equality,matches_unchecked,50,16,1399.651470
2ac0eac9c4fbb32c5270547757d233b5030f8fed,"Intel(R) Core(TM) i5-8365U CPU @ 1.60GHz; linux/amd64","2.2.10","-d:release --mm:arc",WM,32,1000000,equality,matches_unchecked,50,17,1416.803380
2ac0eac9c4fbb32c5270547757d233b5030f8fed,"Intel(R) Core(TM) i5-8365U CPU @ 1.60GHz; linux/amd64","2.2.10","-d:release --mm:arc",WM,32,1000000,equality,matches_unchecked,50,18,1334.915030
2ac0eac9c4fbb32c5270547757d233b5030f8fed,"Intel(R) Core(TM) i5-8365U CPU @ 1.60GHz; linux/amd64","2.2.10","-d:release --mm:arc",WM,32,1000000,equality,matches_unchecked,50,19,1343.941510
2ac0eac9c4fbb32c5270547757d233b5030f8fed,"Intel(R) Core(TM) i5-8365U CPU @ 1.60GHz; linux/amd64","2.2.10","-d:release --mm:arc",WM,32,1000000,equality,matches_unchecked,50,20,1307.546570
2ac0eac9c4fbb32c5270547757d233b5030f8fed,"Intel(R) Core(TM) i5-8365U CPU @ 1.60GHz; linux/amd64","2.2.10","-d:release --mm:arc",WM,32,1000000,equality,matches_unchecked,50,21,1368.137790
2ac0eac9c4fbb32c5270547757d233b5030f8fed,"Intel(R) Core(TM) i5-8365U CPU @ 1.60GHz; linux/amd64","2.2.10","-d:release --mm:arc",RWM,32,1000000,equality,access,50,1,2875.893020
2ac0eac9c4fbb32c5270547757d233b5030f8fed,"Intel(R) Core(TM) i5-8365U CPU @ 1.60GHz; linux/amd64","2.2.10","-d:release --mm:arc",RWM,32,1000000,equality,access,50,2,2961.251560
2ac0eac9c4fbb32c5270547757d233b5030f8fed,"Intel(R) Core(TM) i5-8365U CPU @ 1.60GHz; linux/amd64","2.2.10","-d:release --mm:arc",RWM,32,1000000,equality,access,50,3,3066.631160
2ac0eac9c4fbb32c5270547757d233b5030f8fed,"Intel(R) Core(TM) i5-8365U CPU @ 1.60GHz; linux/amd64","2.2.10","-d:release --mm:arc",RWM,32,1000000,equality,access,50,4,2896.409100
2ac0eac9c4fbb32c5270547757d233b5030f8fed,"Intel(R) Core(TM) i5-8365U CPU @ 1.60GHz; linux/amd64","2.2.10","-d:release --mm:arc",RWM,32,1000000,equality,access,50,5,3014.168380
2ac0eac9c4fbb32c5270547757d233b5030f8fed,"Intel(R) Core(TM) i5-8365U CPU @ 1.60GHz; linux/amd64","2.2.10","-d:release --mm:arc",RWM,32,1000000,equality,access,50,6,3649.819190
2ac0eac9c4fbb32c5270547757d233b5030f8fed,"Intel(R) Core(TM) i5-8365U CPU @ 1.60GHz; linux/amd64","2.2.10","-d:release --mm:arc",RWM,32,1000000,equality,access,50,7,3242.254320
2ac0eac9c4fbb32c5270547757d233b5030f8fed,"Intel(R) Core(TM) i5-8365U CPU @ 1.60GHz; linux/amd64","2.2.10","-d:release --mm:arc",RWM,32,1000000,equality,access,50,8,3473.140490
2ac0eac9c4fbb32c5270547757d233b5030f8fed,"Intel(R) Core(TM) i5-8365U CPU @ 1.60GHz; linux/amd64","2.2.10","-d:release --mm:arc",RWM,32,1000000,equality,access,50,9,3924.767090
2ac0eac9c4fbb32c5270547757d233b5030f8fed,"Intel(R) Core(TM) i5-8365U CPU @ 1.60GHz; linux/amd64","2.2.10","-d:release --mm:arc",RWM,32,1000000,equality,access,50,10,3176.361980
2ac0eac9c4fbb32c5270547757d233b5030f8fed,"Intel(R) Core(TM) i5-8365U CPU @ 1.60GHz; linux/amd64","2.2.10","-d:release --mm:arc",RWM,32,1000000,equality,access,50,11,3069.881410
2ac0eac9c4fbb32c5270547757d233b5030f8fed,"Intel(R) Core(TM) i5-8365U CPU @ 1.60GHz; linux/amd64","2.2.10","-d:release --mm:arc",RWM,32,1000000,equality,access,50,12,3180.635200
2ac0eac9c4fbb32c5270547757d233b5030f8fed,"Intel(R) Core(TM) i5-8365U CPU @ 1.60GHz; linux/amd64","2.2.10","-d:release --mm:arc",RWM,32,1000000,equality,access,50,13,3210.424760
2ac0eac9c4fbb32c5270547757d233b5030f8fed,"Intel(R) Core(TM) i5-8365U CPU @ 1.60GHz; linux/amd64","2.2.10","-d:release --mm:arc",RWM,32,1000000,equality,access,50,14,2972.724340
2ac0eac9c4fbb32c5270547757d233b5030f8fed,"Intel(R) Core(TM) i5-8365U CPU @ 1.60GHz; linux/amd64","2.2.10","-d:release --mm:arc",RWM,32,1000000,equality,access,50,15,3018.607740
2ac0eac9c4fbb32c5270547757d233b5030f8fed,"Intel(R) Core(TM) i5-8365U CPU @ 1.60GHz; linux/amd64","2.2.10","-d:release --mm:arc",RWM,32,1000000,equality,access,50,16,2958.224580
2ac0eac9c4fbb32c5270547757d233b5030f8fed,"Intel(R) Core(TM) i5-8365U CPU @ 1.60GHz; linux/amd64","2.2.10","-d:release --mm:arc",RWM,32,1000000,equality,access,50,17,2881.183560
2ac0eac9c4fbb32c5270547757d233b5030f8fed,"Intel(R) Core(TM) i5-8365U CPU @ 1.60GHz; linux/amd64","2.2.10","-d:release --mm:arc",RWM,32,1000000,equality,access,50,18,2920.180590
2ac0eac9c4fbb32c5270547757d233b5030f8fed,"Intel(R) Core(TM) i5-8365U CPU @ 1.60GHz; linux/amd64","2.2.10","-d:release --mm:arc",RWM,32,1000000,equality,access,50,19,2806.831670
2ac0eac9c4fbb32c5270547757d233b5030f8fed,"Intel(R) Core(TM) i5-8365U CPU @ 1.60GHz; linux/amd64","2.2.10","-d:release --mm:arc",RWM,32,1000000,equality,access,50,20,3102.434110
2ac0eac9c4fbb32c5270547757d233b5030f8fed,"Intel(R) Core(TM) i5-8365U CPU @ 1.60GHz; linux/amd64","2.2.10","-d:release --mm:arc",RWM,32,1000000,equality,access,50,21,3095.487750
2ac0eac9c4fbb32c5270547757d233b5030f8fed,"Intel(R) Core(TM) i5-8365U CPU @ 1.60GHz; linux/amd64","2.2.10","-d:release --mm:arc",RWM,32,1000000,equality,matches_checked,50,1,1277.495750
2ac0eac9c4fbb32c5270547757d233b5030f8fed,"Intel(R) Core(TM) i5-8365U CPU @ 1.60GHz; linux/amd64","2.2.10","-d:release --mm:arc",RWM,32,1000000,equality,matches_checked,50,2,1512.711050
2ac0eac9c4fbb32c5270547757d233b5030f8fed,"Intel(R) Core(TM) i5-8365U CPU @ 1.60GHz; linux/amd64","2.2.10","-d:release --mm:arc",RWM,32,1000000,equality,matches_checked,50,3,1364.649310
2ac0eac9c4fbb32c5270547757d233b5030f8fed,"Intel(R) Core(TM) i5-8365U CPU @ 1.60GHz; linux/amd64","2.2.10","-d:release --mm:arc",RWM,32,1000000,equality,matches_checked,50,4,1305.019190
2ac0eac9c4fbb32c5270547757d233b5030f8fed,"Intel(R) Core(TM) i5-8365U CPU @ 1.60GHz; linux/amd64","2.2.10","-d:release --mm:arc",RWM,32,1000000,equality,matches_checked,50,5,1449.053720
2ac0eac9c4fbb32c5270547757d233b5030f8fed,"Intel(R) Core(TM) i5-8365U CPU @ 1.60GHz; linux/amd64","2.2.10","-d:release --mm:arc",RWM,32,1000000,equality,matches_checked,50,6,1332.822650
2ac0eac9c4fbb32c5270547757d233b5030f8fed,"Intel(R) Core(TM) i5-8365U CPU @ 1.60GHz; linux/amd64","2.2.10","-d:release --mm:arc",RWM,32,1000000,equality,matches_checked,50,7,1404.010360
2ac0eac9c4fbb32c5270547757d233b5030f8fed,"Intel(R) Core(TM) i5-8365U CPU @ 1.60GHz; linux/amd64","2.2.10","-d:release --mm:arc",RWM,32,1000000,equality,matches_checked,50,8,1389.450610
2ac0eac9c4fbb32c5270547757d233b5030f8fed,"Intel(R) Core(TM) i5-8365U CPU @ 1.60GHz; linux/amd64","2.2.10","-d:release --mm:arc",RWM,32,1000000,equality,matches_checked,50,9,1457.904180
2ac0eac9c4fbb32c5270547757d233b5030f8fed,"Intel(R) Core(TM) i5-8365U CPU @ 1.60GHz; linux/amd64","2.2.10","-d:release --mm:arc",RWM,32,1000000,equality,matches_checked,50,10,1374.686830
2ac0eac9c4fbb32c5270547757d233b5030f8fed,"Intel(R) Core(TM) i5-8365U CPU @ 1.60GHz; linux/amd64","2.2.10","-d:release --mm:arc",RWM,32,1000000,equality,matches_checked,50,11,1739.385900
2ac0eac9c4fbb32c5270547757d233b5030f8fed,"Intel(R) Core(TM) i5-8365U CPU @ 1.60GHz; linux/amd64","2.2.10","-d:release --mm:arc",RWM,32,1000000,equality,matches_checked,50,12,1324.542210
2ac0eac9c4fbb32c5270547757d233b5030f8fed,"Intel(R) Core(TM) i5-8365U CPU @ 1.60GHz; linux/amd64","2.2.10","-d:release --mm:arc",RWM,32,1000000,equality,matches_checked,50,13,1259.001790
2ac0eac9c4fbb32c5270547757d233b5030f8fed,"Intel(R) Core(TM) i5-8365U CPU @ 1.60GHz; linux/amd64","2.2.10","-d:release --mm:arc",RWM,32,1000000,equality,matches_checked,50,14,1352.706680
2ac0eac9c4fbb32c5270547757d233b5030f8fed,"Intel(R) Core(TM) i5-8365U CPU @ 1.60GHz; linux/amd64","2.2.10","-d:release --mm:arc",RWM,32,1000000,equality,matches_checked,50,15,1257.411710
2ac0eac9c4fbb32c5270547757d233b5030f8fed,"Intel(R) Core(TM) i5-8365U CPU @ 1.60GHz; linux/amd64","2.2.10","-d:release --mm:arc",RWM,32,1000000,equality,matches_checked,50,16,1319.845970
2ac0eac9c4fbb32c5270547757d233b5030f8fed,"Intel(R) Core(TM) i5-8365U CPU @ 1.60GHz; linux/amd64","2.2.10","-d:release --mm:arc",RWM,32,1000000,equality,matches_checked,50,17,1345.037280
2ac0eac9c4fbb32c5270547757d233b5030f8fed,"Intel(R) Core(TM) i5-8365U CPU @ 1.60GHz; linux/amd64","2.2.10","-d:release --mm:arc",RWM,32,1000000,equality,matches_checked,50,18,1446.094570
2ac0eac9c4fbb32c5270547757d233b5030f8fed,"Intel(R) Core(TM) i5-8365U CPU @ 1.60GHz; linux/amd64","2.2.10","-d:release --mm:arc",RWM,32,1000000,equality,matches_checked,50,19,1353.734740
2ac0eac9c4fbb32c5270547757d233b5030f8fed,"Intel(R) Core(TM) i5-8365U CPU @ 1.60GHz; linux/amd64","2.2.10","-d:release --mm:arc",RWM,32,1000000,equality,matches_checked,50,20,1384.154330
2ac0eac9c4fbb32c5270547757d233b5030f8fed,"Intel(R) Core(TM) i5-8365U CPU @ 1.60GHz; linux/amd64","2.2.10","-d:release --mm:arc",RWM,32,1000000,equality,matches_checked,50,21,1275.125630
2ac0eac9c4fbb32c5270547757d233b5030f8fed,"Intel(R) Core(TM) i5-8365U CPU @ 1.60GHz; linux/amd64","2.2.10","-d:release --mm:arc",RWM,32,1000000,equality,matches_unchecked,50,1,1419.462170
2ac0eac9c4fbb32c5270547757d233b5030f8fed,"Intel(R) Core(TM) i5-8365U CPU @ 1.60GHz; linux/amd64","2.2.10","-d:release --mm:arc",RWM,32,1000000,equality,matches_unchecked,50,2,1273.867570
2ac0eac9c4fbb32c5270547757d233b5030f8fed,"Intel(R) Core(TM) i5-8365U CPU @ 1.60GHz; linux/amd64","2.2.10","-d:release --mm:arc",RWM,32,1000000,equality,matches_unchecked,50,3,1333.027910
2ac0eac9c4fbb32c5270547757d233b5030f8fed,"Intel(R) Core(TM) i5-8365U CPU @ 1.60GHz; linux/amd64","2.2.10","-d:release --mm:arc",RWM,32,1000000,equality,matches_unchecked,50,4,1449.563760
2ac0eac9c4fbb32c5270547757d233b5030f8fed,"Intel(R) Core(TM) i5-8365U CPU @ 1.60GHz; linux/amd64","2.2.10","-d:release --mm:arc",RWM,32,1000000,equality,matches_unchecked,50,5,1307.706540
2ac0eac9c4fbb32c5270547757d233b5030f8fed,"Intel(R) Core(TM) i5-8365U CPU @ 1.60GHz; linux/amd64","2.2.10","-d:release --mm:arc",RWM,32,1000000,equality,matches_unchecked,50,6,1440.420300
2ac0eac9c4fbb32c5270547757d233b5030f8fed,"Intel(R) Core(TM) i5-8365U CPU @ 1.60GHz; linux/amd64","2.2.10","-d:release --mm:arc",RWM,32,1000000,equality,matches_unchecked,50,7,1348.223610
2ac0eac9c4fbb32c5270547757d233b5030f8fed,"Intel(R) Core(TM) i5-8365U CPU @ 1.60GHz; linux/amd64","2.2.10","-d:release --mm:arc",RWM,32,1000000,equality,matches_unchecked,50,8,1426.164570
2ac0eac9c4fbb32c5270547757d233b5030f8fed,"Intel(R) Core(TM) i5-8365U CPU @ 1.60GHz; linux/amd64","2.2.10","-d:release --mm:arc",RWM,32,1000000,equality,matches_unchecked,50,9,1309.573640
2ac0eac9c4fbb32c5270547757d233b5030f8fed,"Intel(R) Core(TM) i5-8365U CPU @ 1.60GHz; linux/amd64","2.2.10","-d:release --mm:arc",RWM,32,1000000,equality,matches_unchecked,50,10,1353.869890
2ac0eac9c4fbb32c5270547757d233b5030f8fed,"Intel(R) Core(TM) i5-8365U CPU @ 1.60GHz; linux/amd64","2.2.10","-d:release --mm:arc",RWM,32,1000000,equality,matches_unchecked,50,11,1303.601340
2ac0eac9c4fbb32c5270547757d233b5030f8fed,"Intel(R) Core(TM) i5-8365U CPU @ 1.60GHz; linux/amd64","2.2.10","-d:release --mm:arc",RWM,32,1000000,equality,matches_unchecked,50,12,1316.443990
2ac0eac9c4fbb32c5270547757d233b5030f8fed,"Intel(R) Core(TM) i5-8365U CPU @ 1.60GHz; linux/amd64","2.2.10","-d:release --mm:arc",RWM,32,1000000,equality,matches_unchecked,50,13,1447.913680
2ac0eac9c4fbb32c5270547757d233b5030f8fed,"Intel(R) Core(TM) i5-8365U CPU @ 1.60GHz; linux/amd64","2.2.10","-d:release --mm:arc",RWM,32,1000000,equality,matches_unchecked,50,14,1481.358380
2ac0eac9c4fbb32c5270547757d233b5030f8fed,"Intel(R) Core(TM) i5-8365U CPU @ 1.60GHz; linux/amd64","2.2.10","-d:release --mm:arc",RWM,32,1000000,equality,matches_unchecked,50,15,1434.738010
2ac0eac9c4fbb32c5270547757d233b5030f8fed,"Intel(R) Core(TM) i5-8365U CPU @ 1.60GHz; linux/amd64","2.2.10","-d:release --mm:arc",RWM,32,1000000,equality,matches_unchecked,50,16,1369.177670
2ac0eac9c4fbb32c5270547757d233b5030f8fed,"Intel(R) Core(TM) i5-8365U CPU @ 1.60GHz; linux/amd64","2.2.10","-d:release --mm:arc",RWM,32,1000000,equality,matches_unchecked,50,17,2032.877450
2ac0eac9c4fbb32c5270547757d233b5030f8fed,"Intel(R) Core(TM) i5-8365U CPU @ 1.60GHz; linux/amd64","2.2.10","-d:release --mm:arc",RWM,32,1000000,equality,matches_unchecked,50,18,1877.181520
2ac0eac9c4fbb32c5270547757d233b5030f8fed,"Intel(R) Core(TM) i5-8365U CPU @ 1.60GHz; linux/amd64","2.2.10","-d:release --mm:arc",RWM,32,1000000,equality,matches_unchecked,50,19,1478.964260
2ac0eac9c4fbb32c5270547757d233b5030f8fed,"Intel(R) Core(TM) i5-8365U CPU @ 1.60GHz; linux/amd64","2.2.10","-d:release --mm:arc",RWM,32,1000000,equality,matches_unchecked,50,20,1519.110300
2ac0eac9c4fbb32c5270547757d233b5030f8fed,"Intel(R) Core(TM) i5-8365U CPU @ 1.60GHz; linux/amd64","2.2.10","-d:release --mm:arc",RWM,32,1000000,equality,matches_unchecked,50,21,1428.580690
2ac0eac9c4fbb32c5270547757d233b5030f8fed,"Intel(R) Core(TM) i5-8365U CPU @ 1.60GHz; linux/amd64","2.2.10","-d:release --mm:arc",WM,32,1000000,equality,access,100,1,2815.016240
2ac0eac9c4fbb32c5270547757d233b5030f8fed,"Intel(R) Core(TM) i5-8365U CPU @ 1.60GHz; linux/amd64","2.2.10","-d:release --mm:arc",WM,32,1000000,equality,access,100,2,2839.722510
2ac0eac9c4fbb32c5270547757d233b5030f8fed,"Intel(R) Core(TM) i5-8365U CPU @ 1.60GHz; linux/amd64","2.2.10","-d:release --mm:arc",WM,32,1000000,equality,access,100,3,3100.014740
2ac0eac9c4fbb32c5270547757d233b5030f8fed,"Intel(R) Core(TM) i5-8365U CPU @ 1.60GHz; linux/amd64","2.2.10","-d:release --mm:arc",WM,32,1000000,equality,access,100,4,3009.660160
2ac0eac9c4fbb32c5270547757d233b5030f8fed,"Intel(R) Core(TM) i5-8365U CPU @ 1.60GHz; linux/amd64","2.2.10","-d:release --mm:arc",WM,32,1000000,equality,access,100,5,3211.401410
2ac0eac9c4fbb32c5270547757d233b5030f8fed,"Intel(R) Core(TM) i5-8365U CPU @ 1.60GHz; linux/amd64","2.2.10","-d:release --mm:arc",WM,32,1000000,equality,access,100,6,2931.834190
2ac0eac9c4fbb32c5270547757d233b5030f8fed,"Intel(R) Core(TM) i5-8365U CPU @ 1.60GHz; linux/amd64","2.2.10","-d:release --mm:arc",WM,32,1000000,equality,access,100,7,2803.261650
2ac0eac9c4fbb32c5270547757d233b5030f8fed,"Intel(R) Core(TM) i5-8365U CPU @ 1.60GHz; linux/amd64","2.2.10","-d:release --mm:arc",WM,32,1000000,equality,access,100,8,2953.835310
2ac0eac9c4fbb32c5270547757d233b5030f8fed,"Intel(R) Core(TM) i5-8365U CPU @ 1.60GHz; linux/amd64","2.2.10","-d:release --mm:arc",WM,32,1000000,equality,access,100,9,4190.147220
2ac0eac9c4fbb32c5270547757d233b5030f8fed,"Intel(R) Core(TM) i5-8365U CPU @ 1.60GHz; linux/amd64","2.2.10","-d:release --mm:arc",WM,32,1000000,equality,access,100,10,3224.662090
2ac0eac9c4fbb32c5270547757d233b5030f8fed,"Intel(R) Core(TM) i5-8365U CPU @ 1.60GHz; linux/amd64","2.2.10","-d:release --mm:arc",WM,32,1000000,equality,access,100,11,3354.838720
2ac0eac9c4fbb32c5270547757d233b5030f8fed,"Intel(R) Core(TM) i5-8365U CPU @ 1.60GHz; linux/amd64","2.2.10","-d:release --mm:arc",WM,32,1000000,equality,access,100,12,3033.777380
2ac0eac9c4fbb32c5270547757d233b5030f8fed,"Intel(R) Core(TM) i5-8365U CPU @ 1.60GHz; linux/amd64","2.2.10","-d:release --mm:arc",WM,32,1000000,equality,access,100,13,2939.728590
2ac0eac9c4fbb32c5270547757d233b5030f8fed,"Intel(R) Core(TM) i5-8365U CPU @ 1.60GHz; linux/amd64","2.2.10","-d:release --mm:arc",WM,32,1000000,equality,access,100,14,2742.688560
2ac0eac9c4fbb32c5270547757d233b5030f8fed,"Intel(R) Core(TM) i5-8365U CPU @ 1.60GHz; linux/amd64","2.2.10","-d:release --mm:arc",WM,32,1000000,equality,access,100,15,3116.105570
2ac0eac9c4fbb32c5270547757d233b5030f8fed,"Intel(R) Core(TM) i5-8365U CPU @ 1.60GHz; linux/amd64","2.2.10","-d:release --mm:arc",WM,32,1000000,equality,access,100,16,3032.898090
2ac0eac9c4fbb32c5270547757d233b5030f8fed,"Intel(R) Core(TM) i5-8365U CPU @ 1.60GHz; linux/amd64","2.2.10","-d:release --mm:arc",WM,32,1000000,equality,access,100,17,2928.181640
2ac0eac9c4fbb32c5270547757d233b5030f8fed,"Intel(R) Core(TM) i5-8365U CPU @ 1.60GHz; linux/amd64","2.2.10","-d:release --mm:arc",WM,32,1000000,equality,access,100,18,3011.214070
2ac0eac9c4fbb32c5270547757d233b5030f8fed,"Intel(R) Core(TM) i5-8365U CPU @ 1.60GHz; linux/amd64","2.2.10","-d:release --mm:arc",WM,32,1000000,equality,access,100,19,2821.680940
2ac0eac9c4fbb32c5270547757d233b5030f8fed,"Intel(R) Core(TM) i5-8365U CPU @ 1.60GHz; linux/amd64","2.2.10","-d:release --mm:arc",WM,32,1000000,equality,access,100,20,3021.208610
2ac0eac9c4fbb32c5270547757d233b5030f8fed,"Intel(R) Core(TM) i5-8365U CPU @ 1.60GHz; linux/amd64","2.2.10","-d:release --mm:arc",WM,32,1000000,equality,access,100,21,3051.940250
2ac0eac9c4fbb32c5270547757d233b5030f8fed,"Intel(R) Core(TM) i5-8365U CPU @ 1.60GHz; linux/amd64","2.2.10","-d:release --mm:arc",WM,32,1000000,equality,matches_checked,100,1,2662.095400
2ac0eac9c4fbb32c5270547757d233b5030f8fed,"Intel(R) Core(TM) i5-8365U CPU @ 1.60GHz; linux/amd64","2.2.10","-d:release --mm:arc",WM,32,1000000,equality,matches_checked,100,2,2593.659740
2ac0eac9c4fbb32c5270547757d233b5030f8fed,"Intel(R) Core(TM) i5-8365U CPU @ 1.60GHz; linux/amd64","2.2.10","-d:release --mm:arc",WM,32,1000000,equality,matches_checked,100,3,2833.716580
2ac0eac9c4fbb32c5270547757d233b5030f8fed,"Intel(R) Core(TM) i5-8365U CPU @ 1.60GHz; linux/amd64","2.2.10","-d:release --mm:arc",WM,32,1000000,equality,matches_checked,100,4,2540.631910
2ac0eac9c4fbb32c5270547757d233b5030f8fed,"Intel(R) Core(TM) i5-8365U CPU @ 1.60GHz; linux/amd64","2.2.10","-d:release --mm:arc",WM,32,1000000,equality,matches_checked,100,5,2579.989010
2ac0eac9c4fbb32c5270547757d233b5030f8fed,"Intel(R) Core(TM) i5-8365U CPU @ 1.60GHz; linux/amd64","2.2.10","-d:release --mm:arc",WM,32,1000000,equality,matches_checked,100,6,3496.210010
2ac0eac9c4fbb32c5270547757d233b5030f8fed,"Intel(R) Core(TM) i5-8365U CPU @ 1.60GHz; linux/amd64","2.2.10","-d:release --mm:arc",WM,32,1000000,equality,matches_checked,100,7,3068.443140
2ac0eac9c4fbb32c5270547757d233b5030f8fed,"Intel(R) Core(TM) i5-8365U CPU @ 1.60GHz; linux/amd64","2.2.10","-d:release --mm:arc",WM,32,1000000,equality,matches_checked,100,8,2621.061210
2ac0eac9c4fbb32c5270547757d233b5030f8fed,"Intel(R) Core(TM) i5-8365U CPU @ 1.60GHz; linux/amd64","2.2.10","-d:release --mm:arc",WM,32,1000000,equality,matches_checked,100,9,2595.338830
2ac0eac9c4fbb32c5270547757d233b5030f8fed,"Intel(R) Core(TM) i5-8365U CPU @ 1.60GHz; linux/amd64","2.2.10","-d:release --mm:arc",WM,32,1000000,equality,matches_checked,100,10,2719.071440
2ac0eac9c4fbb32c5270547757d233b5030f8fed,"Intel(R) Core(TM) i5-8365U CPU @ 1.60GHz; linux/amd64","2.2.10","-d:release --mm:arc",WM,32,1000000,equality,matches_checked,100,11,2680.448390
2ac0eac9c4fbb32c5270547757d233b5030f8fed,"Intel(R) Core(TM) i5-8365U CPU @ 1.60GHz; linux/amd64","2.2.10","-d:release --mm:arc",WM,32,1000000,equality,matches_checked,100,12,2879.308010
2ac0eac9c4fbb32c5270547757d233b5030f8fed,"Intel(R) Core(TM) i5-8365U CPU @ 1.60GHz; linux/amd64","2.2.10","-d:release --mm:arc",WM,32,1000000,equality,matches_checked,100,13,2485.052920
2ac0eac9c4fbb32c5270547757d233b5030f8fed,"Intel(R) Core(TM) i5-8365U CPU @ 1.60GHz; linux/amd64","2.2.10","-d:release --mm:arc",WM,32,1000000,equality,matches_checked,100,14,2535.938650
2ac0eac9c4fbb32c5270547757d233b5030f8fed,"Intel(R) Core(TM) i5-8365U CPU @ 1.60GHz; linux/amd64","2.2.10","-d:release --mm:arc",WM,32,1000000,equality,matches_checked,100,15,2538.363780
2ac0eac9c4fbb32c5270547757d233b5030f8fed,"Intel(R) Core(TM) i5-8365U CPU @ 1.60GHz; linux/amd64","2.2.10","-d:release --mm:arc",WM,32,1000000,equality,matches_checked,100,16,2651.777850
2ac0eac9c4fbb32c5270547757d233b5030f8fed,"Intel(R) Core(TM) i5-8365U CPU @ 1.60GHz; linux/amd64","2.2.10","-d:release --mm:arc",WM,32,1000000,equality,matches_checked,100,17,2515.091530
2ac0eac9c4fbb32c5270547757d233b5030f8fed,"Intel(R) Core(TM) i5-8365U CPU @ 1.60GHz; linux/amd64","2.2.10","-d:release --mm:arc",WM,32,1000000,equality,matches_checked,100,18,2748.001000
2ac0eac9c4fbb32c5270547757d233b5030f8fed,"Intel(R) Core(TM) i5-8365U CPU @ 1.60GHz; linux/amd64","2.2.10","-d:release --mm:arc",WM,32,1000000,equality,matches_checked,100,19,2635.221960
2ac0eac9c4fbb32c5270547757d233b5030f8fed,"Intel(R) Core(TM) i5-8365U CPU @ 1.60GHz; linux/amd64","2.2.10","-d:release --mm:arc",WM,32,1000000,equality,matches_checked,100,20,2842.247040
2ac0eac9c4fbb32c5270547757d233b5030f8fed,"Intel(R) Core(TM) i5-8365U CPU @ 1.60GHz; linux/amd64","2.2.10","-d:release --mm:arc",WM,32,1000000,equality,matches_checked,100,21,2641.500300
2ac0eac9c4fbb32c5270547757d233b5030f8fed,"Intel(R) Core(TM) i5-8365U CPU @ 1.60GHz; linux/amd64","2.2.10","-d:release --mm:arc",WM,32,1000000,equality,matches_unchecked,100,1,2494.428430
2ac0eac9c4fbb32c5270547757d233b5030f8fed,"Intel(R) Core(TM) i5-8365U CPU @ 1.60GHz; linux/amd64","2.2.10","-d:release --mm:arc",WM,32,1000000,equality,matches_unchecked,100,2,2548.458730
2ac0eac9c4fbb32c5270547757d233b5030f8fed,"Intel(R) Core(TM) i5-8365U CPU @ 1.60GHz; linux/amd64","2.2.10","-d:release --mm:arc",WM,32,1000000,equality,matches_unchecked,100,3,2729.683920
2ac0eac9c4fbb32c5270547757d233b5030f8fed,"Intel(R) Core(TM) i5-8365U CPU @ 1.60GHz; linux/amd64","2.2.10","-d:release --mm:arc",WM,32,1000000,equality,matches_unchecked,100,4,2778.415560
2ac0eac9c4fbb32c5270547757d233b5030f8fed,"Intel(R) Core(TM) i5-8365U CPU @ 1.60GHz; linux/amd64","2.2.10","-d:release --mm:arc",WM,32,1000000,equality,matches_unchecked,100,5,2618.557910
2ac0eac9c4fbb32c5270547757d233b5030f8fed,"Intel(R) Core(TM) i5-8365U CPU @ 1.60GHz; linux/amd64","2.2.10","-d:release --mm:arc",WM,32,1000000,equality,matches_unchecked,100,6,2460.176310
2ac0eac9c4fbb32c5270547757d233b5030f8fed,"Intel(R) Core(TM) i5-8365U CPU @ 1.60GHz; linux/amd64","2.2.10","-d:release --mm:arc",WM,32,1000000,equality,matches_unchecked,100,7,2640.706100
2ac0eac9c4fbb32c5270547757d233b5030f8fed,"Intel(R) Core(TM) i5-8365U CPU @ 1.60GHz; linux/amd64","2.2.10","-d:release --mm:arc",WM,32,1000000,equality,matches_unchecked,100,8,2570.252280
2ac0eac9c4fbb32c5270547757d233b5030f8fed,"Intel(R) Core(TM) i5-8365U CPU @ 1.60GHz; linux/amd64","2.2.10","-d:release --mm:arc",WM,32,1000000,equality,matches_unchecked,100,9,2622.053090
2ac0eac9c4fbb32c5270547757d233b5030f8fed,"Intel(R) Core(TM) i5-8365U CPU @ 1.60GHz; linux/amd64","2.2.10","-d:release --mm:arc",WM,32,1000000,equality,matches_unchecked,100,10,2472.987010
2ac0eac9c4fbb32c5270547757d233b5030f8fed,"Intel(R) Core(TM) i5-8365U CPU @ 1.60GHz; linux/amd64","2.2.10","-d:release --mm:arc",WM,32,1000000,equality,matches_unchecked,100,11,2520.221570
2ac0eac9c4fbb32c5270547757d233b5030f8fed,"Intel(R) Core(TM) i5-8365U CPU @ 1.60GHz; linux/amd64","2.2.10","-d:release --mm:arc",WM,32,1000000,equality,matches_unchecked,100,12,2689.263740
2ac0eac9c4fbb32c5270547757d233b5030f8fed,"Intel(R) Core(TM) i5-8365U CPU @ 1.60GHz; linux/amd64","2.2.10","-d:release --mm:arc",WM,32,1000000,equality,matches_unchecked,100,13,2646.045390
2ac0eac9c4fbb32c5270547757d233b5030f8fed,"Intel(R) Core(TM) i5-8365U CPU @ 1.60GHz; linux/amd64","2.2.10","-d:release --mm:arc",WM,32,1000000,equality,matches_unchecked,100,14,2579.531780
2ac0eac9c4fbb32c5270547757d233b5030f8fed,"Intel(R) Core(TM) i5-8365U CPU @ 1.60GHz; linux/amd64","2.2.10","-d:release --mm:arc",WM,32,1000000,equality,matches_unchecked,100,15,2709.972860
2ac0eac9c4fbb32c5270547757d233b5030f8fed,"Intel(R) Core(TM) i5-8365U CPU @ 1.60GHz; linux/amd64","2.2.10","-d:release --mm:arc",WM,32,1000000,equality,matches_unchecked,100,16,2576.156600
2ac0eac9c4fbb32c5270547757d233b5030f8fed,"Intel(R) Core(TM) i5-8365U CPU @ 1.60GHz; linux/amd64","2.2.10","-d:release --mm:arc",WM,32,1000000,equality,matches_unchecked,100,17,2620.758020
2ac0eac9c4fbb32c5270547757d233b5030f8fed,"Intel(R) Core(TM) i5-8365U CPU @ 1.60GHz; linux/amd64","2.2.10","-d:release --mm:arc",WM,32,1000000,equality,matches_unchecked,100,18,2570.983330
2ac0eac9c4fbb32c5270547757d233b5030f8fed,"Intel(R) Core(TM) i5-8365U CPU @ 1.60GHz; linux/amd64","2.2.10","-d:release --mm:arc",WM,32,1000000,equality,matches_unchecked,100,19,3601.365160
2ac0eac9c4fbb32c5270547757d233b5030f8fed,"Intel(R) Core(TM) i5-8365U CPU @ 1.60GHz; linux/amd64","2.2.10","-d:release --mm:arc",WM,32,1000000,equality,matches_unchecked,100,20,2950.395880
2ac0eac9c4fbb32c5270547757d233b5030f8fed,"Intel(R) Core(TM) i5-8365U CPU @ 1.60GHz; linux/amd64","2.2.10","-d:release --mm:arc",WM,32,1000000,equality,matches_unchecked,100,21,2711.202920
2ac0eac9c4fbb32c5270547757d233b5030f8fed,"Intel(R) Core(TM) i5-8365U CPU @ 1.60GHz; linux/amd64","2.2.10","-d:release --mm:arc",RWM,32,1000000,equality,access,100,1,2918.145130
2ac0eac9c4fbb32c5270547757d233b5030f8fed,"Intel(R) Core(TM) i5-8365U CPU @ 1.60GHz; linux/amd64","2.2.10","-d:release --mm:arc",RWM,32,1000000,equality,access,100,2,3034.370440
2ac0eac9c4fbb32c5270547757d233b5030f8fed,"Intel(R) Core(TM) i5-8365U CPU @ 1.60GHz; linux/amd64","2.2.10","-d:release --mm:arc",RWM,32,1000000,equality,access,100,3,3101.014040
2ac0eac9c4fbb32c5270547757d233b5030f8fed,"Intel(R) Core(TM) i5-8365U CPU @ 1.60GHz; linux/amd64","2.2.10","-d:release --mm:arc",RWM,32,1000000,equality,access,100,4,3192.398000
2ac0eac9c4fbb32c5270547757d233b5030f8fed,"Intel(R) Core(TM) i5-8365U CPU @ 1.60GHz; linux/amd64","2.2.10","-d:release --mm:arc",RWM,32,1000000,equality,access,100,5,2957.410260
2ac0eac9c4fbb32c5270547757d233b5030f8fed,"Intel(R) Core(TM) i5-8365U CPU @ 1.60GHz; linux/amd64","2.2.10","-d:release --mm:arc",RWM,32,1000000,equality,access,100,6,2861.808080
2ac0eac9c4fbb32c5270547757d233b5030f8fed,"Intel(R) Core(TM) i5-8365U CPU @ 1.60GHz; linux/amd64","2.2.10","-d:release --mm:arc",RWM,32,1000000,equality,access,100,7,2787.235040
2ac0eac9c4fbb32c5270547757d233b5030f8fed,"Intel(R) Core(TM) i5-8365U CPU @ 1.60GHz; linux/amd64","2.2.10","-d:release --mm:arc",RWM,32,1000000,equality,access,100,8,2870.894630
2ac0eac9c4fbb32c5270547757d233b5030f8fed,"Intel(R) Core(TM) i5-8365U CPU @ 1.60GHz; linux/amd64","2.2.10","-d:release --mm:arc",RWM,32,1000000,equality,access,100,9,3031.363650
2ac0eac9c4fbb32c5270547757d233b5030f8fed,"Intel(R) Core(TM) i5-8365U CPU @ 1.60GHz; linux/amd64","2.2.10","-d:release --mm:arc",RWM,32,1000000,equality,access,100,10,3079.278110
2ac0eac9c4fbb32c5270547757d233b5030f8fed,"Intel(R) Core(TM) i5-8365U CPU @ 1.60GHz; linux/amd64","2.2.10","-d:release --mm:arc",RWM,32,1000000,equality,access,100,11,3010.442580
2ac0eac9c4fbb32c5270547757d233b5030f8fed,"Intel(R) Core(TM) i5-8365U CPU @ 1.60GHz; linux/amd64","2.2.10","-d:release --mm:arc",RWM,32,1000000,equality,access,100,12,2816.581620
2ac0eac9c4fbb32c5270547757d233b5030f8fed,"Intel(R) Core(TM) i5-8365U CPU @ 1.60GHz; linux/amd64","2.2.10","-d:release --mm:arc",RWM,32,1000000,equality,access,100,13,2900.049900
2ac0eac9c4fbb32c5270547757d233b5030f8fed,"Intel(R) Core(TM) i5-8365U CPU @ 1.60GHz; linux/amd64","2.2.10","-d:release --mm:arc",RWM,32,1000000,equality,access,100,14,2901.042960
2ac0eac9c4fbb32c5270547757d233b5030f8fed,"Intel(R) Core(TM) i5-8365U CPU @ 1.60GHz; linux/amd64","2.2.10","-d:release --mm:arc",RWM,32,1000000,equality,access,100,15,3215.004070
2ac0eac9c4fbb32c5270547757d233b5030f8fed,"Intel(R) Core(TM) i5-8365U CPU @ 1.60GHz; linux/amd64","2.2.10","-d:release --mm:arc",RWM,32,1000000,equality,access,100,16,3218.336250
2ac0eac9c4fbb32c5270547757d233b5030f8fed,"Intel(R) Core(TM) i5-8365U CPU @ 1.60GHz; linux/amd64","2.2.10","-d:release --mm:arc",RWM,32,1000000,equality,access,100,17,3183.110440
2ac0eac9c4fbb32c5270547757d233b5030f8fed,"Intel(R) Core(TM) i5-8365U CPU @ 1.60GHz; linux/amd64","2.2.10","-d:release --mm:arc",RWM,32,1000000,equality,access,100,18,2991.842620
2ac0eac9c4fbb32c5270547757d233b5030f8fed,"Intel(R) Core(TM) i5-8365U CPU @ 1.60GHz; linux/amd64","2.2.10","-d:release --mm:arc",RWM,32,1000000,equality,access,100,19,3300.660470
2ac0eac9c4fbb32c5270547757d233b5030f8fed,"Intel(R) Core(TM) i5-8365U CPU @ 1.60GHz; linux/amd64","2.2.10","-d:release --mm:arc",RWM,32,1000000,equality,access,100,20,3181.952380
2ac0eac9c4fbb32c5270547757d233b5030f8fed,"Intel(R) Core(TM) i5-8365U CPU @ 1.60GHz; linux/amd64","2.2.10","-d:release --mm:arc",RWM,32,1000000,equality,access,100,21,3102.073280
2ac0eac9c4fbb32c5270547757d233b5030f8fed,"Intel(R) Core(TM) i5-8365U CPU @ 1.60GHz; linux/amd64","2.2.10","-d:release --mm:arc",RWM,32,1000000,equality,matches_checked,100,1,2520.829430
2ac0eac9c4fbb32c5270547757d233b5030f8fed,"Intel(R) Core(TM) i5-8365U CPU @ 1.60GHz; linux/amd64","2.2.10","-d:release --mm:arc",RWM,32,1000000,equality,matches_checked,100,2,2857.331710
2ac0eac9c4fbb32c5270547757d233b5030f8fed,"Intel(R) Core(TM) i5-8365U CPU @ 1.60GHz; linux/amd64","2.2.10","-d:release --mm:arc",RWM,32,1000000,equality,matches_checked,100,3,2505.475650
2ac0eac9c4fbb32c5270547757d233b5030f8fed,"Intel(R) Core(TM) i5-8365U CPU @ 1.60GHz; linux/amd64","2.2.10","-d:release --mm:arc",RWM,32,1000000,equality,matches_checked,100,4,2445.562570
2ac0eac9c4fbb32c5270547757d233b5030f8fed,"Intel(R) Core(TM) i5-8365U CPU @ 1.60GHz; linux/amd64","2.2.10","-d:release --mm:arc",RWM,32,1000000,equality,matches_checked,100,5,3349.795000
2ac0eac9c4fbb32c5270547757d233b5030f8fed,"Intel(R) Core(TM) i5-8365U CPU @ 1.60GHz; linux/amd64","2.2.10","-d:release --mm:arc",RWM,32,1000000,equality,matches_checked,100,6,3038.594020
2ac0eac9c4fbb32c5270547757d233b5030f8fed,"Intel(R) Core(TM) i5-8365U CPU @ 1.60GHz; linux/amd64","2.2.10","-d:release --mm:arc",RWM,32,1000000,equality,matches_checked,100,7,2918.274840
2ac0eac9c4fbb32c5270547757d233b5030f8fed,"Intel(R) Core(TM) i5-8365U CPU @ 1.60GHz; linux/amd64","2.2.10","-d:release --mm:arc",RWM,32,1000000,equality,matches_checked,100,8,2732.712310
2ac0eac9c4fbb32c5270547757d233b5030f8fed,"Intel(R) Core(TM) i5-8365U CPU @ 1.60GHz; linux/amd64","2.2.10","-d:release --mm:arc",RWM,32,1000000,equality,matches_checked,100,9,2787.606130
2ac0eac9c4fbb32c5270547757d233b5030f8fed,"Intel(R) Core(TM) i5-8365U CPU @ 1.60GHz; linux/amd64","2.2.10","-d:release --mm:arc",RWM,32,1000000,equality,matches_checked,100,10,2611.299080
2ac0eac9c4fbb32c5270547757d233b5030f8fed,"Intel(R) Core(TM) i5-8365U CPU @ 1.60GHz; linux/amd64","2.2.10","-d:release --mm:arc",RWM,32,1000000,equality,matches_checked,100,11,2792.187370
2ac0eac9c4fbb32c5270547757d233b5030f8fed,"Intel(R) Core(TM) i5-8365U CPU @ 1.60GHz; linux/amd64","2.2.10","-d:release --mm:arc",RWM,32,1000000,equality,matches_checked,100,12,2602.746640
2ac0eac9c4fbb32c5270547757d233b5030f8fed,"Intel(R) Core(TM) i5-8365U CPU @ 1.60GHz; linux/amd64","2.2.10","-d:release --mm:arc",RWM,32,1000000,equality,matches_checked,100,13,2571.735790
2ac0eac9c4fbb32c5270547757d233b5030f8fed,"Intel(R) Core(TM) i5-8365U CPU @ 1.60GHz; linux/amd64","2.2.10","-d:release --mm:arc",RWM,32,1000000,equality,matches_checked,100,14,2545.438730
2ac0eac9c4fbb32c5270547757d233b5030f8fed,"Intel(R) Core(TM) i5-8365U CPU @ 1.60GHz; linux/amd64","2.2.10","-d:release --mm:arc",RWM,32,1000000,equality,matches_checked,100,15,2684.294960
2ac0eac9c4fbb32c5270547757d233b5030f8fed,"Intel(R) Core(TM) i5-8365U CPU @ 1.60GHz; linux/amd64","2.2.10","-d:release --mm:arc",RWM,32,1000000,equality,matches_checked,100,16,2725.566110
2ac0eac9c4fbb32c5270547757d233b5030f8fed,"Intel(R) Core(TM) i5-8365U CPU @ 1.60GHz; linux/amd64","2.2.10","-d:release --mm:arc",RWM,32,1000000,equality,matches_checked,100,17,2714.040520
2ac0eac9c4fbb32c5270547757d233b5030f8fed,"Intel(R) Core(TM) i5-8365U CPU @ 1.60GHz; linux/amd64","2.2.10","-d:release --mm:arc",RWM,32,1000000,equality,matches_checked,100,18,2682.884890
2ac0eac9c4fbb32c5270547757d233b5030f8fed,"Intel(R) Core(TM) i5-8365U CPU @ 1.60GHz; linux/amd64","2.2.10","-d:release --mm:arc",RWM,32,1000000,equality,matches_checked,100,19,2937.464160
2ac0eac9c4fbb32c5270547757d233b5030f8fed,"Intel(R) Core(TM) i5-8365U CPU @ 1.60GHz; linux/amd64","2.2.10","-d:release --mm:arc",RWM,32,1000000,equality,matches_checked,100,20,2712.027410
2ac0eac9c4fbb32c5270547757d233b5030f8fed,"Intel(R) Core(TM) i5-8365U CPU @ 1.60GHz; linux/amd64","2.2.10","-d:release --mm:arc",RWM,32,1000000,equality,matches_checked,100,21,2523.517580
2ac0eac9c4fbb32c5270547757d233b5030f8fed,"Intel(R) Core(TM) i5-8365U CPU @ 1.60GHz; linux/amd64","2.2.10","-d:release --mm:arc",RWM,32,1000000,equality,matches_unchecked,100,1,2672.228340
2ac0eac9c4fbb32c5270547757d233b5030f8fed,"Intel(R) Core(TM) i5-8365U CPU @ 1.60GHz; linux/amd64","2.2.10","-d:release --mm:arc",RWM,32,1000000,equality,matches_unchecked,100,2,2519.668380
2ac0eac9c4fbb32c5270547757d233b5030f8fed,"Intel(R) Core(TM) i5-8365U CPU @ 1.60GHz; linux/amd64","2.2.10","-d:release --mm:arc",RWM,32,1000000,equality,matches_unchecked,100,3,2832.901710
2ac0eac9c4fbb32c5270547757d233b5030f8fed,"Intel(R) Core(TM) i5-8365U CPU @ 1.60GHz; linux/amd64","2.2.10","-d:release --mm:arc",RWM,32,1000000,equality,matches_unchecked,100,4,2684.398970
2ac0eac9c4fbb32c5270547757d233b5030f8fed,"Intel(R) Core(TM) i5-8365U CPU @ 1.60GHz; linux/amd64","2.2.10","-d:release --mm:arc",RWM,32,1000000,equality,matches_unchecked,100,5,2581.413600
2ac0eac9c4fbb32c5270547757d233b5030f8fed,"Intel(R) Core(TM) i5-8365U CPU @ 1.60GHz; linux/amd64","2.2.10","-d:release --mm:arc",RWM,32,1000000,equality,matches_unchecked,100,6,2609.282050
2ac0eac9c4fbb32c5270547757d233b5030f8fed,"Intel(R) Core(TM) i5-8365U CPU @ 1.60GHz; linux/amd64","2.2.10","-d:release --mm:arc",RWM,32,1000000,equality,matches_unchecked,100,7,2774.470660
2ac0eac9c4fbb32c5270547757d233b5030f8fed,"Intel(R) Core(TM) i5-8365U CPU @ 1.60GHz; linux/amd64","2.2.10","-d:release --mm:arc",RWM,32,1000000,equality,matches_unchecked,100,8,2609.366060
2ac0eac9c4fbb32c5270547757d233b5030f8fed,"Intel(R) Core(TM) i5-8365U CPU @ 1.60GHz; linux/amd64","2.2.10","-d:release --mm:arc",RWM,32,1000000,equality,matches_unchecked,100,9,2617.622480
2ac0eac9c4fbb32c5270547757d233b5030f8fed,"Intel(R) Core(TM) i5-8365U CPU @ 1.60GHz; linux/amd64","2.2.10","-d:release --mm:arc",RWM,32,1000000,equality,matches_unchecked,100,10,2547.662830
2ac0eac9c4fbb32c5270547757d233b5030f8fed,"Intel(R) Core(TM) i5-8365U CPU @ 1.60GHz; linux/amd64","2.2.10","-d:release --mm:arc",RWM,32,1000000,equality,matches_unchecked,100,11,2853.255780
2ac0eac9c4fbb32c5270547757d233b5030f8fed,"Intel(R) Core(TM) i5-8365U CPU @ 1.60GHz; linux/amd64","2.2.10","-d:release --mm:arc",RWM,32,1000000,equality,matches_unchecked,100,12,2844.062290
2ac0eac9c4fbb32c5270547757d233b5030f8fed,"Intel(R) Core(TM) i5-8365U CPU @ 1.60GHz; linux/amd64","2.2.10","-d:release --mm:arc",RWM,32,1000000,equality,matches_unchecked,100,13,2928.740710
2ac0eac9c4fbb32c5270547757d233b5030f8fed,"Intel(R) Core(TM) i5-8365U CPU @ 1.60GHz; linux/amd64","2.2.10","-d:release --mm:arc",RWM,32,1000000,equality,matches_unchecked,100,14,2600.828610
2ac0eac9c4fbb32c5270547757d233b5030f8fed,"Intel(R) Core(TM) i5-8365U CPU @ 1.60GHz; linux/amd64","2.2.10","-d:release --mm:arc",RWM,32,1000000,equality,matches_unchecked,100,15,2774.937690
2ac0eac9c4fbb32c5270547757d233b5030f8fed,"Intel(R) Core(TM) i5-8365U CPU @ 1.60GHz; linux/amd64","2.2.10","-d:release --mm:arc",RWM,32,1000000,equality,matches_unchecked,100,16,3602.509840
2ac0eac9c4fbb32c5270547757d233b5030f8fed,"Intel(R) Core(TM) i5-8365U CPU @ 1.60GHz; linux/amd64","2.2.10","-d:release --mm:arc",RWM,32,1000000,equality,matches_unchecked,100,17,3067.948970
2ac0eac9c4fbb32c5270547757d233b5030f8fed,"Intel(R) Core(TM) i5-8365U CPU @ 1.60GHz; linux/amd64","2.2.10","-d:release --mm:arc",RWM,32,1000000,equality,matches_unchecked,100,18,3040.593540
2ac0eac9c4fbb32c5270547757d233b5030f8fed,"Intel(R) Core(TM) i5-8365U CPU @ 1.60GHz; linux/amd64","2.2.10","-d:release --mm:arc",RWM,32,1000000,equality,matches_unchecked,100,19,2771.040480
2ac0eac9c4fbb32c5270547757d233b5030f8fed,"Intel(R) Core(TM) i5-8365U CPU @ 1.60GHz; linux/amd64","2.2.10","-d:release --mm:arc",RWM,32,1000000,equality,matches_unchecked,100,20,2953.520540
2ac0eac9c4fbb32c5270547757d233b5030f8fed,"Intel(R) Core(TM) i5-8365U CPU @ 1.60GHz; linux/amd64","2.2.10","-d:release --mm:arc",RWM,32,1000000,equality,matches_unchecked,100,21,3346.191260
2ac0eac9c4fbb32c5270547757d233b5030f8fed,"Intel(R) Core(TM) i5-8365U CPU @ 1.60GHz; linux/amd64","2.2.10","-d:release --mm:arc",WM,32,1000000,range,access,0.1,1,3624.760930
2ac0eac9c4fbb32c5270547757d233b5030f8fed,"Intel(R) Core(TM) i5-8365U CPU @ 1.60GHz; linux/amd64","2.2.10","-d:release --mm:arc",WM,32,1000000,range,access,0.1,2,3502.810520
2ac0eac9c4fbb32c5270547757d233b5030f8fed,"Intel(R) Core(TM) i5-8365U CPU @ 1.60GHz; linux/amd64","2.2.10","-d:release --mm:arc",WM,32,1000000,range,access,0.1,3,3254.146410
2ac0eac9c4fbb32c5270547757d233b5030f8fed,"Intel(R) Core(TM) i5-8365U CPU @ 1.60GHz; linux/amd64","2.2.10","-d:release --mm:arc",WM,32,1000000,range,access,0.1,4,3353.027630
2ac0eac9c4fbb32c5270547757d233b5030f8fed,"Intel(R) Core(TM) i5-8365U CPU @ 1.60GHz; linux/amd64","2.2.10","-d:release --mm:arc",WM,32,1000000,range,access,0.1,5,3089.583740
2ac0eac9c4fbb32c5270547757d233b5030f8fed,"Intel(R) Core(TM) i5-8365U CPU @ 1.60GHz; linux/amd64","2.2.10","-d:release --mm:arc",WM,32,1000000,range,access,0.1,6,3116.855190
2ac0eac9c4fbb32c5270547757d233b5030f8fed,"Intel(R) Core(TM) i5-8365U CPU @ 1.60GHz; linux/amd64","2.2.10","-d:release --mm:arc",WM,32,1000000,range,access,0.1,7,3456.497070
2ac0eac9c4fbb32c5270547757d233b5030f8fed,"Intel(R) Core(TM) i5-8365U CPU @ 1.60GHz; linux/amd64","2.2.10","-d:release --mm:arc",WM,32,1000000,range,access,0.1,8,3138.623330
2ac0eac9c4fbb32c5270547757d233b5030f8fed,"Intel(R) Core(TM) i5-8365U CPU @ 1.60GHz; linux/amd64","2.2.10","-d:release --mm:arc",WM,32,1000000,range,access,0.1,9,3153.336100
2ac0eac9c4fbb32c5270547757d233b5030f8fed,"Intel(R) Core(TM) i5-8365U CPU @ 1.60GHz; linux/amd64","2.2.10","-d:release --mm:arc",WM,32,1000000,range,access,0.1,10,3128.582800
2ac0eac9c4fbb32c5270547757d233b5030f8fed,"Intel(R) Core(TM) i5-8365U CPU @ 1.60GHz; linux/amd64","2.2.10","-d:release --mm:arc",WM,32,1000000,range,access,0.1,11,3212.270210
2ac0eac9c4fbb32c5270547757d233b5030f8fed,"Intel(R) Core(TM) i5-8365U CPU @ 1.60GHz; linux/amd64","2.2.10","-d:release --mm:arc",WM,32,1000000,range,access,0.1,12,3091.120830
2ac0eac9c4fbb32c5270547757d233b5030f8fed,"Intel(R) Core(TM) i5-8365U CPU @ 1.60GHz; linux/amd64","2.2.10","-d:release --mm:arc",WM,32,1000000,range,access,0.1,13,3443.502390
2ac0eac9c4fbb32c5270547757d233b5030f8fed,"Intel(R) Core(TM) i5-8365U CPU @ 1.60GHz; linux/amd64","2.2.10","-d:release --mm:arc",WM,32,1000000,range,access,0.1,14,3207.449960
2ac0eac9c4fbb32c5270547757d233b5030f8fed,"Intel(R) Core(TM) i5-8365U CPU @ 1.60GHz; linux/amd64","2.2.10","-d:release --mm:arc",WM,32,1000000,range,access,0.1,15,3229.039090
2ac0eac9c4fbb32c5270547757d233b5030f8fed,"Intel(R) Core(TM) i5-8365U CPU @ 1.60GHz; linux/amd64","2.2.10","-d:release --mm:arc",WM,32,1000000,range,access,0.1,16,3458.993200
2ac0eac9c4fbb32c5270547757d233b5030f8fed,"Intel(R) Core(TM) i5-8365U CPU @ 1.60GHz; linux/amd64","2.2.10","-d:release --mm:arc",WM,32,1000000,range,access,0.1,17,3308.782300
2ac0eac9c4fbb32c5270547757d233b5030f8fed,"Intel(R) Core(TM) i5-8365U CPU @ 1.60GHz; linux/amd64","2.2.10","-d:release --mm:arc",WM,32,1000000,range,access,0.1,18,3267.766130
2ac0eac9c4fbb32c5270547757d233b5030f8fed,"Intel(R) Core(TM) i5-8365U CPU @ 1.60GHz; linux/amd64","2.2.10","-d:release --mm:arc",WM,32,1000000,range,access,0.1,19,3502.791510
2ac0eac9c4fbb32c5270547757d233b5030f8fed,"Intel(R) Core(TM) i5-8365U CPU @ 1.60GHz; linux/amd64","2.2.10","-d:release --mm:arc",WM,32,1000000,range,access,0.1,20,4229.568800
2ac0eac9c4fbb32c5270547757d233b5030f8fed,"Intel(R) Core(TM) i5-8365U CPU @ 1.60GHz; linux/amd64","2.2.10","-d:release --mm:arc",WM,32,1000000,range,access,0.1,21,3382.589860
2ac0eac9c4fbb32c5270547757d233b5030f8fed,"Intel(R) Core(TM) i5-8365U CPU @ 1.60GHz; linux/amd64","2.2.10","-d:release --mm:arc",WM,32,1000000,range,range_unchecked,0.1,1,96.233880
2ac0eac9c4fbb32c5270547757d233b5030f8fed,"Intel(R) Core(TM) i5-8365U CPU @ 1.60GHz; linux/amd64","2.2.10","-d:release --mm:arc",WM,32,1000000,range,range_unchecked,0.1,2,116.402920
2ac0eac9c4fbb32c5270547757d233b5030f8fed,"Intel(R) Core(TM) i5-8365U CPU @ 1.60GHz; linux/amd64","2.2.10","-d:release --mm:arc",WM,32,1000000,range,range_unchecked,0.1,3,109.902580
2ac0eac9c4fbb32c5270547757d233b5030f8fed,"Intel(R) Core(TM) i5-8365U CPU @ 1.60GHz; linux/amd64","2.2.10","-d:release --mm:arc",WM,32,1000000,range,range_unchecked,0.1,4,87.720460
2ac0eac9c4fbb32c5270547757d233b5030f8fed,"Intel(R) Core(TM) i5-8365U CPU @ 1.60GHz; linux/amd64","2.2.10","-d:release --mm:arc",WM,32,1000000,range,range_unchecked,0.1,5,79.221020
2ac0eac9c4fbb32c5270547757d233b5030f8fed,"Intel(R) Core(TM) i5-8365U CPU @ 1.60GHz; linux/amd64","2.2.10","-d:release --mm:arc",WM,32,1000000,range,range_unchecked,0.1,6,76.703900
2ac0eac9c4fbb32c5270547757d233b5030f8fed,"Intel(R) Core(TM) i5-8365U CPU @ 1.60GHz; linux/amd64","2.2.10","-d:release --mm:arc",WM,32,1000000,range,range_unchecked,0.1,7,77.713950
2ac0eac9c4fbb32c5270547757d233b5030f8fed,"Intel(R) Core(TM) i5-8365U CPU @ 1.60GHz; linux/amd64","2.2.10","-d:release --mm:arc",WM,32,1000000,range,range_unchecked,0.1,8,76.293870
2ac0eac9c4fbb32c5270547757d233b5030f8fed,"Intel(R) Core(TM) i5-8365U CPU @ 1.60GHz; linux/amd64","2.2.10","-d:release --mm:arc",WM,32,1000000,range,range_unchecked,0.1,9,86.846420
2ac0eac9c4fbb32c5270547757d233b5030f8fed,"Intel(R) Core(TM) i5-8365U CPU @ 1.60GHz; linux/amd64","2.2.10","-d:release --mm:arc",WM,32,1000000,range,range_unchecked,0.1,10,82.771200
2ac0eac9c4fbb32c5270547757d233b5030f8fed,"Intel(R) Core(TM) i5-8365U CPU @ 1.60GHz; linux/amd64","2.2.10","-d:release --mm:arc",WM,32,1000000,range,range_unchecked,0.1,11,84.256280
2ac0eac9c4fbb32c5270547757d233b5030f8fed,"Intel(R) Core(TM) i5-8365U CPU @ 1.60GHz; linux/amd64","2.2.10","-d:release --mm:arc",WM,32,1000000,range,range_unchecked,0.1,12,77.065920
2ac0eac9c4fbb32c5270547757d233b5030f8fed,"Intel(R) Core(TM) i5-8365U CPU @ 1.60GHz; linux/amd64","2.2.10","-d:release --mm:arc",WM,32,1000000,range,range_unchecked,0.1,13,80.186070
2ac0eac9c4fbb32c5270547757d233b5030f8fed,"Intel(R) Core(TM) i5-8365U CPU @ 1.60GHz; linux/amd64","2.2.10","-d:release --mm:arc",WM,32,1000000,range,range_unchecked,0.1,14,80.525090
2ac0eac9c4fbb32c5270547757d233b5030f8fed,"Intel(R) Core(TM) i5-8365U CPU @ 1.60GHz; linux/amd64","2.2.10","-d:release --mm:arc",WM,32,1000000,range,range_unchecked,0.1,15,79.645050
2ac0eac9c4fbb32c5270547757d233b5030f8fed,"Intel(R) Core(TM) i5-8365U CPU @ 1.60GHz; linux/amd64","2.2.10","-d:release --mm:arc",WM,32,1000000,range,range_unchecked,0.1,16,80.589090
2ac0eac9c4fbb32c5270547757d233b5030f8fed,"Intel(R) Core(TM) i5-8365U CPU @ 1.60GHz; linux/amd64","2.2.10","-d:release --mm:arc",WM,32,1000000,range,range_unchecked,0.1,17,77.489940
2ac0eac9c4fbb32c5270547757d233b5030f8fed,"Intel(R) Core(TM) i5-8365U CPU @ 1.60GHz; linux/amd64","2.2.10","-d:release --mm:arc",WM,32,1000000,range,range_unchecked,0.1,18,80.979110
2ac0eac9c4fbb32c5270547757d233b5030f8fed,"Intel(R) Core(TM) i5-8365U CPU @ 1.60GHz; linux/amd64","2.2.10","-d:release --mm:arc",WM,32,1000000,range,range_unchecked,0.1,19,74.955810
2ac0eac9c4fbb32c5270547757d233b5030f8fed,"Intel(R) Core(TM) i5-8365U CPU @ 1.60GHz; linux/amd64","2.2.10","-d:release --mm:arc",WM,32,1000000,range,range_unchecked,0.1,20,90.155580
2ac0eac9c4fbb32c5270547757d233b5030f8fed,"Intel(R) Core(TM) i5-8365U CPU @ 1.60GHz; linux/amd64","2.2.10","-d:release --mm:arc",WM,32,1000000,range,range_unchecked,0.1,21,78.885010
2ac0eac9c4fbb32c5270547757d233b5030f8fed,"Intel(R) Core(TM) i5-8365U CPU @ 1.60GHz; linux/amd64","2.2.10","-d:release --mm:arc",WM,32,1000000,range,access,1,1,3236.574410
2ac0eac9c4fbb32c5270547757d233b5030f8fed,"Intel(R) Core(TM) i5-8365U CPU @ 1.60GHz; linux/amd64","2.2.10","-d:release --mm:arc",WM,32,1000000,range,access,1,2,3215.724350
2ac0eac9c4fbb32c5270547757d233b5030f8fed,"Intel(R) Core(TM) i5-8365U CPU @ 1.60GHz; linux/amd64","2.2.10","-d:release --mm:arc",WM,32,1000000,range,access,1,3,4229.175840
2ac0eac9c4fbb32c5270547757d233b5030f8fed,"Intel(R) Core(TM) i5-8365U CPU @ 1.60GHz; linux/amd64","2.2.10","-d:release --mm:arc",WM,32,1000000,range,access,1,4,3424.693970
2ac0eac9c4fbb32c5270547757d233b5030f8fed,"Intel(R) Core(TM) i5-8365U CPU @ 1.60GHz; linux/amd64","2.2.10","-d:release --mm:arc",WM,32,1000000,range,access,1,5,3498.318710
2ac0eac9c4fbb32c5270547757d233b5030f8fed,"Intel(R) Core(TM) i5-8365U CPU @ 1.60GHz; linux/amd64","2.2.10","-d:release --mm:arc",WM,32,1000000,range,access,1,6,3364.614910
2ac0eac9c4fbb32c5270547757d233b5030f8fed,"Intel(R) Core(TM) i5-8365U CPU @ 1.60GHz; linux/amd64","2.2.10","-d:release --mm:arc",WM,32,1000000,range,access,1,7,3452.132370
2ac0eac9c4fbb32c5270547757d233b5030f8fed,"Intel(R) Core(TM) i5-8365U CPU @ 1.60GHz; linux/amd64","2.2.10","-d:release --mm:arc",WM,32,1000000,range,access,1,8,3683.488110
2ac0eac9c4fbb32c5270547757d233b5030f8fed,"Intel(R) Core(TM) i5-8365U CPU @ 1.60GHz; linux/amd64","2.2.10","-d:release --mm:arc",WM,32,1000000,range,access,1,9,3402.028820
2ac0eac9c4fbb32c5270547757d233b5030f8fed,"Intel(R) Core(TM) i5-8365U CPU @ 1.60GHz; linux/amd64","2.2.10","-d:release --mm:arc",WM,32,1000000,range,access,1,10,3215.847360
2ac0eac9c4fbb32c5270547757d233b5030f8fed,"Intel(R) Core(TM) i5-8365U CPU @ 1.60GHz; linux/amd64","2.2.10","-d:release --mm:arc",WM,32,1000000,range,access,1,11,3540.798860
2ac0eac9c4fbb32c5270547757d233b5030f8fed,"Intel(R) Core(TM) i5-8365U CPU @ 1.60GHz; linux/amd64","2.2.10","-d:release --mm:arc",WM,32,1000000,range,access,1,12,3301.852730
2ac0eac9c4fbb32c5270547757d233b5030f8fed,"Intel(R) Core(TM) i5-8365U CPU @ 1.60GHz; linux/amd64","2.2.10","-d:release --mm:arc",WM,32,1000000,range,access,1,13,3360.312700
2ac0eac9c4fbb32c5270547757d233b5030f8fed,"Intel(R) Core(TM) i5-8365U CPU @ 1.60GHz; linux/amd64","2.2.10","-d:release --mm:arc",WM,32,1000000,range,access,1,14,3452.489380
2ac0eac9c4fbb32c5270547757d233b5030f8fed,"Intel(R) Core(TM) i5-8365U CPU @ 1.60GHz; linux/amd64","2.2.10","-d:release --mm:arc",WM,32,1000000,range,access,1,15,3482.574910
2ac0eac9c4fbb32c5270547757d233b5030f8fed,"Intel(R) Core(TM) i5-8365U CPU @ 1.60GHz; linux/amd64","2.2.10","-d:release --mm:arc",WM,32,1000000,range,access,1,16,3339.438640
2ac0eac9c4fbb32c5270547757d233b5030f8fed,"Intel(R) Core(TM) i5-8365U CPU @ 1.60GHz; linux/amd64","2.2.10","-d:release --mm:arc",WM,32,1000000,range,access,1,17,3222.004670
2ac0eac9c4fbb32c5270547757d233b5030f8fed,"Intel(R) Core(TM) i5-8365U CPU @ 1.60GHz; linux/amd64","2.2.10","-d:release --mm:arc",WM,32,1000000,range,access,1,18,3382.227810
2ac0eac9c4fbb32c5270547757d233b5030f8fed,"Intel(R) Core(TM) i5-8365U CPU @ 1.60GHz; linux/amd64","2.2.10","-d:release --mm:arc",WM,32,1000000,range,access,1,19,3272.551240
2ac0eac9c4fbb32c5270547757d233b5030f8fed,"Intel(R) Core(TM) i5-8365U CPU @ 1.60GHz; linux/amd64","2.2.10","-d:release --mm:arc",WM,32,1000000,range,access,1,20,3277.534500
2ac0eac9c4fbb32c5270547757d233b5030f8fed,"Intel(R) Core(TM) i5-8365U CPU @ 1.60GHz; linux/amd64","2.2.10","-d:release --mm:arc",WM,32,1000000,range,access,1,21,3608.724350
2ac0eac9c4fbb32c5270547757d233b5030f8fed,"Intel(R) Core(TM) i5-8365U CPU @ 1.60GHz; linux/amd64","2.2.10","-d:release --mm:arc",WM,32,1000000,range,range_unchecked,1,1,104.257340
2ac0eac9c4fbb32c5270547757d233b5030f8fed,"Intel(R) Core(TM) i5-8365U CPU @ 1.60GHz; linux/amd64","2.2.10","-d:release --mm:arc",WM,32,1000000,range,range_unchecked,1,2,78.972020
2ac0eac9c4fbb32c5270547757d233b5030f8fed,"Intel(R) Core(TM) i5-8365U CPU @ 1.60GHz; linux/amd64","2.2.10","-d:release --mm:arc",WM,32,1000000,range,range_unchecked,1,3,85.629100
2ac0eac9c4fbb32c5270547757d233b5030f8fed,"Intel(R) Core(TM) i5-8365U CPU @ 1.60GHz; linux/amd64","2.2.10","-d:release --mm:arc",WM,32,1000000,range,range_unchecked,1,4,74.728960
2ac0eac9c4fbb32c5270547757d233b5030f8fed,"Intel(R) Core(TM) i5-8365U CPU @ 1.60GHz; linux/amd64","2.2.10","-d:release --mm:arc",WM,32,1000000,range,range_unchecked,1,5,95.964230
2ac0eac9c4fbb32c5270547757d233b5030f8fed,"Intel(R) Core(TM) i5-8365U CPU @ 1.60GHz; linux/amd64","2.2.10","-d:release --mm:arc",WM,32,1000000,range,range_unchecked,1,6,75.700980
2ac0eac9c4fbb32c5270547757d233b5030f8fed,"Intel(R) Core(TM) i5-8365U CPU @ 1.60GHz; linux/amd64","2.2.10","-d:release --mm:arc",WM,32,1000000,range,range_unchecked,1,7,92.287190
2ac0eac9c4fbb32c5270547757d233b5030f8fed,"Intel(R) Core(TM) i5-8365U CPU @ 1.60GHz; linux/amd64","2.2.10","-d:release --mm:arc",WM,32,1000000,range,range_unchecked,1,8,74.240950
2ac0eac9c4fbb32c5270547757d233b5030f8fed,"Intel(R) Core(TM) i5-8365U CPU @ 1.60GHz; linux/amd64","2.2.10","-d:release --mm:arc",WM,32,1000000,range,range_unchecked,1,9,99.118270
2ac0eac9c4fbb32c5270547757d233b5030f8fed,"Intel(R) Core(TM) i5-8365U CPU @ 1.60GHz; linux/amd64","2.2.10","-d:release --mm:arc",WM,32,1000000,range,range_unchecked,1,10,82.219060
2ac0eac9c4fbb32c5270547757d233b5030f8fed,"Intel(R) Core(TM) i5-8365U CPU @ 1.60GHz; linux/amd64","2.2.10","-d:release --mm:arc",WM,32,1000000,range,range_unchecked,1,11,74.958960
2ac0eac9c4fbb32c5270547757d233b5030f8fed,"Intel(R) Core(TM) i5-8365U CPU @ 1.60GHz; linux/amd64","2.2.10","-d:release --mm:arc",WM,32,1000000,range,range_unchecked,1,12,77.685000
2ac0eac9c4fbb32c5270547757d233b5030f8fed,"Intel(R) Core(TM) i5-8365U CPU @ 1.60GHz; linux/amd64","2.2.10","-d:release --mm:arc",WM,32,1000000,range,range_unchecked,1,13,76.489990
2ac0eac9c4fbb32c5270547757d233b5030f8fed,"Intel(R) Core(TM) i5-8365U CPU @ 1.60GHz; linux/amd64","2.2.10","-d:release --mm:arc",WM,32,1000000,range,range_unchecked,1,14,100.992300
2ac0eac9c4fbb32c5270547757d233b5030f8fed,"Intel(R) Core(TM) i5-8365U CPU @ 1.60GHz; linux/amd64","2.2.10","-d:release --mm:arc",WM,32,1000000,range,range_unchecked,1,15,90.633160
2ac0eac9c4fbb32c5270547757d233b5030f8fed,"Intel(R) Core(TM) i5-8365U CPU @ 1.60GHz; linux/amd64","2.2.10","-d:release --mm:arc",WM,32,1000000,range,range_unchecked,1,16,77.453000
2ac0eac9c4fbb32c5270547757d233b5030f8fed,"Intel(R) Core(TM) i5-8365U CPU @ 1.60GHz; linux/amd64","2.2.10","-d:release --mm:arc",WM,32,1000000,range,range_unchecked,1,17,96.357240
2ac0eac9c4fbb32c5270547757d233b5030f8fed,"Intel(R) Core(TM) i5-8365U CPU @ 1.60GHz; linux/amd64","2.2.10","-d:release --mm:arc",WM,32,1000000,range,range_unchecked,1,18,76.066980
2ac0eac9c4fbb32c5270547757d233b5030f8fed,"Intel(R) Core(TM) i5-8365U CPU @ 1.60GHz; linux/amd64","2.2.10","-d:release --mm:arc",WM,32,1000000,range,range_unchecked,1,19,87.864130
2ac0eac9c4fbb32c5270547757d233b5030f8fed,"Intel(R) Core(TM) i5-8365U CPU @ 1.60GHz; linux/amd64","2.2.10","-d:release --mm:arc",WM,32,1000000,range,range_unchecked,1,20,75.107970
2ac0eac9c4fbb32c5270547757d233b5030f8fed,"Intel(R) Core(TM) i5-8365U CPU @ 1.60GHz; linux/amd64","2.2.10","-d:release --mm:arc",WM,32,1000000,range,range_unchecked,1,21,95.862230
2ac0eac9c4fbb32c5270547757d233b5030f8fed,"Intel(R) Core(TM) i5-8365U CPU @ 1.60GHz; linux/amd64","2.2.10","-d:release --mm:arc",WM,32,1000000,range,access,10,1,4289.484190
2ac0eac9c4fbb32c5270547757d233b5030f8fed,"Intel(R) Core(TM) i5-8365U CPU @ 1.60GHz; linux/amd64","2.2.10","-d:release --mm:arc",WM,32,1000000,range,access,10,2,4048.979090
2ac0eac9c4fbb32c5270547757d233b5030f8fed,"Intel(R) Core(TM) i5-8365U CPU @ 1.60GHz; linux/amd64","2.2.10","-d:release --mm:arc",WM,32,1000000,range,access,10,3,3484.020820
2ac0eac9c4fbb32c5270547757d233b5030f8fed,"Intel(R) Core(TM) i5-8365U CPU @ 1.60GHz; linux/amd64","2.2.10","-d:release --mm:arc",WM,32,1000000,range,access,10,4,3639.224820
2ac0eac9c4fbb32c5270547757d233b5030f8fed,"Intel(R) Core(TM) i5-8365U CPU @ 1.60GHz; linux/amd64","2.2.10","-d:release --mm:arc",WM,32,1000000,range,access,10,5,3511.466180
2ac0eac9c4fbb32c5270547757d233b5030f8fed,"Intel(R) Core(TM) i5-8365U CPU @ 1.60GHz; linux/amd64","2.2.10","-d:release --mm:arc",WM,32,1000000,range,access,10,6,3444.679310
2ac0eac9c4fbb32c5270547757d233b5030f8fed,"Intel(R) Core(TM) i5-8365U CPU @ 1.60GHz; linux/amd64","2.2.10","-d:release --mm:arc",WM,32,1000000,range,access,10,7,3364.226290
2ac0eac9c4fbb32c5270547757d233b5030f8fed,"Intel(R) Core(TM) i5-8365U CPU @ 1.60GHz; linux/amd64","2.2.10","-d:release --mm:arc",WM,32,1000000,range,access,10,8,3262.520970
2ac0eac9c4fbb32c5270547757d233b5030f8fed,"Intel(R) Core(TM) i5-8365U CPU @ 1.60GHz; linux/amd64","2.2.10","-d:release --mm:arc",WM,32,1000000,range,access,10,9,3272.399100
2ac0eac9c4fbb32c5270547757d233b5030f8fed,"Intel(R) Core(TM) i5-8365U CPU @ 1.60GHz; linux/amd64","2.2.10","-d:release --mm:arc",WM,32,1000000,range,access,10,10,2326.806930
2ac0eac9c4fbb32c5270547757d233b5030f8fed,"Intel(R) Core(TM) i5-8365U CPU @ 1.60GHz; linux/amd64","2.2.10","-d:release --mm:arc",WM,32,1000000,range,access,10,11,2928.436680
2ac0eac9c4fbb32c5270547757d233b5030f8fed,"Intel(R) Core(TM) i5-8365U CPU @ 1.60GHz; linux/amd64","2.2.10","-d:release --mm:arc",WM,32,1000000,range,access,10,12,3142.796430
2ac0eac9c4fbb32c5270547757d233b5030f8fed,"Intel(R) Core(TM) i5-8365U CPU @ 1.60GHz; linux/amd64","2.2.10","-d:release --mm:arc",WM,32,1000000,range,access,10,13,3328.980830
2ac0eac9c4fbb32c5270547757d233b5030f8fed,"Intel(R) Core(TM) i5-8365U CPU @ 1.60GHz; linux/amd64","2.2.10","-d:release --mm:arc",WM,32,1000000,range,access,10,14,3052.697270
2ac0eac9c4fbb32c5270547757d233b5030f8fed,"Intel(R) Core(TM) i5-8365U CPU @ 1.60GHz; linux/amd64","2.2.10","-d:release --mm:arc",WM,32,1000000,range,access,10,15,3411.939900
2ac0eac9c4fbb32c5270547757d233b5030f8fed,"Intel(R) Core(TM) i5-8365U CPU @ 1.60GHz; linux/amd64","2.2.10","-d:release --mm:arc",WM,32,1000000,range,access,10,16,2415.291070
2ac0eac9c4fbb32c5270547757d233b5030f8fed,"Intel(R) Core(TM) i5-8365U CPU @ 1.60GHz; linux/amd64","2.2.10","-d:release --mm:arc",WM,32,1000000,range,access,10,17,4250.053060
2ac0eac9c4fbb32c5270547757d233b5030f8fed,"Intel(R) Core(TM) i5-8365U CPU @ 1.60GHz; linux/amd64","2.2.10","-d:release --mm:arc",WM,32,1000000,range,access,10,18,3718.234530
2ac0eac9c4fbb32c5270547757d233b5030f8fed,"Intel(R) Core(TM) i5-8365U CPU @ 1.60GHz; linux/amd64","2.2.10","-d:release --mm:arc",WM,32,1000000,range,access,10,19,3314.068390
2ac0eac9c4fbb32c5270547757d233b5030f8fed,"Intel(R) Core(TM) i5-8365U CPU @ 1.60GHz; linux/amd64","2.2.10","-d:release --mm:arc",WM,32,1000000,range,access,10,20,3508.090540
2ac0eac9c4fbb32c5270547757d233b5030f8fed,"Intel(R) Core(TM) i5-8365U CPU @ 1.60GHz; linux/amd64","2.2.10","-d:release --mm:arc",WM,32,1000000,range,access,10,21,3301.684740
2ac0eac9c4fbb32c5270547757d233b5030f8fed,"Intel(R) Core(TM) i5-8365U CPU @ 1.60GHz; linux/amd64","2.2.10","-d:release --mm:arc",WM,32,1000000,range,range_unchecked,10,1,76.502000
2ac0eac9c4fbb32c5270547757d233b5030f8fed,"Intel(R) Core(TM) i5-8365U CPU @ 1.60GHz; linux/amd64","2.2.10","-d:release --mm:arc",WM,32,1000000,range,range_unchecked,10,2,71.805760
2ac0eac9c4fbb32c5270547757d233b5030f8fed,"Intel(R) Core(TM) i5-8365U CPU @ 1.60GHz; linux/amd64","2.2.10","-d:release --mm:arc",WM,32,1000000,range,range_unchecked,10,3,91.593790
2ac0eac9c4fbb32c5270547757d233b5030f8fed,"Intel(R) Core(TM) i5-8365U CPU @ 1.60GHz; linux/amd64","2.2.10","-d:release --mm:arc",WM,32,1000000,range,range_unchecked,10,4,80.047190
2ac0eac9c4fbb32c5270547757d233b5030f8fed,"Intel(R) Core(TM) i5-8365U CPU @ 1.60GHz; linux/amd64","2.2.10","-d:release --mm:arc",WM,32,1000000,range,range_unchecked,10,5,84.076400
2ac0eac9c4fbb32c5270547757d233b5030f8fed,"Intel(R) Core(TM) i5-8365U CPU @ 1.60GHz; linux/amd64","2.2.10","-d:release --mm:arc",WM,32,1000000,range,range_unchecked,10,6,71.989770
2ac0eac9c4fbb32c5270547757d233b5030f8fed,"Intel(R) Core(TM) i5-8365U CPU @ 1.60GHz; linux/amd64","2.2.10","-d:release --mm:arc",WM,32,1000000,range,range_unchecked,10,7,91.617790
2ac0eac9c4fbb32c5270547757d233b5030f8fed,"Intel(R) Core(TM) i5-8365U CPU @ 1.60GHz; linux/amd64","2.2.10","-d:release --mm:arc",WM,32,1000000,range,range_unchecked,10,8,73.368840
2ac0eac9c4fbb32c5270547757d233b5030f8fed,"Intel(R) Core(TM) i5-8365U CPU @ 1.60GHz; linux/amd64","2.2.10","-d:release --mm:arc",WM,32,1000000,range,range_unchecked,10,9,78.250090
2ac0eac9c4fbb32c5270547757d233b5030f8fed,"Intel(R) Core(TM) i5-8365U CPU @ 1.60GHz; linux/amd64","2.2.10","-d:release --mm:arc",WM,32,1000000,range,range_unchecked,10,10,71.463740
2ac0eac9c4fbb32c5270547757d233b5030f8fed,"Intel(R) Core(TM) i5-8365U CPU @ 1.60GHz; linux/amd64","2.2.10","-d:release --mm:arc",WM,32,1000000,range,range_unchecked,10,11,74.709910
2ac0eac9c4fbb32c5270547757d233b5030f8fed,"Intel(R) Core(TM) i5-8365U CPU @ 1.60GHz; linux/amd64","2.2.10","-d:release --mm:arc",WM,32,1000000,range,range_unchecked,10,12,85.754490
2ac0eac9c4fbb32c5270547757d233b5030f8fed,"Intel(R) Core(TM) i5-8365U CPU @ 1.60GHz; linux/amd64","2.2.10","-d:release --mm:arc",WM,32,1000000,range,range_unchecked,10,13,77.160040
2ac0eac9c4fbb32c5270547757d233b5030f8fed,"Intel(R) Core(TM) i5-8365U CPU @ 1.60GHz; linux/amd64","2.2.10","-d:release --mm:arc",WM,32,1000000,range,range_unchecked,10,14,72.417790
2ac0eac9c4fbb32c5270547757d233b5030f8fed,"Intel(R) Core(TM) i5-8365U CPU @ 1.60GHz; linux/amd64","2.2.10","-d:release --mm:arc",WM,32,1000000,range,range_unchecked,10,15,72.751800
2ac0eac9c4fbb32c5270547757d233b5030f8fed,"Intel(R) Core(TM) i5-8365U CPU @ 1.60GHz; linux/amd64","2.2.10","-d:release --mm:arc",WM,32,1000000,range,range_unchecked,10,16,91.642800
2ac0eac9c4fbb32c5270547757d233b5030f8fed,"Intel(R) Core(TM) i5-8365U CPU @ 1.60GHz; linux/amd64","2.2.10","-d:release --mm:arc",WM,32,1000000,range,range_unchecked,10,17,78.099080
2ac0eac9c4fbb32c5270547757d233b5030f8fed,"Intel(R) Core(TM) i5-8365U CPU @ 1.60GHz; linux/amd64","2.2.10","-d:release --mm:arc",WM,32,1000000,range,range_unchecked,10,18,76.754020
2ac0eac9c4fbb32c5270547757d233b5030f8fed,"Intel(R) Core(TM) i5-8365U CPU @ 1.60GHz; linux/amd64","2.2.10","-d:release --mm:arc",WM,32,1000000,range,range_unchecked,10,19,71.900760
2ac0eac9c4fbb32c5270547757d233b5030f8fed,"Intel(R) Core(TM) i5-8365U CPU @ 1.60GHz; linux/amd64","2.2.10","-d:release --mm:arc",WM,32,1000000,range,range_unchecked,10,20,83.335360
2ac0eac9c4fbb32c5270547757d233b5030f8fed,"Intel(R) Core(TM) i5-8365U CPU @ 1.60GHz; linux/amd64","2.2.10","-d:release --mm:arc",WM,32,1000000,range,range_unchecked,10,21,73.687860
2ac0eac9c4fbb32c5270547757d233b5030f8fed,"Intel(R) Core(TM) i5-8365U CPU @ 1.60GHz; linux/amd64","2.2.10","-d:release --mm:arc",WM,32,1000000,range,access,25,1,3302.422730
2ac0eac9c4fbb32c5270547757d233b5030f8fed,"Intel(R) Core(TM) i5-8365U CPU @ 1.60GHz; linux/amd64","2.2.10","-d:release --mm:arc",WM,32,1000000,range,access,25,2,3382.243660
2ac0eac9c4fbb32c5270547757d233b5030f8fed,"Intel(R) Core(TM) i5-8365U CPU @ 1.60GHz; linux/amd64","2.2.10","-d:release --mm:arc",WM,32,1000000,range,access,25,3,3482.768860
2ac0eac9c4fbb32c5270547757d233b5030f8fed,"Intel(R) Core(TM) i5-8365U CPU @ 1.60GHz; linux/amd64","2.2.10","-d:release --mm:arc",WM,32,1000000,range,access,25,4,3376.099270
2ac0eac9c4fbb32c5270547757d233b5030f8fed,"Intel(R) Core(TM) i5-8365U CPU @ 1.60GHz; linux/amd64","2.2.10","-d:release --mm:arc",WM,32,1000000,range,access,25,5,3347.610520
2ac0eac9c4fbb32c5270547757d233b5030f8fed,"Intel(R) Core(TM) i5-8365U CPU @ 1.60GHz; linux/amd64","2.2.10","-d:release --mm:arc",WM,32,1000000,range,access,25,6,4269.239380
2ac0eac9c4fbb32c5270547757d233b5030f8fed,"Intel(R) Core(TM) i5-8365U CPU @ 1.60GHz; linux/amd64","2.2.10","-d:release --mm:arc",WM,32,1000000,range,access,25,7,3697.123080
2ac0eac9c4fbb32c5270547757d233b5030f8fed,"Intel(R) Core(TM) i5-8365U CPU @ 1.60GHz; linux/amd64","2.2.10","-d:release --mm:arc",WM,32,1000000,range,access,25,8,3234.097520
2ac0eac9c4fbb32c5270547757d233b5030f8fed,"Intel(R) Core(TM) i5-8365U CPU @ 1.60GHz; linux/amd64","2.2.10","-d:release --mm:arc",WM,32,1000000,range,access,25,9,3075.668740
2ac0eac9c4fbb32c5270547757d233b5030f8fed,"Intel(R) Core(TM) i5-8365U CPU @ 1.60GHz; linux/amd64","2.2.10","-d:release --mm:arc",WM,32,1000000,range,access,25,10,3480.197700
2ac0eac9c4fbb32c5270547757d233b5030f8fed,"Intel(R) Core(TM) i5-8365U CPU @ 1.60GHz; linux/amd64","2.2.10","-d:release --mm:arc",WM,32,1000000,range,access,25,11,3156.796750
2ac0eac9c4fbb32c5270547757d233b5030f8fed,"Intel(R) Core(TM) i5-8365U CPU @ 1.60GHz; linux/amd64","2.2.10","-d:release --mm:arc",WM,32,1000000,range,access,25,12,3383.924760
2ac0eac9c4fbb32c5270547757d233b5030f8fed,"Intel(R) Core(TM) i5-8365U CPU @ 1.60GHz; linux/amd64","2.2.10","-d:release --mm:arc",WM,32,1000000,range,access,25,13,3168.682480
2ac0eac9c4fbb32c5270547757d233b5030f8fed,"Intel(R) Core(TM) i5-8365U CPU @ 1.60GHz; linux/amd64","2.2.10","-d:release --mm:arc",WM,32,1000000,range,access,25,14,3100.282260
2ac0eac9c4fbb32c5270547757d233b5030f8fed,"Intel(R) Core(TM) i5-8365U CPU @ 1.60GHz; linux/amd64","2.2.10","-d:release --mm:arc",WM,32,1000000,range,access,25,15,3258.120000
2ac0eac9c4fbb32c5270547757d233b5030f8fed,"Intel(R) Core(TM) i5-8365U CPU @ 1.60GHz; linux/amd64","2.2.10","-d:release --mm:arc",WM,32,1000000,range,access,25,16,3176.419960
2ac0eac9c4fbb32c5270547757d233b5030f8fed,"Intel(R) Core(TM) i5-8365U CPU @ 1.60GHz; linux/amd64","2.2.10","-d:release --mm:arc",WM,32,1000000,range,access,25,17,3237.730740
2ac0eac9c4fbb32c5270547757d233b5030f8fed,"Intel(R) Core(TM) i5-8365U CPU @ 1.60GHz; linux/amd64","2.2.10","-d:release --mm:arc",WM,32,1000000,range,access,25,18,3246.070250
2ac0eac9c4fbb32c5270547757d233b5030f8fed,"Intel(R) Core(TM) i5-8365U CPU @ 1.60GHz; linux/amd64","2.2.10","-d:release --mm:arc",WM,32,1000000,range,access,25,19,3110.490890
2ac0eac9c4fbb32c5270547757d233b5030f8fed,"Intel(R) Core(TM) i5-8365U CPU @ 1.60GHz; linux/amd64","2.2.10","-d:release --mm:arc",WM,32,1000000,range,access,25,20,3186.505590
2ac0eac9c4fbb32c5270547757d233b5030f8fed,"Intel(R) Core(TM) i5-8365U CPU @ 1.60GHz; linux/amd64","2.2.10","-d:release --mm:arc",WM,32,1000000,range,access,25,21,3116.472260
2ac0eac9c4fbb32c5270547757d233b5030f8fed,"Intel(R) Core(TM) i5-8365U CPU @ 1.60GHz; linux/amd64","2.2.10","-d:release --mm:arc",WM,32,1000000,range,range_unchecked,25,1,51.582180
2ac0eac9c4fbb32c5270547757d233b5030f8fed,"Intel(R) Core(TM) i5-8365U CPU @ 1.60GHz; linux/amd64","2.2.10","-d:release --mm:arc",WM,32,1000000,range,range_unchecked,25,2,46.333860
2ac0eac9c4fbb32c5270547757d233b5030f8fed,"Intel(R) Core(TM) i5-8365U CPU @ 1.60GHz; linux/amd64","2.2.10","-d:release --mm:arc",WM,32,1000000,range,range_unchecked,25,3,53.551300
2ac0eac9c4fbb32c5270547757d233b5030f8fed,"Intel(R) Core(TM) i5-8365U CPU @ 1.60GHz; linux/amd64","2.2.10","-d:release --mm:arc",WM,32,1000000,range,range_unchecked,25,4,41.203540
2ac0eac9c4fbb32c5270547757d233b5030f8fed,"Intel(R) Core(TM) i5-8365U CPU @ 1.60GHz; linux/amd64","2.2.10","-d:release --mm:arc",WM,32,1000000,range,range_unchecked,25,5,44.454750
2ac0eac9c4fbb32c5270547757d233b5030f8fed,"Intel(R) Core(TM) i5-8365U CPU @ 1.60GHz; linux/amd64","2.2.10","-d:release --mm:arc",WM,32,1000000,range,range_unchecked,25,6,41.725570
2ac0eac9c4fbb32c5270547757d233b5030f8fed,"Intel(R) Core(TM) i5-8365U CPU @ 1.60GHz; linux/amd64","2.2.10","-d:release --mm:arc",WM,32,1000000,range,range_unchecked,25,7,42.104600
2ac0eac9c4fbb32c5270547757d233b5030f8fed,"Intel(R) Core(TM) i5-8365U CPU @ 1.60GHz; linux/amd64","2.2.10","-d:release --mm:arc",WM,32,1000000,range,range_unchecked,25,8,45.929830
2ac0eac9c4fbb32c5270547757d233b5030f8fed,"Intel(R) Core(TM) i5-8365U CPU @ 1.60GHz; linux/amd64","2.2.10","-d:release --mm:arc",WM,32,1000000,range,range_unchecked,25,9,48.279980
2ac0eac9c4fbb32c5270547757d233b5030f8fed,"Intel(R) Core(TM) i5-8365U CPU @ 1.60GHz; linux/amd64","2.2.10","-d:release --mm:arc",WM,32,1000000,range,range_unchecked,25,10,43.186670
2ac0eac9c4fbb32c5270547757d233b5030f8fed,"Intel(R) Core(TM) i5-8365U CPU @ 1.60GHz; linux/amd64","2.2.10","-d:release --mm:arc",WM,32,1000000,range,range_unchecked,25,11,44.289730
2ac0eac9c4fbb32c5270547757d233b5030f8fed,"Intel(R) Core(TM) i5-8365U CPU @ 1.60GHz; linux/amd64","2.2.10","-d:release --mm:arc",WM,32,1000000,range,range_unchecked,25,12,46.046840
2ac0eac9c4fbb32c5270547757d233b5030f8fed,"Intel(R) Core(TM) i5-8365U CPU @ 1.60GHz; linux/amd64","2.2.10","-d:release --mm:arc",WM,32,1000000,range,range_unchecked,25,13,49.279040
2ac0eac9c4fbb32c5270547757d233b5030f8fed,"Intel(R) Core(TM) i5-8365U CPU @ 1.60GHz; linux/amd64","2.2.10","-d:release --mm:arc",WM,32,1000000,range,range_unchecked,25,14,43.792700
2ac0eac9c4fbb32c5270547757d233b5030f8fed,"Intel(R) Core(TM) i5-8365U CPU @ 1.60GHz; linux/amd64","2.2.10","-d:release --mm:arc",WM,32,1000000,range,range_unchecked,25,15,50.082090
2ac0eac9c4fbb32c5270547757d233b5030f8fed,"Intel(R) Core(TM) i5-8365U CPU @ 1.60GHz; linux/amd64","2.2.10","-d:release --mm:arc",WM,32,1000000,range,range_unchecked,25,16,53.951330
2ac0eac9c4fbb32c5270547757d233b5030f8fed,"Intel(R) Core(TM) i5-8365U CPU @ 1.60GHz; linux/amd64","2.2.10","-d:release --mm:arc",WM,32,1000000,range,range_unchecked,25,17,45.651820
2ac0eac9c4fbb32c5270547757d233b5030f8fed,"Intel(R) Core(TM) i5-8365U CPU @ 1.60GHz; linux/amd64","2.2.10","-d:release --mm:arc",WM,32,1000000,range,range_unchecked,25,18,47.871950
2ac0eac9c4fbb32c5270547757d233b5030f8fed,"Intel(R) Core(TM) i5-8365U CPU @ 1.60GHz; linux/amd64","2.2.10","-d:release --mm:arc",WM,32,1000000,range,range_unchecked,25,19,55.481420
2ac0eac9c4fbb32c5270547757d233b5030f8fed,"Intel(R) Core(TM) i5-8365U CPU @ 1.60GHz; linux/amd64","2.2.10","-d:release --mm:arc",WM,32,1000000,range,range_unchecked,25,20,52.163210
2ac0eac9c4fbb32c5270547757d233b5030f8fed,"Intel(R) Core(TM) i5-8365U CPU @ 1.60GHz; linux/amd64","2.2.10","-d:release --mm:arc",WM,32,1000000,range,range_unchecked,25,21,45.450810
2ac0eac9c4fbb32c5270547757d233b5030f8fed,"Intel(R) Core(TM) i5-8365U CPU @ 1.60GHz; linux/amd64","2.2.10","-d:release --mm:arc",WM,32,1000000,range,access,40,1,3189.974800
2ac0eac9c4fbb32c5270547757d233b5030f8fed,"Intel(R) Core(TM) i5-8365U CPU @ 1.60GHz; linux/amd64","2.2.10","-d:release --mm:arc",WM,32,1000000,range,access,40,2,3187.780250
2ac0eac9c4fbb32c5270547757d233b5030f8fed,"Intel(R) Core(TM) i5-8365U CPU @ 1.60GHz; linux/amd64","2.2.10","-d:release --mm:arc",WM,32,1000000,range,access,40,3,3541.235210
2ac0eac9c4fbb32c5270547757d233b5030f8fed,"Intel(R) Core(TM) i5-8365U CPU @ 1.60GHz; linux/amd64","2.2.10","-d:release --mm:arc",WM,32,1000000,range,access,40,4,3242.349710
2ac0eac9c4fbb32c5270547757d233b5030f8fed,"Intel(R) Core(TM) i5-8365U CPU @ 1.60GHz; linux/amd64","2.2.10","-d:release --mm:arc",WM,32,1000000,range,access,40,5,3090.074280
2ac0eac9c4fbb32c5270547757d233b5030f8fed,"Intel(R) Core(TM) i5-8365U CPU @ 1.60GHz; linux/amd64","2.2.10","-d:release --mm:arc",WM,32,1000000,range,access,40,6,3073.633270
2ac0eac9c4fbb32c5270547757d233b5030f8fed,"Intel(R) Core(TM) i5-8365U CPU @ 1.60GHz; linux/amd64","2.2.10","-d:release --mm:arc",WM,32,1000000,range,access,40,7,3071.521130
2ac0eac9c4fbb32c5270547757d233b5030f8fed,"Intel(R) Core(TM) i5-8365U CPU @ 1.60GHz; linux/amd64","2.2.10","-d:release --mm:arc",WM,32,1000000,range,access,40,8,3039.085130
2ac0eac9c4fbb32c5270547757d233b5030f8fed,"Intel(R) Core(TM) i5-8365U CPU @ 1.60GHz; linux/amd64","2.2.10","-d:release --mm:arc",WM,32,1000000,range,access,40,9,3246.515960
2ac0eac9c4fbb32c5270547757d233b5030f8fed,"Intel(R) Core(TM) i5-8365U CPU @ 1.60GHz; linux/amd64","2.2.10","-d:release --mm:arc",WM,32,1000000,range,access,40,10,3011.405420
2ac0eac9c4fbb32c5270547757d233b5030f8fed,"Intel(R) Core(TM) i5-8365U CPU @ 1.60GHz; linux/amd64","2.2.10","-d:release --mm:arc",WM,32,1000000,range,access,40,11,3702.527190
2ac0eac9c4fbb32c5270547757d233b5030f8fed,"Intel(R) Core(TM) i5-8365U CPU @ 1.60GHz; linux/amd64","2.2.10","-d:release --mm:arc",WM,32,1000000,range,access,40,12,3464.950490
2ac0eac9c4fbb32c5270547757d233b5030f8fed,"Intel(R) Core(TM) i5-8365U CPU @ 1.60GHz; linux/amd64","2.2.10","-d:release --mm:arc",WM,32,1000000,range,access,40,13,3125.903500
2ac0eac9c4fbb32c5270547757d233b5030f8fed,"Intel(R) Core(TM) i5-8365U CPU @ 1.60GHz; linux/amd64","2.2.10","-d:release --mm:arc",WM,32,1000000,range,access,40,14,3232.024070
2ac0eac9c4fbb32c5270547757d233b5030f8fed,"Intel(R) Core(TM) i5-8365U CPU @ 1.60GHz; linux/amd64","2.2.10","-d:release --mm:arc",WM,32,1000000,range,access,40,15,3410.460110
2ac0eac9c4fbb32c5270547757d233b5030f8fed,"Intel(R) Core(TM) i5-8365U CPU @ 1.60GHz; linux/amd64","2.2.10","-d:release --mm:arc",WM,32,1000000,range,access,40,16,2902.124650
2ac0eac9c4fbb32c5270547757d233b5030f8fed,"Intel(R) Core(TM) i5-8365U CPU @ 1.60GHz; linux/amd64","2.2.10","-d:release --mm:arc",WM,32,1000000,range,access,40,17,3009.626300
2ac0eac9c4fbb32c5270547757d233b5030f8fed,"Intel(R) Core(TM) i5-8365U CPU @ 1.60GHz; linux/amd64","2.2.10","-d:release --mm:arc",WM,32,1000000,range,access,40,18,3091.059350
2ac0eac9c4fbb32c5270547757d233b5030f8fed,"Intel(R) Core(TM) i5-8365U CPU @ 1.60GHz; linux/amd64","2.2.10","-d:release --mm:arc",WM,32,1000000,range,access,40,19,2941.479080
2ac0eac9c4fbb32c5270547757d233b5030f8fed,"Intel(R) Core(TM) i5-8365U CPU @ 1.60GHz; linux/amd64","2.2.10","-d:release --mm:arc",WM,32,1000000,range,access,40,20,3107.676370
2ac0eac9c4fbb32c5270547757d233b5030f8fed,"Intel(R) Core(TM) i5-8365U CPU @ 1.60GHz; linux/amd64","2.2.10","-d:release --mm:arc",WM,32,1000000,range,access,40,21,2957.826100
2ac0eac9c4fbb32c5270547757d233b5030f8fed,"Intel(R) Core(TM) i5-8365U CPU @ 1.60GHz; linux/amd64","2.2.10","-d:release --mm:arc",WM,32,1000000,range,range_unchecked,40,1,73.640560
2ac0eac9c4fbb32c5270547757d233b5030f8fed,"Intel(R) Core(TM) i5-8365U CPU @ 1.60GHz; linux/amd64","2.2.10","-d:release --mm:arc",WM,32,1000000,range,range_unchecked,40,2,67.418180
2ac0eac9c4fbb32c5270547757d233b5030f8fed,"Intel(R) Core(TM) i5-8365U CPU @ 1.60GHz; linux/amd64","2.2.10","-d:release --mm:arc",WM,32,1000000,range,range_unchecked,40,3,68.475240
2ac0eac9c4fbb32c5270547757d233b5030f8fed,"Intel(R) Core(TM) i5-8365U CPU @ 1.60GHz; linux/amd64","2.2.10","-d:release --mm:arc",WM,32,1000000,range,range_unchecked,40,4,78.559860
2ac0eac9c4fbb32c5270547757d233b5030f8fed,"Intel(R) Core(TM) i5-8365U CPU @ 1.60GHz; linux/amd64","2.2.10","-d:release --mm:arc",WM,32,1000000,range,range_unchecked,40,5,70.605370
2ac0eac9c4fbb32c5270547757d233b5030f8fed,"Intel(R) Core(TM) i5-8365U CPU @ 1.60GHz; linux/amd64","2.2.10","-d:release --mm:arc",WM,32,1000000,range,range_unchecked,40,6,70.811380
2ac0eac9c4fbb32c5270547757d233b5030f8fed,"Intel(R) Core(TM) i5-8365U CPU @ 1.60GHz; linux/amd64","2.2.10","-d:release --mm:arc",WM,32,1000000,range,range_unchecked,40,7,67.409180
2ac0eac9c4fbb32c5270547757d233b5030f8fed,"Intel(R) Core(TM) i5-8365U CPU @ 1.60GHz; linux/amd64","2.2.10","-d:release --mm:arc",WM,32,1000000,range,range_unchecked,40,8,76.481730
2ac0eac9c4fbb32c5270547757d233b5030f8fed,"Intel(R) Core(TM) i5-8365U CPU @ 1.60GHz; linux/amd64","2.2.10","-d:release --mm:arc",WM,32,1000000,range,range_unchecked,40,9,70.425360
2ac0eac9c4fbb32c5270547757d233b5030f8fed,"Intel(R) Core(TM) i5-8365U CPU @ 1.60GHz; linux/amd64","2.2.10","-d:release --mm:arc",WM,32,1000000,range,range_unchecked,40,10,70.488360
2ac0eac9c4fbb32c5270547757d233b5030f8fed,"Intel(R) Core(TM) i5-8365U CPU @ 1.60GHz; linux/amd64","2.2.10","-d:release --mm:arc",WM,32,1000000,range,range_unchecked,40,11,75.959700
2ac0eac9c4fbb32c5270547757d233b5030f8fed,"Intel(R) Core(TM) i5-8365U CPU @ 1.60GHz; linux/amd64","2.2.10","-d:release --mm:arc",WM,32,1000000,range,range_unchecked,40,12,68.093210
2ac0eac9c4fbb32c5270547757d233b5030f8fed,"Intel(R) Core(TM) i5-8365U CPU @ 1.60GHz; linux/amd64","2.2.10","-d:release --mm:arc",WM,32,1000000,range,range_unchecked,40,13,95.981940
2ac0eac9c4fbb32c5270547757d233b5030f8fed,"Intel(R) Core(TM) i5-8365U CPU @ 1.60GHz; linux/amd64","2.2.10","-d:release --mm:arc",WM,32,1000000,range,range_unchecked,40,14,83.363170
2ac0eac9c4fbb32c5270547757d233b5030f8fed,"Intel(R) Core(TM) i5-8365U CPU @ 1.60GHz; linux/amd64","2.2.10","-d:release --mm:arc",WM,32,1000000,range,range_unchecked,40,15,81.899070
2ac0eac9c4fbb32c5270547757d233b5030f8fed,"Intel(R) Core(TM) i5-8365U CPU @ 1.60GHz; linux/amd64","2.2.10","-d:release --mm:arc",WM,32,1000000,range,range_unchecked,40,16,71.642430
2ac0eac9c4fbb32c5270547757d233b5030f8fed,"Intel(R) Core(TM) i5-8365U CPU @ 1.60GHz; linux/amd64","2.2.10","-d:release --mm:arc",WM,32,1000000,range,range_unchecked,40,17,83.765190
2ac0eac9c4fbb32c5270547757d233b5030f8fed,"Intel(R) Core(TM) i5-8365U CPU @ 1.60GHz; linux/amd64","2.2.10","-d:release --mm:arc",WM,32,1000000,range,range_unchecked,40,18,70.285350
2ac0eac9c4fbb32c5270547757d233b5030f8fed,"Intel(R) Core(TM) i5-8365U CPU @ 1.60GHz; linux/amd64","2.2.10","-d:release --mm:arc",WM,32,1000000,range,range_unchecked,40,19,72.666500
2ac0eac9c4fbb32c5270547757d233b5030f8fed,"Intel(R) Core(TM) i5-8365U CPU @ 1.60GHz; linux/amd64","2.2.10","-d:release --mm:arc",WM,32,1000000,range,range_unchecked,40,20,67.780190
2ac0eac9c4fbb32c5270547757d233b5030f8fed,"Intel(R) Core(TM) i5-8365U CPU @ 1.60GHz; linux/amd64","2.2.10","-d:release --mm:arc",WM,32,1000000,range,range_unchecked,40,21,69.184280
2ac0eac9c4fbb32c5270547757d233b5030f8fed,"Intel(R) Core(TM) i5-8365U CPU @ 1.60GHz; linux/amd64","2.2.10","-d:release --mm:arc",WM,32,1000000,range,access,50,1,3065.950790
2ac0eac9c4fbb32c5270547757d233b5030f8fed,"Intel(R) Core(TM) i5-8365U CPU @ 1.60GHz; linux/amd64","2.2.10","-d:release --mm:arc",WM,32,1000000,range,access,50,2,3195.382800
2ac0eac9c4fbb32c5270547757d233b5030f8fed,"Intel(R) Core(TM) i5-8365U CPU @ 1.60GHz; linux/amd64","2.2.10","-d:release --mm:arc",WM,32,1000000,range,access,50,3,3329.936130
2ac0eac9c4fbb32c5270547757d233b5030f8fed,"Intel(R) Core(TM) i5-8365U CPU @ 1.60GHz; linux/amd64","2.2.10","-d:release --mm:arc",WM,32,1000000,range,access,50,4,3046.789900
2ac0eac9c4fbb32c5270547757d233b5030f8fed,"Intel(R) Core(TM) i5-8365U CPU @ 1.60GHz; linux/amd64","2.2.10","-d:release --mm:arc",WM,32,1000000,range,access,50,5,3173.252700
2ac0eac9c4fbb32c5270547757d233b5030f8fed,"Intel(R) Core(TM) i5-8365U CPU @ 1.60GHz; linux/amd64","2.2.10","-d:release --mm:arc",WM,32,1000000,range,access,50,6,3169.298490
2ac0eac9c4fbb32c5270547757d233b5030f8fed,"Intel(R) Core(TM) i5-8365U CPU @ 1.60GHz; linux/amd64","2.2.10","-d:release --mm:arc",WM,32,1000000,range,access,50,7,3028.150850
2ac0eac9c4fbb32c5270547757d233b5030f8fed,"Intel(R) Core(TM) i5-8365U CPU @ 1.60GHz; linux/amd64","2.2.10","-d:release --mm:arc",WM,32,1000000,range,access,50,8,3151.447520
2ac0eac9c4fbb32c5270547757d233b5030f8fed,"Intel(R) Core(TM) i5-8365U CPU @ 1.60GHz; linux/amd64","2.2.10","-d:release --mm:arc",WM,32,1000000,range,access,50,9,3260.646430
2ac0eac9c4fbb32c5270547757d233b5030f8fed,"Intel(R) Core(TM) i5-8365U CPU @ 1.60GHz; linux/amd64","2.2.10","-d:release --mm:arc",WM,32,1000000,range,access,50,10,2969.369670
2ac0eac9c4fbb32c5270547757d233b5030f8fed,"Intel(R) Core(TM) i5-8365U CPU @ 1.60GHz; linux/amd64","2.2.10","-d:release --mm:arc",WM,32,1000000,range,access,50,11,2952.961780
2ac0eac9c4fbb32c5270547757d233b5030f8fed,"Intel(R) Core(TM) i5-8365U CPU @ 1.60GHz; linux/amd64","2.2.10","-d:release --mm:arc",WM,32,1000000,range,access,50,12,3086.208990
2ac0eac9c4fbb32c5270547757d233b5030f8fed,"Intel(R) Core(TM) i5-8365U CPU @ 1.60GHz; linux/amd64","2.2.10","-d:release --mm:arc",WM,32,1000000,range,access,50,13,3013.848080
2ac0eac9c4fbb32c5270547757d233b5030f8fed,"Intel(R) Core(TM) i5-8365U CPU @ 1.60GHz; linux/amd64","2.2.10","-d:release --mm:arc",WM,32,1000000,range,access,50,14,2895.870690
2ac0eac9c4fbb32c5270547757d233b5030f8fed,"Intel(R) Core(TM) i5-8365U CPU @ 1.60GHz; linux/amd64","2.2.10","-d:release --mm:arc",WM,32,1000000,range,access,50,15,3036.938330
2ac0eac9c4fbb32c5270547757d233b5030f8fed,"Intel(R) Core(TM) i5-8365U CPU @ 1.60GHz; linux/amd64","2.2.10","-d:release --mm:arc",WM,32,1000000,range,access,50,16,2916.019780
2ac0eac9c4fbb32c5270547757d233b5030f8fed,"Intel(R) Core(TM) i5-8365U CPU @ 1.60GHz; linux/amd64","2.2.10","-d:release --mm:arc",WM,32,1000000,range,access,50,17,4037.622470
2ac0eac9c4fbb32c5270547757d233b5030f8fed,"Intel(R) Core(TM) i5-8365U CPU @ 1.60GHz; linux/amd64","2.2.10","-d:release --mm:arc",WM,32,1000000,range,access,50,18,3060.340590
2ac0eac9c4fbb32c5270547757d233b5030f8fed,"Intel(R) Core(TM) i5-8365U CPU @ 1.60GHz; linux/amd64","2.2.10","-d:release --mm:arc",WM,32,1000000,range,access,50,19,3057.843460
2ac0eac9c4fbb32c5270547757d233b5030f8fed,"Intel(R) Core(TM) i5-8365U CPU @ 1.60GHz; linux/amd64","2.2.10","-d:release --mm:arc",WM,32,1000000,range,access,50,20,3075.823420
2ac0eac9c4fbb32c5270547757d233b5030f8fed,"Intel(R) Core(TM) i5-8365U CPU @ 1.60GHz; linux/amd64","2.2.10","-d:release --mm:arc",WM,32,1000000,range,access,50,21,3008.885800
2ac0eac9c4fbb32c5270547757d233b5030f8fed,"Intel(R) Core(TM) i5-8365U CPU @ 1.60GHz; linux/amd64","2.2.10","-d:release --mm:arc",WM,32,1000000,range,range_unchecked,50,1,21.278150
2ac0eac9c4fbb32c5270547757d233b5030f8fed,"Intel(R) Core(TM) i5-8365U CPU @ 1.60GHz; linux/amd64","2.2.10","-d:release --mm:arc",WM,32,1000000,range,range_unchecked,50,2,19.355050
2ac0eac9c4fbb32c5270547757d233b5030f8fed,"Intel(R) Core(TM) i5-8365U CPU @ 1.60GHz; linux/amd64","2.2.10","-d:release --mm:arc",WM,32,1000000,range,range_unchecked,50,3,20.123090
2ac0eac9c4fbb32c5270547757d233b5030f8fed,"Intel(R) Core(TM) i5-8365U CPU @ 1.60GHz; linux/amd64","2.2.10","-d:release --mm:arc",WM,32,1000000,range,range_unchecked,50,4,18.432000
2ac0eac9c4fbb32c5270547757d233b5030f8fed,"Intel(R) Core(TM) i5-8365U CPU @ 1.60GHz; linux/amd64","2.2.10","-d:release --mm:arc",WM,32,1000000,range,range_unchecked,50,5,21.789170
2ac0eac9c4fbb32c5270547757d233b5030f8fed,"Intel(R) Core(TM) i5-8365U CPU @ 1.60GHz; linux/amd64","2.2.10","-d:release --mm:arc",WM,32,1000000,range,range_unchecked,50,6,19.638070
2ac0eac9c4fbb32c5270547757d233b5030f8fed,"Intel(R) Core(TM) i5-8365U CPU @ 1.60GHz; linux/amd64","2.2.10","-d:release --mm:arc",WM,32,1000000,range,range_unchecked,50,7,18.819020
2ac0eac9c4fbb32c5270547757d233b5030f8fed,"Intel(R) Core(TM) i5-8365U CPU @ 1.60GHz; linux/amd64","2.2.10","-d:release --mm:arc",WM,32,1000000,range,range_unchecked,50,8,19.190030
2ac0eac9c4fbb32c5270547757d233b5030f8fed,"Intel(R) Core(TM) i5-8365U CPU @ 1.60GHz; linux/amd64","2.2.10","-d:release --mm:arc",WM,32,1000000,range,range_unchecked,50,9,20.510110
2ac0eac9c4fbb32c5270547757d233b5030f8fed,"Intel(R) Core(TM) i5-8365U CPU @ 1.60GHz; linux/amd64","2.2.10","-d:release --mm:arc",WM,32,1000000,range,range_unchecked,50,10,19.223040
2ac0eac9c4fbb32c5270547757d233b5030f8fed,"Intel(R) Core(TM) i5-8365U CPU @ 1.60GHz; linux/amd64","2.2.10","-d:release --mm:arc",WM,32,1000000,range,range_unchecked,50,11,18.639010
2ac0eac9c4fbb32c5270547757d233b5030f8fed,"Intel(R) Core(TM) i5-8365U CPU @ 1.60GHz; linux/amd64","2.2.10","-d:release --mm:arc",WM,32,1000000,range,range_unchecked,50,12,18.494000
2ac0eac9c4fbb32c5270547757d233b5030f8fed,"Intel(R) Core(TM) i5-8365U CPU @ 1.60GHz; linux/amd64","2.2.10","-d:release --mm:arc",WM,32,1000000,range,range_unchecked,50,13,19.208040
2ac0eac9c4fbb32c5270547757d233b5030f8fed,"Intel(R) Core(TM) i5-8365U CPU @ 1.60GHz; linux/amd64","2.2.10","-d:release --mm:arc",WM,32,1000000,range,range_unchecked,50,14,19.361050
2ac0eac9c4fbb32c5270547757d233b5030f8fed,"Intel(R) Core(TM) i5-8365U CPU @ 1.60GHz; linux/amd64","2.2.10","-d:release --mm:arc",WM,32,1000000,range,range_unchecked,50,15,20.344100
2ac0eac9c4fbb32c5270547757d233b5030f8fed,"Intel(R) Core(TM) i5-8365U CPU @ 1.60GHz; linux/amd64","2.2.10","-d:release --mm:arc",WM,32,1000000,range,range_unchecked,50,16,20.050090
2ac0eac9c4fbb32c5270547757d233b5030f8fed,"Intel(R) Core(TM) i5-8365U CPU @ 1.60GHz; linux/amd64","2.2.10","-d:release --mm:arc",WM,32,1000000,range,range_unchecked,50,17,20.522110
2ac0eac9c4fbb32c5270547757d233b5030f8fed,"Intel(R) Core(TM) i5-8365U CPU @ 1.60GHz; linux/amd64","2.2.10","-d:release --mm:arc",WM,32,1000000,range,range_unchecked,50,18,22.258200
2ac0eac9c4fbb32c5270547757d233b5030f8fed,"Intel(R) Core(TM) i5-8365U CPU @ 1.60GHz; linux/amd64","2.2.10","-d:release --mm:arc",WM,32,1000000,range,range_unchecked,50,19,20.090090
2ac0eac9c4fbb32c5270547757d233b5030f8fed,"Intel(R) Core(TM) i5-8365U CPU @ 1.60GHz; linux/amd64","2.2.10","-d:release --mm:arc",WM,32,1000000,range,range_unchecked,50,20,18.727010
2ac0eac9c4fbb32c5270547757d233b5030f8fed,"Intel(R) Core(TM) i5-8365U CPU @ 1.60GHz; linux/amd64","2.2.10","-d:release --mm:arc",WM,32,1000000,range,range_unchecked,50,21,18.433000
2ac0eac9c4fbb32c5270547757d233b5030f8fed,"Intel(R) Core(TM) i5-8365U CPU @ 1.60GHz; linux/amd64","2.2.10","-d:release --mm:arc",WM,32,1000000,range,access,75,1,2978.744170
2ac0eac9c4fbb32c5270547757d233b5030f8fed,"Intel(R) Core(TM) i5-8365U CPU @ 1.60GHz; linux/amd64","2.2.10","-d:release --mm:arc",WM,32,1000000,range,access,75,2,2967.900580
2ac0eac9c4fbb32c5270547757d233b5030f8fed,"Intel(R) Core(TM) i5-8365U CPU @ 1.60GHz; linux/amd64","2.2.10","-d:release --mm:arc",WM,32,1000000,range,access,75,3,3514.128150
2ac0eac9c4fbb32c5270547757d233b5030f8fed,"Intel(R) Core(TM) i5-8365U CPU @ 1.60GHz; linux/amd64","2.2.10","-d:release --mm:arc",WM,32,1000000,range,access,75,4,3141.784000
2ac0eac9c4fbb32c5270547757d233b5030f8fed,"Intel(R) Core(TM) i5-8365U CPU @ 1.60GHz; linux/amd64","2.2.10","-d:release --mm:arc",WM,32,1000000,range,access,75,5,3041.310560
2ac0eac9c4fbb32c5270547757d233b5030f8fed,"Intel(R) Core(TM) i5-8365U CPU @ 1.60GHz; linux/amd64","2.2.10","-d:release --mm:arc",WM,32,1000000,range,access,75,6,3208.270590
2ac0eac9c4fbb32c5270547757d233b5030f8fed,"Intel(R) Core(TM) i5-8365U CPU @ 1.60GHz; linux/amd64","2.2.10","-d:release --mm:arc",WM,32,1000000,range,access,75,7,2995.722100
2ac0eac9c4fbb32c5270547757d233b5030f8fed,"Intel(R) Core(TM) i5-8365U CPU @ 1.60GHz; linux/amd64","2.2.10","-d:release --mm:arc",WM,32,1000000,range,access,75,8,2992.655430
2ac0eac9c4fbb32c5270547757d233b5030f8fed,"Intel(R) Core(TM) i5-8365U CPU @ 1.60GHz; linux/amd64","2.2.10","-d:release --mm:arc",WM,32,1000000,range,access,75,9,2959.099240
2ac0eac9c4fbb32c5270547757d233b5030f8fed,"Intel(R) Core(TM) i5-8365U CPU @ 1.60GHz; linux/amd64","2.2.10","-d:release --mm:arc",WM,32,1000000,range,access,75,10,3070.573170
2ac0eac9c4fbb32c5270547757d233b5030f8fed,"Intel(R) Core(TM) i5-8365U CPU @ 1.60GHz; linux/amd64","2.2.10","-d:release --mm:arc",WM,32,1000000,range,access,75,11,2892.262690
2ac0eac9c4fbb32c5270547757d233b5030f8fed,"Intel(R) Core(TM) i5-8365U CPU @ 1.60GHz; linux/amd64","2.2.10","-d:release --mm:arc",WM,32,1000000,range,access,75,12,2915.142910
2ac0eac9c4fbb32c5270547757d233b5030f8fed,"Intel(R) Core(TM) i5-8365U CPU @ 1.60GHz; linux/amd64","2.2.10","-d:release --mm:arc",WM,32,1000000,range,access,75,13,2937.098070
2ac0eac9c4fbb32c5270547757d233b5030f8fed,"Intel(R) Core(TM) i5-8365U CPU @ 1.60GHz; linux/amd64","2.2.10","-d:release --mm:arc",WM,32,1000000,range,access,75,14,2964.389530
2ac0eac9c4fbb32c5270547757d233b5030f8fed,"Intel(R) Core(TM) i5-8365U CPU @ 1.60GHz; linux/amd64","2.2.10","-d:release --mm:arc",WM,32,1000000,range,access,75,15,2894.575810
2ac0eac9c4fbb32c5270547757d233b5030f8fed,"Intel(R) Core(TM) i5-8365U CPU @ 1.60GHz; linux/amd64","2.2.10","-d:release --mm:arc",WM,32,1000000,range,access,75,16,3246.776530
2ac0eac9c4fbb32c5270547757d233b5030f8fed,"Intel(R) Core(TM) i5-8365U CPU @ 1.60GHz; linux/amd64","2.2.10","-d:release --mm:arc",WM,32,1000000,range,access,75,17,3462.896020
2ac0eac9c4fbb32c5270547757d233b5030f8fed,"Intel(R) Core(TM) i5-8365U CPU @ 1.60GHz; linux/amd64","2.2.10","-d:release --mm:arc",WM,32,1000000,range,access,75,18,2961.922390
2ac0eac9c4fbb32c5270547757d233b5030f8fed,"Intel(R) Core(TM) i5-8365U CPU @ 1.60GHz; linux/amd64","2.2.10","-d:release --mm:arc",WM,32,1000000,range,access,75,19,3325.448710
2ac0eac9c4fbb32c5270547757d233b5030f8fed,"Intel(R) Core(TM) i5-8365U CPU @ 1.60GHz; linux/amd64","2.2.10","-d:release --mm:arc",WM,32,1000000,range,access,75,20,3058.012500
2ac0eac9c4fbb32c5270547757d233b5030f8fed,"Intel(R) Core(TM) i5-8365U CPU @ 1.60GHz; linux/amd64","2.2.10","-d:release --mm:arc",WM,32,1000000,range,access,75,21,3091.127250
2ac0eac9c4fbb32c5270547757d233b5030f8fed,"Intel(R) Core(TM) i5-8365U CPU @ 1.60GHz; linux/amd64","2.2.10","-d:release --mm:arc",WM,32,1000000,range,range_unchecked,75,1,50.038660
2ac0eac9c4fbb32c5270547757d233b5030f8fed,"Intel(R) Core(TM) i5-8365U CPU @ 1.60GHz; linux/amd64","2.2.10","-d:release --mm:arc",WM,32,1000000,range,range_unchecked,75,2,41.505210
2ac0eac9c4fbb32c5270547757d233b5030f8fed,"Intel(R) Core(TM) i5-8365U CPU @ 1.60GHz; linux/amd64","2.2.10","-d:release --mm:arc",WM,32,1000000,range,range_unchecked,75,3,40.279140
2ac0eac9c4fbb32c5270547757d233b5030f8fed,"Intel(R) Core(TM) i5-8365U CPU @ 1.60GHz; linux/amd64","2.2.10","-d:release --mm:arc",WM,32,1000000,range,range_unchecked,75,4,53.999870
2ac0eac9c4fbb32c5270547757d233b5030f8fed,"Intel(R) Core(TM) i5-8365U CPU @ 1.60GHz; linux/amd64","2.2.10","-d:release --mm:arc",WM,32,1000000,range,range_unchecked,75,5,41.329190
2ac0eac9c4fbb32c5270547757d233b5030f8fed,"Intel(R) Core(TM) i5-8365U CPU @ 1.60GHz; linux/amd64","2.2.10","-d:release --mm:arc",WM,32,1000000,range,range_unchecked,75,6,40.279140
2ac0eac9c4fbb32c5270547757d233b5030f8fed,"Intel(R) Core(TM) i5-8365U CPU @ 1.60GHz; linux/amd64","2.2.10","-d:release --mm:arc",WM,32,1000000,range,range_unchecked,75,7,41.198190
2ac0eac9c4fbb32c5270547757d233b5030f8fed,"Intel(R) Core(TM) i5-8365U CPU @ 1.60GHz; linux/amd64","2.2.10","-d:release --mm:arc",WM,32,1000000,range,range_unchecked,75,8,49.309620
2ac0eac9c4fbb32c5270547757d233b5030f8fed,"Intel(R) Core(TM) i5-8365U CPU @ 1.60GHz; linux/amd64","2.2.10","-d:release --mm:arc",WM,32,1000000,range,range_unchecked,75,9,42.466260
2ac0eac9c4fbb32c5270547757d233b5030f8fed,"Intel(R) Core(TM) i5-8365U CPU @ 1.60GHz; linux/amd64","2.2.10","-d:release --mm:arc",WM,32,1000000,range,range_unchecked,75,10,46.506470
2ac0eac9c4fbb32c5270547757d233b5030f8fed,"Intel(R) Core(TM) i5-8365U CPU @ 1.60GHz; linux/amd64","2.2.10","-d:release --mm:arc",WM,32,1000000,range,range_unchecked,75,11,48.279570
2ac0eac9c4fbb32c5270547757d233b5030f8fed,"Intel(R) Core(TM) i5-8365U CPU @ 1.60GHz; linux/amd64","2.2.10","-d:release --mm:arc",WM,32,1000000,range,range_unchecked,75,12,52.965810
2ac0eac9c4fbb32c5270547757d233b5030f8fed,"Intel(R) Core(TM) i5-8365U CPU @ 1.60GHz; linux/amd64","2.2.10","-d:release --mm:arc",WM,32,1000000,range,range_unchecked,75,13,40.448150
2ac0eac9c4fbb32c5270547757d233b5030f8fed,"Intel(R) Core(TM) i5-8365U CPU @ 1.60GHz; linux/amd64","2.2.10","-d:release --mm:arc",WM,32,1000000,range,range_unchecked,75,14,41.024180
2ac0eac9c4fbb32c5270547757d233b5030f8fed,"Intel(R) Core(TM) i5-8365U CPU @ 1.60GHz; linux/amd64","2.2.10","-d:release --mm:arc",WM,32,1000000,range,range_unchecked,75,15,46.102450
2ac0eac9c4fbb32c5270547757d233b5030f8fed,"Intel(R) Core(TM) i5-8365U CPU @ 1.60GHz; linux/amd64","2.2.10","-d:release --mm:arc",WM,32,1000000,range,range_unchecked,75,16,43.234300
2ac0eac9c4fbb32c5270547757d233b5030f8fed,"Intel(R) Core(TM) i5-8365U CPU @ 1.60GHz; linux/amd64","2.2.10","-d:release --mm:arc",WM,32,1000000,range,range_unchecked,75,17,41.860230
2ac0eac9c4fbb32c5270547757d233b5030f8fed,"Intel(R) Core(TM) i5-8365U CPU @ 1.60GHz; linux/amd64","2.2.10","-d:release --mm:arc",WM,32,1000000,range,range_unchecked,75,18,40.058120
2ac0eac9c4fbb32c5270547757d233b5030f8fed,"Intel(R) Core(TM) i5-8365U CPU @ 1.60GHz; linux/amd64","2.2.10","-d:release --mm:arc",WM,32,1000000,range,range_unchecked,75,19,46.904500
2ac0eac9c4fbb32c5270547757d233b5030f8fed,"Intel(R) Core(TM) i5-8365U CPU @ 1.60GHz; linux/amd64","2.2.10","-d:release --mm:arc",WM,32,1000000,range,range_unchecked,75,20,46.211450
2ac0eac9c4fbb32c5270547757d233b5030f8fed,"Intel(R) Core(TM) i5-8365U CPU @ 1.60GHz; linux/amd64","2.2.10","-d:release --mm:arc",WM,32,1000000,range,range_unchecked,75,21,40.063130
2ac0eac9c4fbb32c5270547757d233b5030f8fed,"Intel(R) Core(TM) i5-8365U CPU @ 1.60GHz; linux/amd64","2.2.10","-d:release --mm:arc",WM,32,1000000,range,access,90,1,4038.904620
2ac0eac9c4fbb32c5270547757d233b5030f8fed,"Intel(R) Core(TM) i5-8365U CPU @ 1.60GHz; linux/amd64","2.2.10","-d:release --mm:arc",WM,32,1000000,range,access,90,2,3284.169520
2ac0eac9c4fbb32c5270547757d233b5030f8fed,"Intel(R) Core(TM) i5-8365U CPU @ 1.60GHz; linux/amd64","2.2.10","-d:release --mm:arc",WM,32,1000000,range,access,90,3,3488.119360
2ac0eac9c4fbb32c5270547757d233b5030f8fed,"Intel(R) Core(TM) i5-8365U CPU @ 1.60GHz; linux/amd64","2.2.10","-d:release --mm:arc",WM,32,1000000,range,access,90,4,3011.787040
2ac0eac9c4fbb32c5270547757d233b5030f8fed,"Intel(R) Core(TM) i5-8365U CPU @ 1.60GHz; linux/amd64","2.2.10","-d:release --mm:arc",WM,32,1000000,range,access,90,5,3017.489350
2ac0eac9c4fbb32c5270547757d233b5030f8fed,"Intel(R) Core(TM) i5-8365U CPU @ 1.60GHz; linux/amd64","2.2.10","-d:release --mm:arc",WM,32,1000000,range,access,90,6,2807.904210
2ac0eac9c4fbb32c5270547757d233b5030f8fed,"Intel(R) Core(TM) i5-8365U CPU @ 1.60GHz; linux/amd64","2.2.10","-d:release --mm:arc",WM,32,1000000,range,access,90,7,2967.563690
2ac0eac9c4fbb32c5270547757d233b5030f8fed,"Intel(R) Core(TM) i5-8365U CPU @ 1.60GHz; linux/amd64","2.2.10","-d:release --mm:arc",WM,32,1000000,range,access,90,8,3157.164770
2ac0eac9c4fbb32c5270547757d233b5030f8fed,"Intel(R) Core(TM) i5-8365U CPU @ 1.60GHz; linux/amd64","2.2.10","-d:release --mm:arc",WM,32,1000000,range,access,90,9,2996.199210
2ac0eac9c4fbb32c5270547757d233b5030f8fed,"Intel(R) Core(TM) i5-8365U CPU @ 1.60GHz; linux/amd64","2.2.10","-d:release --mm:arc",WM,32,1000000,range,access,90,10,2839.150860
2ac0eac9c4fbb32c5270547757d233b5030f8fed,"Intel(R) Core(TM) i5-8365U CPU @ 1.60GHz; linux/amd64","2.2.10","-d:release --mm:arc",WM,32,1000000,range,access,90,11,2958.974230
2ac0eac9c4fbb32c5270547757d233b5030f8fed,"Intel(R) Core(TM) i5-8365U CPU @ 1.60GHz; linux/amd64","2.2.10","-d:release --mm:arc",WM,32,1000000,range,access,90,12,3250.472710
2ac0eac9c4fbb32c5270547757d233b5030f8fed,"Intel(R) Core(TM) i5-8365U CPU @ 1.60GHz; linux/amd64","2.2.10","-d:release --mm:arc",WM,32,1000000,range,access,90,13,3058.889530
2ac0eac9c4fbb32c5270547757d233b5030f8fed,"Intel(R) Core(TM) i5-8365U CPU @ 1.60GHz; linux/amd64","2.2.10","-d:release --mm:arc",WM,32,1000000,range,access,90,14,3095.376470
2ac0eac9c4fbb32c5270547757d233b5030f8fed,"Intel(R) Core(TM) i5-8365U CPU @ 1.60GHz; linux/amd64","2.2.10","-d:release --mm:arc",WM,32,1000000,range,access,90,15,3008.757860
2ac0eac9c4fbb32c5270547757d233b5030f8fed,"Intel(R) Core(TM) i5-8365U CPU @ 1.60GHz; linux/amd64","2.2.10","-d:release --mm:arc",WM,32,1000000,range,access,90,16,3140.100840
2ac0eac9c4fbb32c5270547757d233b5030f8fed,"Intel(R) Core(TM) i5-8365U CPU @ 1.60GHz; linux/amd64","2.2.10","-d:release --mm:arc",WM,32,1000000,range,access,90,17,3017.034310
2ac0eac9c4fbb32c5270547757d233b5030f8fed,"Intel(R) Core(TM) i5-8365U CPU @ 1.60GHz; linux/amd64","2.2.10","-d:release --mm:arc",WM,32,1000000,range,access,90,18,2940.479240
2ac0eac9c4fbb32c5270547757d233b5030f8fed,"Intel(R) Core(TM) i5-8365U CPU @ 1.60GHz; linux/amd64","2.2.10","-d:release --mm:arc",WM,32,1000000,range,access,90,19,2824.860090
2ac0eac9c4fbb32c5270547757d233b5030f8fed,"Intel(R) Core(TM) i5-8365U CPU @ 1.60GHz; linux/amd64","2.2.10","-d:release --mm:arc",WM,32,1000000,range,access,90,20,2838.234800
2ac0eac9c4fbb32c5270547757d233b5030f8fed,"Intel(R) Core(TM) i5-8365U CPU @ 1.60GHz; linux/amd64","2.2.10","-d:release --mm:arc",WM,32,1000000,range,access,90,21,3008.839870
2ac0eac9c4fbb32c5270547757d233b5030f8fed,"Intel(R) Core(TM) i5-8365U CPU @ 1.60GHz; linux/amd64","2.2.10","-d:release --mm:arc",WM,32,1000000,range,range_unchecked,90,1,99.638300
2ac0eac9c4fbb32c5270547757d233b5030f8fed,"Intel(R) Core(TM) i5-8365U CPU @ 1.60GHz; linux/amd64","2.2.10","-d:release --mm:arc",WM,32,1000000,range,range_unchecked,90,2,94.656030
2ac0eac9c4fbb32c5270547757d233b5030f8fed,"Intel(R) Core(TM) i5-8365U CPU @ 1.60GHz; linux/amd64","2.2.10","-d:release --mm:arc",WM,32,1000000,range,range_unchecked,90,3,88.121680
2ac0eac9c4fbb32c5270547757d233b5030f8fed,"Intel(R) Core(TM) i5-8365U CPU @ 1.60GHz; linux/amd64","2.2.10","-d:release --mm:arc",WM,32,1000000,range,range_unchecked,90,4,79.589230
2ac0eac9c4fbb32c5270547757d233b5030f8fed,"Intel(R) Core(TM) i5-8365U CPU @ 1.60GHz; linux/amd64","2.2.10","-d:release --mm:arc",WM,32,1000000,range,range_unchecked,90,5,65.632490
2ac0eac9c4fbb32c5270547757d233b5030f8fed,"Intel(R) Core(TM) i5-8365U CPU @ 1.60GHz; linux/amd64","2.2.10","-d:release --mm:arc",WM,32,1000000,range,range_unchecked,90,6,70.670750
2ac0eac9c4fbb32c5270547757d233b5030f8fed,"Intel(R) Core(TM) i5-8365U CPU @ 1.60GHz; linux/amd64","2.2.10","-d:release --mm:arc",WM,32,1000000,range,range_unchecked,90,7,81.719340
2ac0eac9c4fbb32c5270547757d233b5030f8fed,"Intel(R) Core(TM) i5-8365U CPU @ 1.60GHz; linux/amd64","2.2.10","-d:release --mm:arc",WM,32,1000000,range,range_unchecked,90,8,66.491540
2ac0eac9c4fbb32c5270547757d233b5030f8fed,"Intel(R) Core(TM) i5-8365U CPU @ 1.60GHz; linux/amd64","2.2.10","-d:release --mm:arc",WM,32,1000000,range,range_unchecked,90,9,70.154720
2ac0eac9c4fbb32c5270547757d233b5030f8fed,"Intel(R) Core(TM) i5-8365U CPU @ 1.60GHz; linux/amd64","2.2.10","-d:release --mm:arc",WM,32,1000000,range,range_unchecked,90,10,65.463480
2ac0eac9c4fbb32c5270547757d233b5030f8fed,"Intel(R) Core(TM) i5-8365U CPU @ 1.60GHz; linux/amd64","2.2.10","-d:release --mm:arc",WM,32,1000000,range,range_unchecked,90,11,75.866030
2ac0eac9c4fbb32c5270547757d233b5030f8fed,"Intel(R) Core(TM) i5-8365U CPU @ 1.60GHz; linux/amd64","2.2.10","-d:release --mm:arc",WM,32,1000000,range,range_unchecked,90,12,68.400640
2ac0eac9c4fbb32c5270547757d233b5030f8fed,"Intel(R) Core(TM) i5-8365U CPU @ 1.60GHz; linux/amd64","2.2.10","-d:release --mm:arc",WM,32,1000000,range,range_unchecked,90,13,67.218570
2ac0eac9c4fbb32c5270547757d233b5030f8fed,"Intel(R) Core(TM) i5-8365U CPU @ 1.60GHz; linux/amd64","2.2.10","-d:release --mm:arc",WM,32,1000000,range,range_unchecked,90,14,73.293900
2ac0eac9c4fbb32c5270547757d233b5030f8fed,"Intel(R) Core(TM) i5-8365U CPU @ 1.60GHz; linux/amd64","2.2.10","-d:release --mm:arc",WM,32,1000000,range,range_unchecked,90,15,67.752600
2ac0eac9c4fbb32c5270547757d233b5030f8fed,"Intel(R) Core(TM) i5-8365U CPU @ 1.60GHz; linux/amd64","2.2.10","-d:release --mm:arc",WM,32,1000000,range,range_unchecked,90,16,78.074140
2ac0eac9c4fbb32c5270547757d233b5030f8fed,"Intel(R) Core(TM) i5-8365U CPU @ 1.60GHz; linux/amd64","2.2.10","-d:release --mm:arc",WM,32,1000000,range,range_unchecked,90,17,65.616490
2ac0eac9c4fbb32c5270547757d233b5030f8fed,"Intel(R) Core(TM) i5-8365U CPU @ 1.60GHz; linux/amd64","2.2.10","-d:release --mm:arc",WM,32,1000000,range,range_unchecked,90,18,87.133630
2ac0eac9c4fbb32c5270547757d233b5030f8fed,"Intel(R) Core(TM) i5-8365U CPU @ 1.60GHz; linux/amd64","2.2.10","-d:release --mm:arc",WM,32,1000000,range,range_unchecked,90,19,67.158570
2ac0eac9c4fbb32c5270547757d233b5030f8fed,"Intel(R) Core(TM) i5-8365U CPU @ 1.60GHz; linux/amd64","2.2.10","-d:release --mm:arc",WM,32,1000000,range,range_unchecked,90,20,69.321680
2ac0eac9c4fbb32c5270547757d233b5030f8fed,"Intel(R) Core(TM) i5-8365U CPU @ 1.60GHz; linux/amd64","2.2.10","-d:release --mm:arc",WM,32,1000000,range,range_unchecked,90,21,84.707500
2ac0eac9c4fbb32c5270547757d233b5030f8fed,"Intel(R) Core(TM) i5-8365U CPU @ 1.60GHz; linux/amd64","2.2.10","-d:release --mm:arc",WM,32,1000000,range,access,100,1,2961.192340
2ac0eac9c4fbb32c5270547757d233b5030f8fed,"Intel(R) Core(TM) i5-8365U CPU @ 1.60GHz; linux/amd64","2.2.10","-d:release --mm:arc",WM,32,1000000,range,access,100,2,3082.683790
2ac0eac9c4fbb32c5270547757d233b5030f8fed,"Intel(R) Core(TM) i5-8365U CPU @ 1.60GHz; linux/amd64","2.2.10","-d:release --mm:arc",WM,32,1000000,range,access,100,3,3205.355310
2ac0eac9c4fbb32c5270547757d233b5030f8fed,"Intel(R) Core(TM) i5-8365U CPU @ 1.60GHz; linux/amd64","2.2.10","-d:release --mm:arc",WM,32,1000000,range,access,100,4,3030.413020
2ac0eac9c4fbb32c5270547757d233b5030f8fed,"Intel(R) Core(TM) i5-8365U CPU @ 1.60GHz; linux/amd64","2.2.10","-d:release --mm:arc",WM,32,1000000,range,access,100,5,3072.212230
2ac0eac9c4fbb32c5270547757d233b5030f8fed,"Intel(R) Core(TM) i5-8365U CPU @ 1.60GHz; linux/amd64","2.2.10","-d:release --mm:arc",WM,32,1000000,range,access,100,6,3230.065620
2ac0eac9c4fbb32c5270547757d233b5030f8fed,"Intel(R) Core(TM) i5-8365U CPU @ 1.60GHz; linux/amd64","2.2.10","-d:release --mm:arc",WM,32,1000000,range,access,100,7,4051.532270
2ac0eac9c4fbb32c5270547757d233b5030f8fed,"Intel(R) Core(TM) i5-8365U CPU @ 1.60GHz; linux/amd64","2.2.10","-d:release --mm:arc",WM,32,1000000,range,access,100,8,3349.607970
2ac0eac9c4fbb32c5270547757d233b5030f8fed,"Intel(R) Core(TM) i5-8365U CPU @ 1.60GHz; linux/amd64","2.2.10","-d:release --mm:arc",WM,32,1000000,range,access,100,9,3031.872100
2ac0eac9c4fbb32c5270547757d233b5030f8fed,"Intel(R) Core(TM) i5-8365U CPU @ 1.60GHz; linux/amd64","2.2.10","-d:release --mm:arc",WM,32,1000000,range,access,100,10,2901.241150
2ac0eac9c4fbb32c5270547757d233b5030f8fed,"Intel(R) Core(TM) i5-8365U CPU @ 1.60GHz; linux/amd64","2.2.10","-d:release --mm:arc",WM,32,1000000,range,access,100,11,2950.035740
2ac0eac9c4fbb32c5270547757d233b5030f8fed,"Intel(R) Core(TM) i5-8365U CPU @ 1.60GHz; linux/amd64","2.2.10","-d:release --mm:arc",WM,32,1000000,range,access,100,12,3096.848550
2ac0eac9c4fbb32c5270547757d233b5030f8fed,"Intel(R) Core(TM) i5-8365U CPU @ 1.60GHz; linux/amd64","2.2.10","-d:release --mm:arc",WM,32,1000000,range,access,100,13,2879.358990
2ac0eac9c4fbb32c5270547757d233b5030f8fed,"Intel(R) Core(TM) i5-8365U CPU @ 1.60GHz; linux/amd64","2.2.10","-d:release --mm:arc",WM,32,1000000,range,access,100,14,3018.428380
2ac0eac9c4fbb32c5270547757d233b5030f8fed,"Intel(R) Core(TM) i5-8365U CPU @ 1.60GHz; linux/amd64","2.2.10","-d:release --mm:arc",WM,32,1000000,range,access,100,15,3098.448980
2ac0eac9c4fbb32c5270547757d233b5030f8fed,"Intel(R) Core(TM) i5-8365U CPU @ 1.60GHz; linux/amd64","2.2.10","-d:release --mm:arc",WM,32,1000000,range,access,100,16,2903.982580
2ac0eac9c4fbb32c5270547757d233b5030f8fed,"Intel(R) Core(TM) i5-8365U CPU @ 1.60GHz; linux/amd64","2.2.10","-d:release --mm:arc",WM,32,1000000,range,access,100,17,3020.062640
2ac0eac9c4fbb32c5270547757d233b5030f8fed,"Intel(R) Core(TM) i5-8365U CPU @ 1.60GHz; linux/amd64","2.2.10","-d:release --mm:arc",WM,32,1000000,range,access,100,18,2896.849210
2ac0eac9c4fbb32c5270547757d233b5030f8fed,"Intel(R) Core(TM) i5-8365U CPU @ 1.60GHz; linux/amd64","2.2.10","-d:release --mm:arc",WM,32,1000000,range,access,100,19,3168.581390
2ac0eac9c4fbb32c5270547757d233b5030f8fed,"Intel(R) Core(TM) i5-8365U CPU @ 1.60GHz; linux/amd64","2.2.10","-d:release --mm:arc",WM,32,1000000,range,access,100,20,2964.105720
2ac0eac9c4fbb32c5270547757d233b5030f8fed,"Intel(R) Core(TM) i5-8365U CPU @ 1.60GHz; linux/amd64","2.2.10","-d:release --mm:arc",WM,32,1000000,range,access,100,21,2908.179800
2ac0eac9c4fbb32c5270547757d233b5030f8fed,"Intel(R) Core(TM) i5-8365U CPU @ 1.60GHz; linux/amd64","2.2.10","-d:release --mm:arc",WM,32,1000000,range,range_unchecked,100,1,7.378390
2ac0eac9c4fbb32c5270547757d233b5030f8fed,"Intel(R) Core(TM) i5-8365U CPU @ 1.60GHz; linux/amd64","2.2.10","-d:release --mm:arc",WM,32,1000000,range,range_unchecked,100,2,7.351380
2ac0eac9c4fbb32c5270547757d233b5030f8fed,"Intel(R) Core(TM) i5-8365U CPU @ 1.60GHz; linux/amd64","2.2.10","-d:release --mm:arc",WM,32,1000000,range,range_unchecked,100,3,7.390390
2ac0eac9c4fbb32c5270547757d233b5030f8fed,"Intel(R) Core(TM) i5-8365U CPU @ 1.60GHz; linux/amd64","2.2.10","-d:release --mm:arc",WM,32,1000000,range,range_unchecked,100,4,7.359380
2ac0eac9c4fbb32c5270547757d233b5030f8fed,"Intel(R) Core(TM) i5-8365U CPU @ 1.60GHz; linux/amd64","2.2.10","-d:release --mm:arc",WM,32,1000000,range,range_unchecked,100,5,7.496390
2ac0eac9c4fbb32c5270547757d233b5030f8fed,"Intel(R) Core(TM) i5-8365U CPU @ 1.60GHz; linux/amd64","2.2.10","-d:release --mm:arc",WM,32,1000000,range,range_unchecked,100,6,7.587400
2ac0eac9c4fbb32c5270547757d233b5030f8fed,"Intel(R) Core(TM) i5-8365U CPU @ 1.60GHz; linux/amd64","2.2.10","-d:release --mm:arc",WM,32,1000000,range,range_unchecked,100,7,7.661400
2ac0eac9c4fbb32c5270547757d233b5030f8fed,"Intel(R) Core(TM) i5-8365U CPU @ 1.60GHz; linux/amd64","2.2.10","-d:release --mm:arc",WM,32,1000000,range,range_unchecked,100,8,7.496390
2ac0eac9c4fbb32c5270547757d233b5030f8fed,"Intel(R) Core(TM) i5-8365U CPU @ 1.60GHz; linux/amd64","2.2.10","-d:release --mm:arc",WM,32,1000000,range,range_unchecked,100,9,7.646400
2ac0eac9c4fbb32c5270547757d233b5030f8fed,"Intel(R) Core(TM) i5-8365U CPU @ 1.60GHz; linux/amd64","2.2.10","-d:release --mm:arc",WM,32,1000000,range,range_unchecked,100,10,7.497390
2ac0eac9c4fbb32c5270547757d233b5030f8fed,"Intel(R) Core(TM) i5-8365U CPU @ 1.60GHz; linux/amd64","2.2.10","-d:release --mm:arc",WM,32,1000000,range,range_unchecked,100,11,8.212430
2ac0eac9c4fbb32c5270547757d233b5030f8fed,"Intel(R) Core(TM) i5-8365U CPU @ 1.60GHz; linux/amd64","2.2.10","-d:release --mm:arc",WM,32,1000000,range,range_unchecked,100,12,7.571390
2ac0eac9c4fbb32c5270547757d233b5030f8fed,"Intel(R) Core(TM) i5-8365U CPU @ 1.60GHz; linux/amd64","2.2.10","-d:release --mm:arc",WM,32,1000000,range,range_unchecked,100,13,7.508400
2ac0eac9c4fbb32c5270547757d233b5030f8fed,"Intel(R) Core(TM) i5-8365U CPU @ 1.60GHz; linux/amd64","2.2.10","-d:release --mm:arc",WM,32,1000000,range,range_unchecked,100,14,7.423380
2ac0eac9c4fbb32c5270547757d233b5030f8fed,"Intel(R) Core(TM) i5-8365U CPU @ 1.60GHz; linux/amd64","2.2.10","-d:release --mm:arc",WM,32,1000000,range,range_unchecked,100,15,7.382390
2ac0eac9c4fbb32c5270547757d233b5030f8fed,"Intel(R) Core(TM) i5-8365U CPU @ 1.60GHz; linux/amd64","2.2.10","-d:release --mm:arc",WM,32,1000000,range,range_unchecked,100,16,7.621400
2ac0eac9c4fbb32c5270547757d233b5030f8fed,"Intel(R) Core(TM) i5-8365U CPU @ 1.60GHz; linux/amd64","2.2.10","-d:release --mm:arc",WM,32,1000000,range,range_unchecked,100,17,7.594390
2ac0eac9c4fbb32c5270547757d233b5030f8fed,"Intel(R) Core(TM) i5-8365U CPU @ 1.60GHz; linux/amd64","2.2.10","-d:release --mm:arc",WM,32,1000000,range,range_unchecked,100,18,7.359390
2ac0eac9c4fbb32c5270547757d233b5030f8fed,"Intel(R) Core(TM) i5-8365U CPU @ 1.60GHz; linux/amd64","2.2.10","-d:release --mm:arc",WM,32,1000000,range,range_unchecked,100,19,7.359380
2ac0eac9c4fbb32c5270547757d233b5030f8fed,"Intel(R) Core(TM) i5-8365U CPU @ 1.60GHz; linux/amd64","2.2.10","-d:release --mm:arc",WM,32,1000000,range,range_unchecked,100,20,7.366390
2ac0eac9c4fbb32c5270547757d233b5030f8fed,"Intel(R) Core(TM) i5-8365U CPU @ 1.60GHz; linux/amd64","2.2.10","-d:release --mm:arc",WM,32,1000000,range,range_unchecked,100,21,7.395380
2ac0eac9c4fbb32c5270547757d233b5030f8fed,"Intel(R) Core(TM) i5-8365U CPU @ 1.60GHz; linux/amd64","2.2.10","-d:release --mm:arc",WM,64,1000000,equality,access,0,1,8040.874710
2ac0eac9c4fbb32c5270547757d233b5030f8fed,"Intel(R) Core(TM) i5-8365U CPU @ 1.60GHz; linux/amd64","2.2.10","-d:release --mm:arc",WM,64,1000000,equality,access,0,2,8176.428790
2ac0eac9c4fbb32c5270547757d233b5030f8fed,"Intel(R) Core(TM) i5-8365U CPU @ 1.60GHz; linux/amd64","2.2.10","-d:release --mm:arc",WM,64,1000000,equality,access,0,3,8647.796390
2ac0eac9c4fbb32c5270547757d233b5030f8fed,"Intel(R) Core(TM) i5-8365U CPU @ 1.60GHz; linux/amd64","2.2.10","-d:release --mm:arc",WM,64,1000000,equality,access,0,4,8230.932630
2ac0eac9c4fbb32c5270547757d233b5030f8fed,"Intel(R) Core(TM) i5-8365U CPU @ 1.60GHz; linux/amd64","2.2.10","-d:release --mm:arc",WM,64,1000000,equality,access,0,5,8330.273420
2ac0eac9c4fbb32c5270547757d233b5030f8fed,"Intel(R) Core(TM) i5-8365U CPU @ 1.60GHz; linux/amd64","2.2.10","-d:release --mm:arc",WM,64,1000000,equality,access,0,6,8080.819650
2ac0eac9c4fbb32c5270547757d233b5030f8fed,"Intel(R) Core(TM) i5-8365U CPU @ 1.60GHz; linux/amd64","2.2.10","-d:release --mm:arc",WM,64,1000000,equality,access,0,7,8030.429570
2ac0eac9c4fbb32c5270547757d233b5030f8fed,"Intel(R) Core(TM) i5-8365U CPU @ 1.60GHz; linux/amd64","2.2.10","-d:release --mm:arc",WM,64,1000000,equality,access,0,8,8142.914190
2ac0eac9c4fbb32c5270547757d233b5030f8fed,"Intel(R) Core(TM) i5-8365U CPU @ 1.60GHz; linux/amd64","2.2.10","-d:release --mm:arc",WM,64,1000000,equality,access,0,9,7974.391280
2ac0eac9c4fbb32c5270547757d233b5030f8fed,"Intel(R) Core(TM) i5-8365U CPU @ 1.60GHz; linux/amd64","2.2.10","-d:release --mm:arc",WM,64,1000000,equality,access,0,10,8058.641730
2ac0eac9c4fbb32c5270547757d233b5030f8fed,"Intel(R) Core(TM) i5-8365U CPU @ 1.60GHz; linux/amd64","2.2.10","-d:release --mm:arc",WM,64,1000000,equality,access,0,11,8184.338900
2ac0eac9c4fbb32c5270547757d233b5030f8fed,"Intel(R) Core(TM) i5-8365U CPU @ 1.60GHz; linux/amd64","2.2.10","-d:release --mm:arc",WM,64,1000000,equality,access,0,12,8350.783720
2ac0eac9c4fbb32c5270547757d233b5030f8fed,"Intel(R) Core(TM) i5-8365U CPU @ 1.60GHz; linux/amd64","2.2.10","-d:release --mm:arc",WM,64,1000000,equality,access,0,13,8247.646490
2ac0eac9c4fbb32c5270547757d233b5030f8fed,"Intel(R) Core(TM) i5-8365U CPU @ 1.60GHz; linux/amd64","2.2.10","-d:release --mm:arc",WM,64,1000000,equality,access,0,14,8660.999450
2ac0eac9c4fbb32c5270547757d233b5030f8fed,"Intel(R) Core(TM) i5-8365U CPU @ 1.60GHz; linux/amd64","2.2.10","-d:release --mm:arc",WM,64,1000000,equality,access,0,15,8243.559220
2ac0eac9c4fbb32c5270547757d233b5030f8fed,"Intel(R) Core(TM) i5-8365U CPU @ 1.60GHz; linux/amd64","2.2.10","-d:release --mm:arc",WM,64,1000000,equality,access,0,16,7903.734060
2ac0eac9c4fbb32c5270547757d233b5030f8fed,"Intel(R) Core(TM) i5-8365U CPU @ 1.60GHz; linux/amd64","2.2.10","-d:release --mm:arc",WM,64,1000000,equality,access,0,17,8344.019680
2ac0eac9c4fbb32c5270547757d233b5030f8fed,"Intel(R) Core(TM) i5-8365U CPU @ 1.60GHz; linux/amd64","2.2.10","-d:release --mm:arc",WM,64,1000000,equality,access,0,18,8137.262050
2ac0eac9c4fbb32c5270547757d233b5030f8fed,"Intel(R) Core(TM) i5-8365U CPU @ 1.60GHz; linux/amd64","2.2.10","-d:release --mm:arc",WM,64,1000000,equality,access,0,19,8245.915640
2ac0eac9c4fbb32c5270547757d233b5030f8fed,"Intel(R) Core(TM) i5-8365U CPU @ 1.60GHz; linux/amd64","2.2.10","-d:release --mm:arc",WM,64,1000000,equality,access,0,20,8132.405810
2ac0eac9c4fbb32c5270547757d233b5030f8fed,"Intel(R) Core(TM) i5-8365U CPU @ 1.60GHz; linux/amd64","2.2.10","-d:release --mm:arc",WM,64,1000000,equality,access,0,21,7984.055180
2ac0eac9c4fbb32c5270547757d233b5030f8fed,"Intel(R) Core(TM) i5-8365U CPU @ 1.60GHz; linux/amd64","2.2.10","-d:release --mm:arc",WM,64,1000000,equality,matches_checked,0,1,71.188650
2ac0eac9c4fbb32c5270547757d233b5030f8fed,"Intel(R) Core(TM) i5-8365U CPU @ 1.60GHz; linux/amd64","2.2.10","-d:release --mm:arc",WM,64,1000000,equality,matches_checked,0,2,101.271210
2ac0eac9c4fbb32c5270547757d233b5030f8fed,"Intel(R) Core(TM) i5-8365U CPU @ 1.60GHz; linux/amd64","2.2.10","-d:release --mm:arc",WM,64,1000000,equality,matches_checked,0,3,97.778020
2ac0eac9c4fbb32c5270547757d233b5030f8fed,"Intel(R) Core(TM) i5-8365U CPU @ 1.60GHz; linux/amd64","2.2.10","-d:release --mm:arc",WM,64,1000000,equality,matches_checked,0,4,104.196350
2ac0eac9c4fbb32c5270547757d233b5030f8fed,"Intel(R) Core(TM) i5-8365U CPU @ 1.60GHz; linux/amd64","2.2.10","-d:release --mm:arc",WM,64,1000000,equality,matches_checked,0,5,103.607330
2ac0eac9c4fbb32c5270547757d233b5030f8fed,"Intel(R) Core(TM) i5-8365U CPU @ 1.60GHz; linux/amd64","2.2.10","-d:release --mm:arc",WM,64,1000000,equality,matches_checked,0,6,71.348660
2ac0eac9c4fbb32c5270547757d233b5030f8fed,"Intel(R) Core(TM) i5-8365U CPU @ 1.60GHz; linux/amd64","2.2.10","-d:release --mm:arc",WM,64,1000000,equality,matches_checked,0,7,74.152810
2ac0eac9c4fbb32c5270547757d233b5030f8fed,"Intel(R) Core(TM) i5-8365U CPU @ 1.60GHz; linux/amd64","2.2.10","-d:release --mm:arc",WM,64,1000000,equality,matches_checked,0,8,87.242480
2ac0eac9c4fbb32c5270547757d233b5030f8fed,"Intel(R) Core(TM) i5-8365U CPU @ 1.60GHz; linux/amd64","2.2.10","-d:release --mm:arc",WM,64,1000000,equality,matches_checked,0,9,90.967680
2ac0eac9c4fbb32c5270547757d233b5030f8fed,"Intel(R) Core(TM) i5-8365U CPU @ 1.60GHz; linux/amd64","2.2.10","-d:release --mm:arc",WM,64,1000000,equality,matches_checked,0,10,83.685300
2ac0eac9c4fbb32c5270547757d233b5030f8fed,"Intel(R) Core(TM) i5-8365U CPU @ 1.60GHz; linux/amd64","2.2.10","-d:release --mm:arc",WM,64,1000000,equality,matches_checked,0,11,79.200070
2ac0eac9c4fbb32c5270547757d233b5030f8fed,"Intel(R) Core(TM) i5-8365U CPU @ 1.60GHz; linux/amd64","2.2.10","-d:release --mm:arc",WM,64,1000000,equality,matches_checked,0,12,79.777100
2ac0eac9c4fbb32c5270547757d233b5030f8fed,"Intel(R) Core(TM) i5-8365U CPU @ 1.60GHz; linux/amd64","2.2.10","-d:release --mm:arc",WM,64,1000000,equality,matches_checked,0,13,83.778300
2ac0eac9c4fbb32c5270547757d233b5030f8fed,"Intel(R) Core(TM) i5-8365U CPU @ 1.60GHz; linux/amd64","2.2.10","-d:release --mm:arc",WM,64,1000000,equality,matches_checked,0,14,75.336870
2ac0eac9c4fbb32c5270547757d233b5030f8fed,"Intel(R) Core(TM) i5-8365U CPU @ 1.60GHz; linux/amd64","2.2.10","-d:release --mm:arc",WM,64,1000000,equality,matches_checked,0,15,76.344920
2ac0eac9c4fbb32c5270547757d233b5030f8fed,"Intel(R) Core(TM) i5-8365U CPU @ 1.60GHz; linux/amd64","2.2.10","-d:release --mm:arc",WM,64,1000000,equality,matches_checked,0,16,81.121170
2ac0eac9c4fbb32c5270547757d233b5030f8fed,"Intel(R) Core(TM) i5-8365U CPU @ 1.60GHz; linux/amd64","2.2.10","-d:release --mm:arc",WM,64,1000000,equality,matches_checked,0,17,75.285870
2ac0eac9c4fbb32c5270547757d233b5030f8fed,"Intel(R) Core(TM) i5-8365U CPU @ 1.60GHz; linux/amd64","2.2.10","-d:release --mm:arc",WM,64,1000000,equality,matches_checked,0,18,81.316180
2ac0eac9c4fbb32c5270547757d233b5030f8fed,"Intel(R) Core(TM) i5-8365U CPU @ 1.60GHz; linux/amd64","2.2.10","-d:release --mm:arc",WM,64,1000000,equality,matches_checked,0,19,72.216710
2ac0eac9c4fbb32c5270547757d233b5030f8fed,"Intel(R) Core(TM) i5-8365U CPU @ 1.60GHz; linux/amd64","2.2.10","-d:release --mm:arc",WM,64,1000000,equality,matches_checked,0,20,89.878620
2ac0eac9c4fbb32c5270547757d233b5030f8fed,"Intel(R) Core(TM) i5-8365U CPU @ 1.60GHz; linux/amd64","2.2.10","-d:release --mm:arc",WM,64,1000000,equality,matches_checked,0,21,86.137420
2ac0eac9c4fbb32c5270547757d233b5030f8fed,"Intel(R) Core(TM) i5-8365U CPU @ 1.60GHz; linux/amd64","2.2.10","-d:release --mm:arc",WM,64,1000000,equality,matches_unchecked,0,1,72.477720
2ac0eac9c4fbb32c5270547757d233b5030f8fed,"Intel(R) Core(TM) i5-8365U CPU @ 1.60GHz; linux/amd64","2.2.10","-d:release --mm:arc",WM,64,1000000,equality,matches_unchecked,0,2,98.066040
2ac0eac9c4fbb32c5270547757d233b5030f8fed,"Intel(R) Core(TM) i5-8365U CPU @ 1.60GHz; linux/amd64","2.2.10","-d:release --mm:arc",WM,64,1000000,equality,matches_unchecked,0,3,69.748580
2ac0eac9c4fbb32c5270547757d233b5030f8fed,"Intel(R) Core(TM) i5-8365U CPU @ 1.60GHz; linux/amd64","2.2.10","-d:release --mm:arc",WM,64,1000000,equality,matches_unchecked,0,4,86.731460
2ac0eac9c4fbb32c5270547757d233b5030f8fed,"Intel(R) Core(TM) i5-8365U CPU @ 1.60GHz; linux/amd64","2.2.10","-d:release --mm:arc",WM,64,1000000,equality,matches_unchecked,0,5,71.593680
2ac0eac9c4fbb32c5270547757d233b5030f8fed,"Intel(R) Core(TM) i5-8365U CPU @ 1.60GHz; linux/amd64","2.2.10","-d:release --mm:arc",WM,64,1000000,equality,matches_unchecked,0,6,84.967360
2ac0eac9c4fbb32c5270547757d233b5030f8fed,"Intel(R) Core(TM) i5-8365U CPU @ 1.60GHz; linux/amd64","2.2.10","-d:release --mm:arc",WM,64,1000000,equality,matches_unchecked,0,7,73.406780
2ac0eac9c4fbb32c5270547757d233b5030f8fed,"Intel(R) Core(TM) i5-8365U CPU @ 1.60GHz; linux/amd64","2.2.10","-d:release --mm:arc",WM,64,1000000,equality,matches_unchecked,0,8,86.847460
2ac0eac9c4fbb32c5270547757d233b5030f8fed,"Intel(R) Core(TM) i5-8365U CPU @ 1.60GHz; linux/amd64","2.2.10","-d:release --mm:arc",WM,64,1000000,equality,matches_unchecked,0,9,70.805640
2ac0eac9c4fbb32c5270547757d233b5030f8fed,"Intel(R) Core(TM) i5-8365U CPU @ 1.60GHz; linux/amd64","2.2.10","-d:release --mm:arc",WM,64,1000000,equality,matches_unchecked,0,10,81.704190
2ac0eac9c4fbb32c5270547757d233b5030f8fed,"Intel(R) Core(TM) i5-8365U CPU @ 1.60GHz; linux/amd64","2.2.10","-d:release --mm:arc",WM,64,1000000,equality,matches_unchecked,0,11,83.177280
2ac0eac9c4fbb32c5270547757d233b5030f8fed,"Intel(R) Core(TM) i5-8365U CPU @ 1.60GHz; linux/amd64","2.2.10","-d:release --mm:arc",WM,64,1000000,equality,matches_unchecked,0,12,97.866030
2ac0eac9c4fbb32c5270547757d233b5030f8fed,"Intel(R) Core(TM) i5-8365U CPU @ 1.60GHz; linux/amd64","2.2.10","-d:release --mm:arc",WM,64,1000000,equality,matches_unchecked,0,13,70.005590
2ac0eac9c4fbb32c5270547757d233b5030f8fed,"Intel(R) Core(TM) i5-8365U CPU @ 1.60GHz; linux/amd64","2.2.10","-d:release --mm:arc",WM,64,1000000,equality,matches_unchecked,0,14,84.167330
2ac0eac9c4fbb32c5270547757d233b5030f8fed,"Intel(R) Core(TM) i5-8365U CPU @ 1.60GHz; linux/amd64","2.2.10","-d:release --mm:arc",WM,64,1000000,equality,matches_unchecked,0,15,77.483980
2ac0eac9c4fbb32c5270547757d233b5030f8fed,"Intel(R) Core(TM) i5-8365U CPU @ 1.60GHz; linux/amd64","2.2.10","-d:release --mm:arc",WM,64,1000000,equality,matches_unchecked,0,16,91.930720
2ac0eac9c4fbb32c5270547757d233b5030f8fed,"Intel(R) Core(TM) i5-8365U CPU @ 1.60GHz; linux/amd64","2.2.10","-d:release --mm:arc",WM,64,1000000,equality,matches_unchecked,0,17,69.291560
2ac0eac9c4fbb32c5270547757d233b5030f8fed,"Intel(R) Core(TM) i5-8365U CPU @ 1.60GHz; linux/amd64","2.2.10","-d:release --mm:arc",WM,64,1000000,equality,matches_unchecked,0,18,85.500390
2ac0eac9c4fbb32c5270547757d233b5030f8fed,"Intel(R) Core(TM) i5-8365U CPU @ 1.60GHz; linux/amd64","2.2.10","-d:release --mm:arc",WM,64,1000000,equality,matches_unchecked,0,19,74.054810
2ac0eac9c4fbb32c5270547757d233b5030f8fed,"Intel(R) Core(TM) i5-8365U CPU @ 1.60GHz; linux/amd64","2.2.10","-d:release --mm:arc",WM,64,1000000,equality,matches_unchecked,0,20,76.059910
2ac0eac9c4fbb32c5270547757d233b5030f8fed,"Intel(R) Core(TM) i5-8365U CPU @ 1.60GHz; linux/amd64","2.2.10","-d:release --mm:arc",WM,64,1000000,equality,matches_unchecked,0,21,71.472670
2ac0eac9c4fbb32c5270547757d233b5030f8fed,"Intel(R) Core(TM) i5-8365U CPU @ 1.60GHz; linux/amd64","2.2.10","-d:release --mm:arc",RWM,64,1000000,equality,access,0,1,8781.762160
2ac0eac9c4fbb32c5270547757d233b5030f8fed,"Intel(R) Core(TM) i5-8365U CPU @ 1.60GHz; linux/amd64","2.2.10","-d:release --mm:arc",RWM,64,1000000,equality,access,0,2,9375.999700
2ac0eac9c4fbb32c5270547757d233b5030f8fed,"Intel(R) Core(TM) i5-8365U CPU @ 1.60GHz; linux/amd64","2.2.10","-d:release --mm:arc",RWM,64,1000000,equality,access,0,3,8481.602090
2ac0eac9c4fbb32c5270547757d233b5030f8fed,"Intel(R) Core(TM) i5-8365U CPU @ 1.60GHz; linux/amd64","2.2.10","-d:release --mm:arc",RWM,64,1000000,equality,access,0,4,8450.310460
2ac0eac9c4fbb32c5270547757d233b5030f8fed,"Intel(R) Core(TM) i5-8365U CPU @ 1.60GHz; linux/amd64","2.2.10","-d:release --mm:arc",RWM,64,1000000,equality,access,0,5,8721.405520
2ac0eac9c4fbb32c5270547757d233b5030f8fed,"Intel(R) Core(TM) i5-8365U CPU @ 1.60GHz; linux/amd64","2.2.10","-d:release --mm:arc",RWM,64,1000000,equality,access,0,6,8588.051610
2ac0eac9c4fbb32c5270547757d233b5030f8fed,"Intel(R) Core(TM) i5-8365U CPU @ 1.60GHz; linux/amd64","2.2.10","-d:release --mm:arc",RWM,64,1000000,equality,access,0,7,8510.008560
2ac0eac9c4fbb32c5270547757d233b5030f8fed,"Intel(R) Core(TM) i5-8365U CPU @ 1.60GHz; linux/amd64","2.2.10","-d:release --mm:arc",RWM,64,1000000,equality,access,0,8,8356.909620
2ac0eac9c4fbb32c5270547757d233b5030f8fed,"Intel(R) Core(TM) i5-8365U CPU @ 1.60GHz; linux/amd64","2.2.10","-d:release --mm:arc",RWM,64,1000000,equality,access,0,9,8417.876770
2ac0eac9c4fbb32c5270547757d233b5030f8fed,"Intel(R) Core(TM) i5-8365U CPU @ 1.60GHz; linux/amd64","2.2.10","-d:release --mm:arc",RWM,64,1000000,equality,access,0,10,8279.549600
2ac0eac9c4fbb32c5270547757d233b5030f8fed,"Intel(R) Core(TM) i5-8365U CPU @ 1.60GHz; linux/amd64","2.2.10","-d:release --mm:arc",RWM,64,1000000,equality,access,0,11,8343.393920
2ac0eac9c4fbb32c5270547757d233b5030f8fed,"Intel(R) Core(TM) i5-8365U CPU @ 1.60GHz; linux/amd64","2.2.10","-d:release --mm:arc",RWM,64,1000000,equality,access,0,12,9068.110930
2ac0eac9c4fbb32c5270547757d233b5030f8fed,"Intel(R) Core(TM) i5-8365U CPU @ 1.60GHz; linux/amd64","2.2.10","-d:release --mm:arc",RWM,64,1000000,equality,access,0,13,8809.350130
2ac0eac9c4fbb32c5270547757d233b5030f8fed,"Intel(R) Core(TM) i5-8365U CPU @ 1.60GHz; linux/amd64","2.2.10","-d:release --mm:arc",RWM,64,1000000,equality,access,0,14,8700.429560
2ac0eac9c4fbb32c5270547757d233b5030f8fed,"Intel(R) Core(TM) i5-8365U CPU @ 1.60GHz; linux/amd64","2.2.10","-d:release --mm:arc",RWM,64,1000000,equality,access,0,15,8303.393280
2ac0eac9c4fbb32c5270547757d233b5030f8fed,"Intel(R) Core(TM) i5-8365U CPU @ 1.60GHz; linux/amd64","2.2.10","-d:release --mm:arc",RWM,64,1000000,equality,access,0,16,8413.303890
2ac0eac9c4fbb32c5270547757d233b5030f8fed,"Intel(R) Core(TM) i5-8365U CPU @ 1.60GHz; linux/amd64","2.2.10","-d:release --mm:arc",RWM,64,1000000,equality,access,0,17,8358.199070
2ac0eac9c4fbb32c5270547757d233b5030f8fed,"Intel(R) Core(TM) i5-8365U CPU @ 1.60GHz; linux/amd64","2.2.10","-d:release --mm:arc",RWM,64,1000000,equality,access,0,18,8468.341710
2ac0eac9c4fbb32c5270547757d233b5030f8fed,"Intel(R) Core(TM) i5-8365U CPU @ 1.60GHz; linux/amd64","2.2.10","-d:release --mm:arc",RWM,64,1000000,equality,access,0,19,8477.515170
2ac0eac9c4fbb32c5270547757d233b5030f8fed,"Intel(R) Core(TM) i5-8365U CPU @ 1.60GHz; linux/amd64","2.2.10","-d:release --mm:arc",RWM,64,1000000,equality,access,0,20,8287.824480
2ac0eac9c4fbb32c5270547757d233b5030f8fed,"Intel(R) Core(TM) i5-8365U CPU @ 1.60GHz; linux/amd64","2.2.10","-d:release --mm:arc",RWM,64,1000000,equality,access,0,21,8326.654350
2ac0eac9c4fbb32c5270547757d233b5030f8fed,"Intel(R) Core(TM) i5-8365U CPU @ 1.60GHz; linux/amd64","2.2.10","-d:release --mm:arc",RWM,64,1000000,equality,matches_checked,0,1,73.264390
2ac0eac9c4fbb32c5270547757d233b5030f8fed,"Intel(R) Core(TM) i5-8365U CPU @ 1.60GHz; linux/amd64","2.2.10","-d:release --mm:arc",RWM,64,1000000,equality,matches_checked,0,2,72.191340
2ac0eac9c4fbb32c5270547757d233b5030f8fed,"Intel(R) Core(TM) i5-8365U CPU @ 1.60GHz; linux/amd64","2.2.10","-d:release --mm:arc",RWM,64,1000000,equality,matches_checked,0,3,66.376060
2ac0eac9c4fbb32c5270547757d233b5030f8fed,"Intel(R) Core(TM) i5-8365U CPU @ 1.60GHz; linux/amd64","2.2.10","-d:release --mm:arc",RWM,64,1000000,equality,matches_checked,0,4,73.699410
2ac0eac9c4fbb32c5270547757d233b5030f8fed,"Intel(R) Core(TM) i5-8365U CPU @ 1.60GHz; linux/amd64","2.2.10","-d:release --mm:arc",RWM,64,1000000,equality,matches_checked,0,5,79.309670
2ac0eac9c4fbb32c5270547757d233b5030f8fed,"Intel(R) Core(TM) i5-8365U CPU @ 1.60GHz; linux/amd64","2.2.10","-d:release --mm:arc",RWM,64,1000000,equality,matches_checked,0,6,67.148100
2ac0eac9c4fbb32c5270547757d233b5030f8fed,"Intel(R) Core(TM) i5-8365U CPU @ 1.60GHz; linux/amd64","2.2.10","-d:release --mm:arc",RWM,64,1000000,equality,matches_checked,0,7,73.850420
2ac0eac9c4fbb32c5270547757d233b5030f8fed,"Intel(R) Core(TM) i5-8365U CPU @ 1.60GHz; linux/amd64","2.2.10","-d:release --mm:arc",RWM,64,1000000,equality,matches_checked,0,8,66.802090
2ac0eac9c4fbb32c5270547757d233b5030f8fed,"Intel(R) Core(TM) i5-8365U CPU @ 1.60GHz; linux/amd64","2.2.10","-d:release --mm:arc",RWM,64,1000000,equality,matches_checked,0,9,93.291310
2ac0eac9c4fbb32c5270547757d233b5030f8fed,"Intel(R) Core(TM) i5-8365U CPU @ 1.60GHz; linux/amd64","2.2.10","-d:release --mm:arc",RWM,64,1000000,equality,matches_checked,0,10,73.238390
2ac0eac9c4fbb32c5270547757d233b5030f8fed,"Intel(R) Core(TM) i5-8365U CPU @ 1.60GHz; linux/amd64","2.2.10","-d:release --mm:arc",RWM,64,1000000,equality,matches_checked,0,11,77.033560
2ac0eac9c4fbb32c5270547757d233b5030f8fed,"Intel(R) Core(TM) i5-8365U CPU @ 1.60GHz; linux/amd64","2.2.10","-d:release --mm:arc",RWM,64,1000000,equality,matches_checked,0,12,68.097150
2ac0eac9c4fbb32c5270547757d233b5030f8fed,"Intel(R) Core(TM) i5-8365U CPU @ 1.60GHz; linux/amd64","2.2.10","-d:release --mm:arc",RWM,64,1000000,equality,matches_checked,0,13,80.396710
2ac0eac9c4fbb32c5270547757d233b5030f8fed,"Intel(R) Core(TM) i5-8365U CPU @ 1.60GHz; linux/amd64","2.2.10","-d:release --mm:arc",RWM,64,1000000,equality,matches_checked,0,14,77.641590
2ac0eac9c4fbb32c5270547757d233b5030f8fed,"Intel(R) Core(TM) i5-8365U CPU @ 1.60GHz; linux/amd64","2.2.10","-d:release --mm:arc",RWM,64,1000000,equality,matches_checked,0,15,75.070470
2ac0eac9c4fbb32c5270547757d233b5030f8fed,"Intel(R) Core(TM) i5-8365U CPU @ 1.60GHz; linux/amd64","2.2.10","-d:release --mm:arc",RWM,64,1000000,equality,matches_checked,0,16,70.430260
2ac0eac9c4fbb32c5270547757d233b5030f8fed,"Intel(R) Core(TM) i5-8365U CPU @ 1.60GHz; linux/amd64","2.2.10","-d:release --mm:arc",RWM,64,1000000,equality,matches_checked,0,17,68.192150
2ac0eac9c4fbb32c5270547757d233b5030f8fed,"Intel(R) Core(TM) i5-8365U CPU @ 1.60GHz; linux/amd64","2.2.10","-d:release --mm:arc",RWM,64,1000000,equality,matches_checked,0,18,88.910110
2ac0eac9c4fbb32c5270547757d233b5030f8fed,"Intel(R) Core(TM) i5-8365U CPU @ 1.60GHz; linux/amd64","2.2.10","-d:release --mm:arc",RWM,64,1000000,equality,matches_checked,0,19,71.279300
2ac0eac9c4fbb32c5270547757d233b5030f8fed,"Intel(R) Core(TM) i5-8365U CPU @ 1.60GHz; linux/amd64","2.2.10","-d:release --mm:arc",RWM,64,1000000,equality,matches_checked,0,20,74.865460
2ac0eac9c4fbb32c5270547757d233b5030f8fed,"Intel(R) Core(TM) i5-8365U CPU @ 1.60GHz; linux/amd64","2.2.10","-d:release --mm:arc",RWM,64,1000000,equality,matches_checked,0,21,68.867180
2ac0eac9c4fbb32c5270547757d233b5030f8fed,"Intel(R) Core(TM) i5-8365U CPU @ 1.60GHz; linux/amd64","2.2.10","-d:release --mm:arc",RWM,64,1000000,equality,matches_unchecked,0,1,78.327620
2ac0eac9c4fbb32c5270547757d233b5030f8fed,"Intel(R) Core(TM) i5-8365U CPU @ 1.60GHz; linux/amd64","2.2.10","-d:release --mm:arc",RWM,64,1000000,equality,matches_unchecked,0,2,76.807550
2ac0eac9c4fbb32c5270547757d233b5030f8fed,"Intel(R) Core(TM) i5-8365U CPU @ 1.60GHz; linux/amd64","2.2.10","-d:release --mm:arc",RWM,64,1000000,equality,matches_unchecked,0,3,67.614130
2ac0eac9c4fbb32c5270547757d233b5030f8fed,"Intel(R) Core(TM) i5-8365U CPU @ 1.60GHz; linux/amd64","2.2.10","-d:release --mm:arc",RWM,64,1000000,equality,matches_unchecked,0,4,73.103380
2ac0eac9c4fbb32c5270547757d233b5030f8fed,"Intel(R) Core(TM) i5-8365U CPU @ 1.60GHz; linux/amd64","2.2.10","-d:release --mm:arc",RWM,64,1000000,equality,matches_unchecked,0,5,89.622140
2ac0eac9c4fbb32c5270547757d233b5030f8fed,"Intel(R) Core(TM) i5-8365U CPU @ 1.60GHz; linux/amd64","2.2.10","-d:release --mm:arc",RWM,64,1000000,equality,matches_unchecked,0,6,73.731410
2ac0eac9c4fbb32c5270547757d233b5030f8fed,"Intel(R) Core(TM) i5-8365U CPU @ 1.60GHz; linux/amd64","2.2.10","-d:release --mm:arc",RWM,64,1000000,equality,matches_unchecked,0,7,72.047330
2ac0eac9c4fbb32c5270547757d233b5030f8fed,"Intel(R) Core(TM) i5-8365U CPU @ 1.60GHz; linux/amd64","2.2.10","-d:release --mm:arc",RWM,64,1000000,equality,matches_unchecked,0,8,67.786140
2ac0eac9c4fbb32c5270547757d233b5030f8fed,"Intel(R) Core(TM) i5-8365U CPU @ 1.60GHz; linux/amd64","2.2.10","-d:release --mm:arc",RWM,64,1000000,equality,matches_unchecked,0,9,92.957300
2ac0eac9c4fbb32c5270547757d233b5030f8fed,"Intel(R) Core(TM) i5-8365U CPU @ 1.60GHz; linux/amd64","2.2.10","-d:release --mm:arc",RWM,64,1000000,equality,matches_unchecked,0,10,70.024230
2ac0eac9c4fbb32c5270547757d233b5030f8fed,"Intel(R) Core(TM) i5-8365U CPU @ 1.60GHz; linux/amd64","2.2.10","-d:release --mm:arc",RWM,64,1000000,equality,matches_unchecked,0,11,76.866560
2ac0eac9c4fbb32c5270547757d233b5030f8fed,"Intel(R) Core(TM) i5-8365U CPU @ 1.60GHz; linux/amd64","2.2.10","-d:release --mm:arc",RWM,64,1000000,equality,matches_unchecked,0,12,67.799130
2ac0eac9c4fbb32c5270547757d233b5030f8fed,"Intel(R) Core(TM) i5-8365U CPU @ 1.60GHz; linux/amd64","2.2.10","-d:release --mm:arc",RWM,64,1000000,equality,matches_unchecked,0,13,77.878600
2ac0eac9c4fbb32c5270547757d233b5030f8fed,"Intel(R) Core(TM) i5-8365U CPU @ 1.60GHz; linux/amd64","2.2.10","-d:release --mm:arc",RWM,64,1000000,equality,matches_unchecked,0,14,93.876340
2ac0eac9c4fbb32c5270547757d233b5030f8fed,"Intel(R) Core(TM) i5-8365U CPU @ 1.60GHz; linux/amd64","2.2.10","-d:release --mm:arc",RWM,64,1000000,equality,matches_unchecked,0,15,80.485720
2ac0eac9c4fbb32c5270547757d233b5030f8fed,"Intel(R) Core(TM) i5-8365U CPU @ 1.60GHz; linux/amd64","2.2.10","-d:release --mm:arc",RWM,64,1000000,equality,matches_unchecked,0,16,68.228160
2ac0eac9c4fbb32c5270547757d233b5030f8fed,"Intel(R) Core(TM) i5-8365U CPU @ 1.60GHz; linux/amd64","2.2.10","-d:release --mm:arc",RWM,64,1000000,equality,matches_unchecked,0,17,73.924420
2ac0eac9c4fbb32c5270547757d233b5030f8fed,"Intel(R) Core(TM) i5-8365U CPU @ 1.60GHz; linux/amd64","2.2.10","-d:release --mm:arc",RWM,64,1000000,equality,matches_unchecked,0,18,83.498860
2ac0eac9c4fbb32c5270547757d233b5030f8fed,"Intel(R) Core(TM) i5-8365U CPU @ 1.60GHz; linux/amd64","2.2.10","-d:release --mm:arc",RWM,64,1000000,equality,matches_unchecked,0,19,78.608630
2ac0eac9c4fbb32c5270547757d233b5030f8fed,"Intel(R) Core(TM) i5-8365U CPU @ 1.60GHz; linux/amd64","2.2.10","-d:release --mm:arc",RWM,64,1000000,equality,matches_unchecked,0,20,71.895320
2ac0eac9c4fbb32c5270547757d233b5030f8fed,"Intel(R) Core(TM) i5-8365U CPU @ 1.60GHz; linux/amd64","2.2.10","-d:release --mm:arc",RWM,64,1000000,equality,matches_unchecked,0,21,68.199160
2ac0eac9c4fbb32c5270547757d233b5030f8fed,"Intel(R) Core(TM) i5-8365U CPU @ 1.60GHz; linux/amd64","2.2.10","-d:release --mm:arc",WM,64,1000000,equality,access,1,1,8656.391180
2ac0eac9c4fbb32c5270547757d233b5030f8fed,"Intel(R) Core(TM) i5-8365U CPU @ 1.60GHz; linux/amd64","2.2.10","-d:release --mm:arc",WM,64,1000000,equality,access,1,2,8474.249760
2ac0eac9c4fbb32c5270547757d233b5030f8fed,"Intel(R) Core(TM) i5-8365U CPU @ 1.60GHz; linux/amd64","2.2.10","-d:release --mm:arc",WM,64,1000000,equality,access,1,3,8292.096350
2ac0eac9c4fbb32c5270547757d233b5030f8fed,"Intel(R) Core(TM) i5-8365U CPU @ 1.60GHz; linux/amd64","2.2.10","-d:release --mm:arc",WM,64,1000000,equality,access,1,4,8168.996650
2ac0eac9c4fbb32c5270547757d233b5030f8fed,"Intel(R) Core(TM) i5-8365U CPU @ 1.60GHz; linux/amd64","2.2.10","-d:release --mm:arc",WM,64,1000000,equality,access,1,5,8024.236960
2ac0eac9c4fbb32c5270547757d233b5030f8fed,"Intel(R) Core(TM) i5-8365U CPU @ 1.60GHz; linux/amd64","2.2.10","-d:release --mm:arc",WM,64,1000000,equality,access,1,6,8104.658680
2ac0eac9c4fbb32c5270547757d233b5030f8fed,"Intel(R) Core(TM) i5-8365U CPU @ 1.60GHz; linux/amd64","2.2.10","-d:release --mm:arc",WM,64,1000000,equality,access,1,7,8297.942610
2ac0eac9c4fbb32c5270547757d233b5030f8fed,"Intel(R) Core(TM) i5-8365U CPU @ 1.60GHz; linux/amd64","2.2.10","-d:release --mm:arc",WM,64,1000000,equality,access,1,8,8066.910040
2ac0eac9c4fbb32c5270547757d233b5030f8fed,"Intel(R) Core(TM) i5-8365U CPU @ 1.60GHz; linux/amd64","2.2.10","-d:release --mm:arc",WM,64,1000000,equality,access,1,9,8218.903520
2ac0eac9c4fbb32c5270547757d233b5030f8fed,"Intel(R) Core(TM) i5-8365U CPU @ 1.60GHz; linux/amd64","2.2.10","-d:release --mm:arc",WM,64,1000000,equality,access,1,10,8224.203790
2ac0eac9c4fbb32c5270547757d233b5030f8fed,"Intel(R) Core(TM) i5-8365U CPU @ 1.60GHz; linux/amd64","2.2.10","-d:release --mm:arc",WM,64,1000000,equality,access,1,11,8998.234300
2ac0eac9c4fbb32c5270547757d233b5030f8fed,"Intel(R) Core(TM) i5-8365U CPU @ 1.60GHz; linux/amd64","2.2.10","-d:release --mm:arc",WM,64,1000000,equality,access,1,12,8282.667780
2ac0eac9c4fbb32c5270547757d233b5030f8fed,"Intel(R) Core(TM) i5-8365U CPU @ 1.60GHz; linux/amd64","2.2.10","-d:release --mm:arc",WM,64,1000000,equality,access,1,13,8322.075790
2ac0eac9c4fbb32c5270547757d233b5030f8fed,"Intel(R) Core(TM) i5-8365U CPU @ 1.60GHz; linux/amd64","2.2.10","-d:release --mm:arc",WM,64,1000000,equality,access,1,14,8469.358300
2ac0eac9c4fbb32c5270547757d233b5030f8fed,"Intel(R) Core(TM) i5-8365U CPU @ 1.60GHz; linux/amd64","2.2.10","-d:release --mm:arc",WM,64,1000000,equality,access,1,15,8245.277870
2ac0eac9c4fbb32c5270547757d233b5030f8fed,"Intel(R) Core(TM) i5-8365U CPU @ 1.60GHz; linux/amd64","2.2.10","-d:release --mm:arc",WM,64,1000000,equality,access,1,16,8444.256030
2ac0eac9c4fbb32c5270547757d233b5030f8fed,"Intel(R) Core(TM) i5-8365U CPU @ 1.60GHz; linux/amd64","2.2.10","-d:release --mm:arc",WM,64,1000000,equality,access,1,17,8396.535590
2ac0eac9c4fbb32c5270547757d233b5030f8fed,"Intel(R) Core(TM) i5-8365U CPU @ 1.60GHz; linux/amd64","2.2.10","-d:release --mm:arc",WM,64,1000000,equality,access,1,18,8267.951910
2ac0eac9c4fbb32c5270547757d233b5030f8fed,"Intel(R) Core(TM) i5-8365U CPU @ 1.60GHz; linux/amd64","2.2.10","-d:release --mm:arc",WM,64,1000000,equality,access,1,19,8530.066010
2ac0eac9c4fbb32c5270547757d233b5030f8fed,"Intel(R) Core(TM) i5-8365U CPU @ 1.60GHz; linux/amd64","2.2.10","-d:release --mm:arc",WM,64,1000000,equality,access,1,20,8394.479980
2ac0eac9c4fbb32c5270547757d233b5030f8fed,"Intel(R) Core(TM) i5-8365U CPU @ 1.60GHz; linux/amd64","2.2.10","-d:release --mm:arc",WM,64,1000000,equality,access,1,21,10024.861470
2ac0eac9c4fbb32c5270547757d233b5030f8fed,"Intel(R) Core(TM) i5-8365U CPU @ 1.60GHz; linux/amd64","2.2.10","-d:release --mm:arc",WM,64,1000000,equality,matches_checked,1,1,246.054750
2ac0eac9c4fbb32c5270547757d233b5030f8fed,"Intel(R) Core(TM) i5-8365U CPU @ 1.60GHz; linux/amd64","2.2.10","-d:release --mm:arc",WM,64,1000000,equality,matches_checked,1,2,214.217100
2ac0eac9c4fbb32c5270547757d233b5030f8fed,"Intel(R) Core(TM) i5-8365U CPU @ 1.60GHz; linux/amd64","2.2.10","-d:release --mm:arc",WM,64,1000000,equality,matches_checked,1,3,226.775750
2ac0eac9c4fbb32c5270547757d233b5030f8fed,"Intel(R) Core(TM) i5-8365U CPU @ 1.60GHz; linux/amd64","2.2.10","-d:release --mm:arc",WM,64,1000000,equality,matches_checked,1,4,243.545620
2ac0eac9c4fbb32c5270547757d233b5030f8fed,"Intel(R) Core(TM) i5-8365U CPU @ 1.60GHz; linux/amd64","2.2.10","-d:release --mm:arc",WM,64,1000000,equality,matches_checked,1,5,200.203380
2ac0eac9c4fbb32c5270547757d233b5030f8fed,"Intel(R) Core(TM) i5-8365U CPU @ 1.60GHz; linux/amd64","2.2.10","-d:release --mm:arc",WM,64,1000000,equality,matches_checked,1,6,206.389690
2ac0eac9c4fbb32c5270547757d233b5030f8fed,"Intel(R) Core(TM) i5-8365U CPU @ 1.60GHz; linux/amd64","2.2.10","-d:release --mm:arc",WM,64,1000000,equality,matches_checked,1,7,245.139710
2ac0eac9c4fbb32c5270547757d233b5030f8fed,"Intel(R) Core(TM) i5-8365U CPU @ 1.60GHz; linux/amd64","2.2.10","-d:release --mm:arc",WM,64,1000000,equality,matches_checked,1,8,205.032620
2ac0eac9c4fbb32c5270547757d233b5030f8fed,"Intel(R) Core(TM) i5-8365U CPU @ 1.60GHz; linux/amd64","2.2.10","-d:release --mm:arc",WM,64,1000000,equality,matches_checked,1,9,199.978360
2ac0eac9c4fbb32c5270547757d233b5030f8fed,"Intel(R) Core(TM) i5-8365U CPU @ 1.60GHz; linux/amd64","2.2.10","-d:release --mm:arc",WM,64,1000000,equality,matches_checked,1,10,248.447880
2ac0eac9c4fbb32c5270547757d233b5030f8fed,"Intel(R) Core(TM) i5-8365U CPU @ 1.60GHz; linux/amd64","2.2.10","-d:release --mm:arc",WM,64,1000000,equality,matches_checked,1,11,205.561650
2ac0eac9c4fbb32c5270547757d233b5030f8fed,"Intel(R) Core(TM) i5-8365U CPU @ 1.60GHz; linux/amd64","2.2.10","-d:release --mm:arc",WM,64,1000000,equality,matches_checked,1,12,221.552480
2ac0eac9c4fbb32c5270547757d233b5030f8fed,"Intel(R) Core(TM) i5-8365U CPU @ 1.60GHz; linux/amd64","2.2.10","-d:release --mm:arc",WM,64,1000000,equality,matches_checked,1,13,205.665660
2ac0eac9c4fbb32c5270547757d233b5030f8fed,"Intel(R) Core(TM) i5-8365U CPU @ 1.60GHz; linux/amd64","2.2.10","-d:release --mm:arc",WM,64,1000000,equality,matches_checked,1,14,213.904080
2ac0eac9c4fbb32c5270547757d233b5030f8fed,"Intel(R) Core(TM) i5-8365U CPU @ 1.60GHz; linux/amd64","2.2.10","-d:release --mm:arc",WM,64,1000000,equality,matches_checked,1,15,177.962220
2ac0eac9c4fbb32c5270547757d233b5030f8fed,"Intel(R) Core(TM) i5-8365U CPU @ 1.60GHz; linux/amd64","2.2.10","-d:release --mm:arc",WM,64,1000000,equality,matches_checked,1,16,208.450800
2ac0eac9c4fbb32c5270547757d233b5030f8fed,"Intel(R) Core(TM) i5-8365U CPU @ 1.60GHz; linux/amd64","2.2.10","-d:release --mm:arc",WM,64,1000000,equality,matches_checked,1,17,175.343080
2ac0eac9c4fbb32c5270547757d233b5030f8fed,"Intel(R) Core(TM) i5-8365U CPU @ 1.60GHz; linux/amd64","2.2.10","-d:release --mm:arc",WM,64,1000000,equality,matches_checked,1,18,204.428600
2ac0eac9c4fbb32c5270547757d233b5030f8fed,"Intel(R) Core(TM) i5-8365U CPU @ 1.60GHz; linux/amd64","2.2.10","-d:release --mm:arc",WM,64,1000000,equality,matches_checked,1,19,176.909160
2ac0eac9c4fbb32c5270547757d233b5030f8fed,"Intel(R) Core(TM) i5-8365U CPU @ 1.60GHz; linux/amd64","2.2.10","-d:release --mm:arc",WM,64,1000000,equality,matches_checked,1,20,200.317380
2ac0eac9c4fbb32c5270547757d233b5030f8fed,"Intel(R) Core(TM) i5-8365U CPU @ 1.60GHz; linux/amd64","2.2.10","-d:release --mm:arc",WM,64,1000000,equality,matches_checked,1,21,251.960060
2ac0eac9c4fbb32c5270547757d233b5030f8fed,"Intel(R) Core(TM) i5-8365U CPU @ 1.60GHz; linux/amd64","2.2.10","-d:release --mm:arc",WM,64,1000000,equality,matches_unchecked,1,1,198.486290
2ac0eac9c4fbb32c5270547757d233b5030f8fed,"Intel(R) Core(TM) i5-8365U CPU @ 1.60GHz; linux/amd64","2.2.10","-d:release --mm:arc",WM,64,1000000,equality,matches_unchecked,1,2,180.163330
2ac0eac9c4fbb32c5270547757d233b5030f8fed,"Intel(R) Core(TM) i5-8365U CPU @ 1.60GHz; linux/amd64","2.2.10","-d:release --mm:arc",WM,64,1000000,equality,matches_unchecked,1,3,187.687720
2ac0eac9c4fbb32c5270547757d233b5030f8fed,"Intel(R) Core(TM) i5-8365U CPU @ 1.60GHz; linux/amd64","2.2.10","-d:release --mm:arc",WM,64,1000000,equality,matches_unchecked,1,4,187.760730
2ac0eac9c4fbb32c5270547757d233b5030f8fed,"Intel(R) Core(TM) i5-8365U CPU @ 1.60GHz; linux/amd64","2.2.10","-d:release --mm:arc",WM,64,1000000,equality,matches_unchecked,1,5,180.069330
2ac0eac9c4fbb32c5270547757d233b5030f8fed,"Intel(R) Core(TM) i5-8365U CPU @ 1.60GHz; linux/amd64","2.2.10","-d:release --mm:arc",WM,64,1000000,equality,matches_unchecked,1,6,192.866000
2ac0eac9c4fbb32c5270547757d233b5030f8fed,"Intel(R) Core(TM) i5-8365U CPU @ 1.60GHz; linux/amd64","2.2.10","-d:release --mm:arc",WM,64,1000000,equality,matches_unchecked,1,7,166.583630
2ac0eac9c4fbb32c5270547757d233b5030f8fed,"Intel(R) Core(TM) i5-8365U CPU @ 1.60GHz; linux/amd64","2.2.10","-d:release --mm:arc",WM,64,1000000,equality,matches_unchecked,1,8,183.579510
2ac0eac9c4fbb32c5270547757d233b5030f8fed,"Intel(R) Core(TM) i5-8365U CPU @ 1.60GHz; linux/amd64","2.2.10","-d:release --mm:arc",WM,64,1000000,equality,matches_unchecked,1,9,167.470680
2ac0eac9c4fbb32c5270547757d233b5030f8fed,"Intel(R) Core(TM) i5-8365U CPU @ 1.60GHz; linux/amd64","2.2.10","-d:release --mm:arc",WM,64,1000000,equality,matches_unchecked,1,10,197.349230
2ac0eac9c4fbb32c5270547757d233b5030f8fed,"Intel(R) Core(TM) i5-8365U CPU @ 1.60GHz; linux/amd64","2.2.10","-d:release --mm:arc",WM,64,1000000,equality,matches_unchecked,1,11,168.652730
2ac0eac9c4fbb32c5270547757d233b5030f8fed,"Intel(R) Core(TM) i5-8365U CPU @ 1.60GHz; linux/amd64","2.2.10","-d:release --mm:arc",WM,64,1000000,equality,matches_unchecked,1,12,203.345530
2ac0eac9c4fbb32c5270547757d233b5030f8fed,"Intel(R) Core(TM) i5-8365U CPU @ 1.60GHz; linux/amd64","2.2.10","-d:release --mm:arc",WM,64,1000000,equality,matches_unchecked,1,13,172.045920
2ac0eac9c4fbb32c5270547757d233b5030f8fed,"Intel(R) Core(TM) i5-8365U CPU @ 1.60GHz; linux/amd64","2.2.10","-d:release --mm:arc",WM,64,1000000,equality,matches_unchecked,1,14,192.734980
2ac0eac9c4fbb32c5270547757d233b5030f8fed,"Intel(R) Core(TM) i5-8365U CPU @ 1.60GHz; linux/amd64","2.2.10","-d:release --mm:arc",WM,64,1000000,equality,matches_unchecked,1,15,188.696770
2ac0eac9c4fbb32c5270547757d233b5030f8fed,"Intel(R) Core(TM) i5-8365U CPU @ 1.60GHz; linux/amd64","2.2.10","-d:release --mm:arc",WM,64,1000000,equality,matches_unchecked,1,16,180.685370
2ac0eac9c4fbb32c5270547757d233b5030f8fed,"Intel(R) Core(TM) i5-8365U CPU @ 1.60GHz; linux/amd64","2.2.10","-d:release --mm:arc",WM,64,1000000,equality,matches_unchecked,1,17,192.093950
2ac0eac9c4fbb32c5270547757d233b5030f8fed,"Intel(R) Core(TM) i5-8365U CPU @ 1.60GHz; linux/amd64","2.2.10","-d:release --mm:arc",WM,64,1000000,equality,matches_unchecked,1,18,165.728590
2ac0eac9c4fbb32c5270547757d233b5030f8fed,"Intel(R) Core(TM) i5-8365U CPU @ 1.60GHz; linux/amd64","2.2.10","-d:release --mm:arc",WM,64,1000000,equality,matches_unchecked,1,19,186.828680
2ac0eac9c4fbb32c5270547757d233b5030f8fed,"Intel(R) Core(TM) i5-8365U CPU @ 1.60GHz; linux/amd64","2.2.10","-d:release --mm:arc",WM,64,1000000,equality,matches_unchecked,1,20,159.850280
2ac0eac9c4fbb32c5270547757d233b5030f8fed,"Intel(R) Core(TM) i5-8365U CPU @ 1.60GHz; linux/amd64","2.2.10","-d:release --mm:arc",WM,64,1000000,equality,matches_unchecked,1,21,197.905260
2ac0eac9c4fbb32c5270547757d233b5030f8fed,"Intel(R) Core(TM) i5-8365U CPU @ 1.60GHz; linux/amd64","2.2.10","-d:release --mm:arc",RWM,64,1000000,equality,access,1,1,8842.470200
2ac0eac9c4fbb32c5270547757d233b5030f8fed,"Intel(R) Core(TM) i5-8365U CPU @ 1.60GHz; linux/amd64","2.2.10","-d:release --mm:arc",RWM,64,1000000,equality,access,1,2,8972.650940
2ac0eac9c4fbb32c5270547757d233b5030f8fed,"Intel(R) Core(TM) i5-8365U CPU @ 1.60GHz; linux/amd64","2.2.10","-d:release --mm:arc",RWM,64,1000000,equality,access,1,3,8822.082140
2ac0eac9c4fbb32c5270547757d233b5030f8fed,"Intel(R) Core(TM) i5-8365U CPU @ 1.60GHz; linux/amd64","2.2.10","-d:release --mm:arc",RWM,64,1000000,equality,access,1,4,8577.565020
2ac0eac9c4fbb32c5270547757d233b5030f8fed,"Intel(R) Core(TM) i5-8365U CPU @ 1.60GHz; linux/amd64","2.2.10","-d:release --mm:arc",RWM,64,1000000,equality,access,1,5,8794.943750
2ac0eac9c4fbb32c5270547757d233b5030f8fed,"Intel(R) Core(TM) i5-8365U CPU @ 1.60GHz; linux/amd64","2.2.10","-d:release --mm:arc",RWM,64,1000000,equality,access,1,6,8507.678830
2ac0eac9c4fbb32c5270547757d233b5030f8fed,"Intel(R) Core(TM) i5-8365U CPU @ 1.60GHz; linux/amd64","2.2.10","-d:release --mm:arc",RWM,64,1000000,equality,access,1,7,8722.507990
2ac0eac9c4fbb32c5270547757d233b5030f8fed,"Intel(R) Core(TM) i5-8365U CPU @ 1.60GHz; linux/amd64","2.2.10","-d:release --mm:arc",RWM,64,1000000,equality,access,1,8,9328.232450
2ac0eac9c4fbb32c5270547757d233b5030f8fed,"Intel(R) Core(TM) i5-8365U CPU @ 1.60GHz; linux/amd64","2.2.10","-d:release --mm:arc",RWM,64,1000000,equality,access,1,9,8913.370900
2ac0eac9c4fbb32c5270547757d233b5030f8fed,"Intel(R) Core(TM) i5-8365U CPU @ 1.60GHz; linux/amd64","2.2.10","-d:release --mm:arc",RWM,64,1000000,equality,access,1,10,8714.971600
2ac0eac9c4fbb32c5270547757d233b5030f8fed,"Intel(R) Core(TM) i5-8365U CPU @ 1.60GHz; linux/amd64","2.2.10","-d:release --mm:arc",RWM,64,1000000,equality,access,1,11,8464.221580
2ac0eac9c4fbb32c5270547757d233b5030f8fed,"Intel(R) Core(TM) i5-8365U CPU @ 1.60GHz; linux/amd64","2.2.10","-d:release --mm:arc",RWM,64,1000000,equality,access,1,12,8565.077820
2ac0eac9c4fbb32c5270547757d233b5030f8fed,"Intel(R) Core(TM) i5-8365U CPU @ 1.60GHz; linux/amd64","2.2.10","-d:release --mm:arc",RWM,64,1000000,equality,access,1,13,8646.651070
2ac0eac9c4fbb32c5270547757d233b5030f8fed,"Intel(R) Core(TM) i5-8365U CPU @ 1.60GHz; linux/amd64","2.2.10","-d:release --mm:arc",RWM,64,1000000,equality,access,1,14,8549.866500
2ac0eac9c4fbb32c5270547757d233b5030f8fed,"Intel(R) Core(TM) i5-8365U CPU @ 1.60GHz; linux/amd64","2.2.10","-d:release --mm:arc",RWM,64,1000000,equality,access,1,15,8585.443330
2ac0eac9c4fbb32c5270547757d233b5030f8fed,"Intel(R) Core(TM) i5-8365U CPU @ 1.60GHz; linux/amd64","2.2.10","-d:release --mm:arc",RWM,64,1000000,equality,access,1,16,8266.583870
2ac0eac9c4fbb32c5270547757d233b5030f8fed,"Intel(R) Core(TM) i5-8365U CPU @ 1.60GHz; linux/amd64","2.2.10","-d:release --mm:arc",RWM,64,1000000,equality,access,1,17,9081.400950
2ac0eac9c4fbb32c5270547757d233b5030f8fed,"Intel(R) Core(TM) i5-8365U CPU @ 1.60GHz; linux/amd64","2.2.10","-d:release --mm:arc",RWM,64,1000000,equality,access,1,18,8526.709300
2ac0eac9c4fbb32c5270547757d233b5030f8fed,"Intel(R) Core(TM) i5-8365U CPU @ 1.60GHz; linux/amd64","2.2.10","-d:release --mm:arc",RWM,64,1000000,equality,access,1,19,9674.067550
2ac0eac9c4fbb32c5270547757d233b5030f8fed,"Intel(R) Core(TM) i5-8365U CPU @ 1.60GHz; linux/amd64","2.2.10","-d:release --mm:arc",RWM,64,1000000,equality,access,1,20,8578.010950
2ac0eac9c4fbb32c5270547757d233b5030f8fed,"Intel(R) Core(TM) i5-8365U CPU @ 1.60GHz; linux/amd64","2.2.10","-d:release --mm:arc",RWM,64,1000000,equality,access,1,21,8371.219280
2ac0eac9c4fbb32c5270547757d233b5030f8fed,"Intel(R) Core(TM) i5-8365U CPU @ 1.60GHz; linux/amd64","2.2.10","-d:release --mm:arc",RWM,64,1000000,equality,matches_checked,1,1,213.701030
2ac0eac9c4fbb32c5270547757d233b5030f8fed,"Intel(R) Core(TM) i5-8365U CPU @ 1.60GHz; linux/amd64","2.2.10","-d:release --mm:arc",RWM,64,1000000,equality,matches_checked,1,2,157.619140
2ac0eac9c4fbb32c5270547757d233b5030f8fed,"Intel(R) Core(TM) i5-8365U CPU @ 1.60GHz; linux/amd64","2.2.10","-d:release --mm:arc",RWM,64,1000000,equality,matches_checked,1,3,187.017660
2ac0eac9c4fbb32c5270547757d233b5030f8fed,"Intel(R) Core(TM) i5-8365U CPU @ 1.60GHz; linux/amd64","2.2.10","-d:release --mm:arc",RWM,64,1000000,equality,matches_checked,1,4,173.210950
2ac0eac9c4fbb32c5270547757d233b5030f8fed,"Intel(R) Core(TM) i5-8365U CPU @ 1.60GHz; linux/amd64","2.2.10","-d:release --mm:arc",RWM,64,1000000,equality,matches_checked,1,5,169.988770
2ac0eac9c4fbb32c5270547757d233b5030f8fed,"Intel(R) Core(TM) i5-8365U CPU @ 1.60GHz; linux/amd64","2.2.10","-d:release --mm:arc",RWM,64,1000000,equality,matches_checked,1,6,176.760130
2ac0eac9c4fbb32c5270547757d233b5030f8fed,"Intel(R) Core(TM) i5-8365U CPU @ 1.60GHz; linux/amd64","2.2.10","-d:release --mm:arc",RWM,64,1000000,equality,matches_checked,1,7,193.990020
2ac0eac9c4fbb32c5270547757d233b5030f8fed,"Intel(R) Core(TM) i5-8365U CPU @ 1.60GHz; linux/amd64","2.2.10","-d:release --mm:arc",RWM,64,1000000,equality,matches_checked,1,8,215.228110
2ac0eac9c4fbb32c5270547757d233b5030f8fed,"Intel(R) Core(TM) i5-8365U CPU @ 1.60GHz; linux/amd64","2.2.10","-d:release --mm:arc",RWM,64,1000000,equality,matches_checked,1,9,175.126050
2ac0eac9c4fbb32c5270547757d233b5030f8fed,"Intel(R) Core(TM) i5-8365U CPU @ 1.60GHz; linux/amd64","2.2.10","-d:release --mm:arc",RWM,64,1000000,equality,matches_checked,1,10,172.167890
2ac0eac9c4fbb32c5270547757d233b5030f8fed,"Intel(R) Core(TM) i5-8365U CPU @ 1.60GHz; linux/amd64","2.2.10","-d:release --mm:arc",RWM,64,1000000,equality,matches_checked,1,11,158.649190
2ac0eac9c4fbb32c5270547757d233b5030f8fed,"Intel(R) Core(TM) i5-8365U CPU @ 1.60GHz; linux/amd64","2.2.10","-d:release --mm:arc",RWM,64,1000000,equality,matches_checked,1,12,176.274100
2ac0eac9c4fbb32c5270547757d233b5030f8fed,"Intel(R) Core(TM) i5-8365U CPU @ 1.60GHz; linux/amd64","2.2.10","-d:release --mm:arc",RWM,64,1000000,equality,matches_checked,1,13,160.235280
2ac0eac9c4fbb32c5270547757d233b5030f8fed,"Intel(R) Core(TM) i5-8365U CPU @ 1.60GHz; linux/amd64","2.2.10","-d:release --mm:arc",RWM,64,1000000,equality,matches_checked,1,14,204.836580
2ac0eac9c4fbb32c5270547757d233b5030f8fed,"Intel(R) Core(TM) i5-8365U CPU @ 1.60GHz; linux/amd64","2.2.10","-d:release --mm:arc",RWM,64,1000000,equality,matches_checked,1,15,162.232370
2ac0eac9c4fbb32c5270547757d233b5030f8fed,"Intel(R) Core(TM) i5-8365U CPU @ 1.60GHz; linux/amd64","2.2.10","-d:release --mm:arc",RWM,64,1000000,equality,matches_checked,1,16,185.189570
2ac0eac9c4fbb32c5270547757d233b5030f8fed,"Intel(R) Core(TM) i5-8365U CPU @ 1.60GHz; linux/amd64","2.2.10","-d:release --mm:arc",RWM,64,1000000,equality,matches_checked,1,17,177.179150
2ac0eac9c4fbb32c5270547757d233b5030f8fed,"Intel(R) Core(TM) i5-8365U CPU @ 1.60GHz; linux/amd64","2.2.10","-d:release --mm:arc",RWM,64,1000000,equality,matches_checked,1,18,163.426430
2ac0eac9c4fbb32c5270547757d233b5030f8fed,"Intel(R) Core(TM) i5-8365U CPU @ 1.60GHz; linux/amd64","2.2.10","-d:release --mm:arc",RWM,64,1000000,equality,matches_checked,1,19,167.941680
2ac0eac9c4fbb32c5270547757d233b5030f8fed,"Intel(R) Core(TM) i5-8365U CPU @ 1.60GHz; linux/amd64","2.2.10","-d:release --mm:arc",RWM,64,1000000,equality,matches_checked,1,20,177.675170
2ac0eac9c4fbb32c5270547757d233b5030f8fed,"Intel(R) Core(TM) i5-8365U CPU @ 1.60GHz; linux/amd64","2.2.10","-d:release --mm:arc",RWM,64,1000000,equality,matches_checked,1,21,170.843820
2ac0eac9c4fbb32c5270547757d233b5030f8fed,"Intel(R) Core(TM) i5-8365U CPU @ 1.60GHz; linux/amd64","2.2.10","-d:release --mm:arc",RWM,64,1000000,equality,matches_unchecked,1,1,166.637610
2ac0eac9c4fbb32c5270547757d233b5030f8fed,"Intel(R) Core(TM) i5-8365U CPU @ 1.60GHz; linux/amd64","2.2.10","-d:release --mm:arc",RWM,64,1000000,equality,matches_unchecked,1,2,183.546480
2ac0eac9c4fbb32c5270547757d233b5030f8fed,"Intel(R) Core(TM) i5-8365U CPU @ 1.60GHz; linux/amd64","2.2.10","-d:release --mm:arc",RWM,64,1000000,equality,matches_unchecked,1,3,214.104050
2ac0eac9c4fbb32c5270547757d233b5030f8fed,"Intel(R) Core(TM) i5-8365U CPU @ 1.60GHz; linux/amd64","2.2.10","-d:release --mm:arc",RWM,64,1000000,equality,matches_unchecked,1,4,182.560430
2ac0eac9c4fbb32c5270547757d233b5030f8fed,"Intel(R) Core(TM) i5-8365U CPU @ 1.60GHz; linux/amd64","2.2.10","-d:release --mm:arc",RWM,64,1000000,equality,matches_unchecked,1,5,167.048630
2ac0eac9c4fbb32c5270547757d233b5030f8fed,"Intel(R) Core(TM) i5-8365U CPU @ 1.60GHz; linux/amd64","2.2.10","-d:release --mm:arc",RWM,64,1000000,equality,matches_unchecked,1,6,168.613700
2ac0eac9c4fbb32c5270547757d233b5030f8fed,"Intel(R) Core(TM) i5-8365U CPU @ 1.60GHz; linux/amd64","2.2.10","-d:release --mm:arc",RWM,64,1000000,equality,matches_unchecked,1,7,164.853520
2ac0eac9c4fbb32c5270547757d233b5030f8fed,"Intel(R) Core(TM) i5-8365U CPU @ 1.60GHz; linux/amd64","2.2.10","-d:release --mm:arc",RWM,64,1000000,equality,matches_unchecked,1,8,162.230370
2ac0eac9c4fbb32c5270547757d233b5030f8fed,"Intel(R) Core(TM) i5-8365U CPU @ 1.60GHz; linux/amd64","2.2.10","-d:release --mm:arc",RWM,64,1000000,equality,matches_unchecked,1,9,201.679420
2ac0eac9c4fbb32c5270547757d233b5030f8fed,"Intel(R) Core(TM) i5-8365U CPU @ 1.60GHz; linux/amd64","2.2.10","-d:release --mm:arc",RWM,64,1000000,equality,matches_unchecked,1,10,158.772200
2ac0eac9c4fbb32c5270547757d233b5030f8fed,"Intel(R) Core(TM) i5-8365U CPU @ 1.60GHz; linux/amd64","2.2.10","-d:release --mm:arc",RWM,64,1000000,equality,matches_unchecked,1,11,174.725020
2ac0eac9c4fbb32c5270547757d233b5030f8fed,"Intel(R) Core(TM) i5-8365U CPU @ 1.60GHz; linux/amd64","2.2.10","-d:release --mm:arc",RWM,64,1000000,equality,matches_unchecked,1,12,156.197070
2ac0eac9c4fbb32c5270547757d233b5030f8fed,"Intel(R) Core(TM) i5-8365U CPU @ 1.60GHz; linux/amd64","2.2.10","-d:release --mm:arc",RWM,64,1000000,equality,matches_unchecked,1,13,158.004160
2ac0eac9c4fbb32c5270547757d233b5030f8fed,"Intel(R) Core(TM) i5-8365U CPU @ 1.60GHz; linux/amd64","2.2.10","-d:release --mm:arc",RWM,64,1000000,equality,matches_unchecked,1,14,156.824090
2ac0eac9c4fbb32c5270547757d233b5030f8fed,"Intel(R) Core(TM) i5-8365U CPU @ 1.60GHz; linux/amd64","2.2.10","-d:release --mm:arc",RWM,64,1000000,equality,matches_unchecked,1,15,191.114870
2ac0eac9c4fbb32c5270547757d233b5030f8fed,"Intel(R) Core(TM) i5-8365U CPU @ 1.60GHz; linux/amd64","2.2.10","-d:release --mm:arc",RWM,64,1000000,equality,matches_unchecked,1,16,160.874310
2ac0eac9c4fbb32c5270547757d233b5030f8fed,"Intel(R) Core(TM) i5-8365U CPU @ 1.60GHz; linux/amd64","2.2.10","-d:release --mm:arc",RWM,64,1000000,equality,matches_unchecked,1,17,181.764390
2ac0eac9c4fbb32c5270547757d233b5030f8fed,"Intel(R) Core(TM) i5-8365U CPU @ 1.60GHz; linux/amd64","2.2.10","-d:release --mm:arc",RWM,64,1000000,equality,matches_unchecked,1,18,168.266720
2ac0eac9c4fbb32c5270547757d233b5030f8fed,"Intel(R) Core(TM) i5-8365U CPU @ 1.60GHz; linux/amd64","2.2.10","-d:release --mm:arc",RWM,64,1000000,equality,matches_unchecked,1,19,169.753840
2ac0eac9c4fbb32c5270547757d233b5030f8fed,"Intel(R) Core(TM) i5-8365U CPU @ 1.60GHz; linux/amd64","2.2.10","-d:release --mm:arc",RWM,64,1000000,equality,matches_unchecked,1,20,148.807760
2ac0eac9c4fbb32c5270547757d233b5030f8fed,"Intel(R) Core(TM) i5-8365U CPU @ 1.60GHz; linux/amd64","2.2.10","-d:release --mm:arc",RWM,64,1000000,equality,matches_unchecked,1,21,192.008000
2ac0eac9c4fbb32c5270547757d233b5030f8fed,"Intel(R) Core(TM) i5-8365U CPU @ 1.60GHz; linux/amd64","2.2.10","-d:release --mm:arc",WM,64,1000000,equality,access,50,1,8491.901350
2ac0eac9c4fbb32c5270547757d233b5030f8fed,"Intel(R) Core(TM) i5-8365U CPU @ 1.60GHz; linux/amd64","2.2.10","-d:release --mm:arc",WM,64,1000000,equality,access,50,2,8276.830140
2ac0eac9c4fbb32c5270547757d233b5030f8fed,"Intel(R) Core(TM) i5-8365U CPU @ 1.60GHz; linux/amd64","2.2.10","-d:release --mm:arc",WM,64,1000000,equality,access,50,3,8057.323710
2ac0eac9c4fbb32c5270547757d233b5030f8fed,"Intel(R) Core(TM) i5-8365U CPU @ 1.60GHz; linux/amd64","2.2.10","-d:release --mm:arc",WM,64,1000000,equality,access,50,4,8099.931930
2ac0eac9c4fbb32c5270547757d233b5030f8fed,"Intel(R) Core(TM) i5-8365U CPU @ 1.60GHz; linux/amd64","2.2.10","-d:release --mm:arc",WM,64,1000000,equality,access,50,5,8060.359860
2ac0eac9c4fbb32c5270547757d233b5030f8fed,"Intel(R) Core(TM) i5-8365U CPU @ 1.60GHz; linux/amd64","2.2.10","-d:release --mm:arc",WM,64,1000000,equality,access,50,6,9094.650750
2ac0eac9c4fbb32c5270547757d233b5030f8fed,"Intel(R) Core(TM) i5-8365U CPU @ 1.60GHz; linux/amd64","2.2.10","-d:release --mm:arc",WM,64,1000000,equality,access,50,7,8175.485860
2ac0eac9c4fbb32c5270547757d233b5030f8fed,"Intel(R) Core(TM) i5-8365U CPU @ 1.60GHz; linux/amd64","2.2.10","-d:release --mm:arc",WM,64,1000000,equality,access,50,8,8683.285310
2ac0eac9c4fbb32c5270547757d233b5030f8fed,"Intel(R) Core(TM) i5-8365U CPU @ 1.60GHz; linux/amd64","2.2.10","-d:release --mm:arc",WM,64,1000000,equality,access,50,9,8150.913790
2ac0eac9c4fbb32c5270547757d233b5030f8fed,"Intel(R) Core(TM) i5-8365U CPU @ 1.60GHz; linux/amd64","2.2.10","-d:release --mm:arc",WM,64,1000000,equality,access,50,10,8193.162220
2ac0eac9c4fbb32c5270547757d233b5030f8fed,"Intel(R) Core(TM) i5-8365U CPU @ 1.60GHz; linux/amd64","2.2.10","-d:release --mm:arc",WM,64,1000000,equality,access,50,11,8199.542540
2ac0eac9c4fbb32c5270547757d233b5030f8fed,"Intel(R) Core(TM) i5-8365U CPU @ 1.60GHz; linux/amd64","2.2.10","-d:release --mm:arc",WM,64,1000000,equality,access,50,12,7988.971570
2ac0eac9c4fbb32c5270547757d233b5030f8fed,"Intel(R) Core(TM) i5-8365U CPU @ 1.60GHz; linux/amd64","2.2.10","-d:release --mm:arc",WM,64,1000000,equality,access,50,13,8120.805440
2ac0eac9c4fbb32c5270547757d233b5030f8fed,"Intel(R) Core(TM) i5-8365U CPU @ 1.60GHz; linux/amd64","2.2.10","-d:release --mm:arc",WM,64,1000000,equality,access,50,14,8285.438020
2ac0eac9c4fbb32c5270547757d233b5030f8fed,"Intel(R) Core(TM) i5-8365U CPU @ 1.60GHz; linux/amd64","2.2.10","-d:release --mm:arc",WM,64,1000000,equality,access,50,15,8022.729330
2ac0eac9c4fbb32c5270547757d233b5030f8fed,"Intel(R) Core(TM) i5-8365U CPU @ 1.60GHz; linux/amd64","2.2.10","-d:release --mm:arc",WM,64,1000000,equality,access,50,16,8211.574170
2ac0eac9c4fbb32c5270547757d233b5030f8fed,"Intel(R) Core(TM) i5-8365U CPU @ 1.60GHz; linux/amd64","2.2.10","-d:release --mm:arc",WM,64,1000000,equality,access,50,17,8924.756370
2ac0eac9c4fbb32c5270547757d233b5030f8fed,"Intel(R) Core(TM) i5-8365U CPU @ 1.60GHz; linux/amd64","2.2.10","-d:release --mm:arc",WM,64,1000000,equality,access,50,18,8179.073470
2ac0eac9c4fbb32c5270547757d233b5030f8fed,"Intel(R) Core(TM) i5-8365U CPU @ 1.60GHz; linux/amd64","2.2.10","-d:release --mm:arc",WM,64,1000000,equality,access,50,19,8142.769950
2ac0eac9c4fbb32c5270547757d233b5030f8fed,"Intel(R) Core(TM) i5-8365U CPU @ 1.60GHz; linux/amd64","2.2.10","-d:release --mm:arc",WM,64,1000000,equality,access,50,20,8086.640940
2ac0eac9c4fbb32c5270547757d233b5030f8fed,"Intel(R) Core(TM) i5-8365U CPU @ 1.60GHz; linux/amd64","2.2.10","-d:release --mm:arc",WM,64,1000000,equality,access,50,21,8299.650930
2ac0eac9c4fbb32c5270547757d233b5030f8fed,"Intel(R) Core(TM) i5-8365U CPU @ 1.60GHz; linux/amd64","2.2.10","-d:release --mm:arc",WM,64,1000000,equality,matches_checked,50,1,3606.890970
2ac0eac9c4fbb32c5270547757d233b5030f8fed,"Intel(R) Core(TM) i5-8365U CPU @ 1.60GHz; linux/amd64","2.2.10","-d:release --mm:arc",WM,64,1000000,equality,matches_checked,50,2,3667.023070
2ac0eac9c4fbb32c5270547757d233b5030f8fed,"Intel(R) Core(TM) i5-8365U CPU @ 1.60GHz; linux/amd64","2.2.10","-d:release --mm:arc",WM,64,1000000,equality,matches_checked,50,3,3620.428670
2ac0eac9c4fbb32c5270547757d233b5030f8fed,"Intel(R) Core(TM) i5-8365U CPU @ 1.60GHz; linux/amd64","2.2.10","-d:release --mm:arc",WM,64,1000000,equality,matches_checked,50,4,3823.726150
2ac0eac9c4fbb32c5270547757d233b5030f8fed,"Intel(R) Core(TM) i5-8365U CPU @ 1.60GHz; linux/amd64","2.2.10","-d:release --mm:arc",WM,64,1000000,equality,matches_checked,50,5,3687.950160
2ac0eac9c4fbb32c5270547757d233b5030f8fed,"Intel(R) Core(TM) i5-8365U CPU @ 1.60GHz; linux/amd64","2.2.10","-d:release --mm:arc",WM,64,1000000,equality,matches_checked,50,6,3676.192540
2ac0eac9c4fbb32c5270547757d233b5030f8fed,"Intel(R) Core(TM) i5-8365U CPU @ 1.60GHz; linux/amd64","2.2.10","-d:release --mm:arc",WM,64,1000000,equality,matches_checked,50,7,3668.457150
2ac0eac9c4fbb32c5270547757d233b5030f8fed,"Intel(R) Core(TM) i5-8365U CPU @ 1.60GHz; linux/amd64","2.2.10","-d:release --mm:arc",WM,64,1000000,equality,matches_checked,50,8,3850.945550
2ac0eac9c4fbb32c5270547757d233b5030f8fed,"Intel(R) Core(TM) i5-8365U CPU @ 1.60GHz; linux/amd64","2.2.10","-d:release --mm:arc",WM,64,1000000,equality,matches_checked,50,9,3873.031690
2ac0eac9c4fbb32c5270547757d233b5030f8fed,"Intel(R) Core(TM) i5-8365U CPU @ 1.60GHz; linux/amd64","2.2.10","-d:release --mm:arc",WM,64,1000000,equality,matches_checked,50,10,3881.755150
2ac0eac9c4fbb32c5270547757d233b5030f8fed,"Intel(R) Core(TM) i5-8365U CPU @ 1.60GHz; linux/amd64","2.2.10","-d:release --mm:arc",WM,64,1000000,equality,matches_checked,50,11,3729.422280
2ac0eac9c4fbb32c5270547757d233b5030f8fed,"Intel(R) Core(TM) i5-8365U CPU @ 1.60GHz; linux/amd64","2.2.10","-d:release --mm:arc",WM,64,1000000,equality,matches_checked,50,12,3663.001870
2ac0eac9c4fbb32c5270547757d233b5030f8fed,"Intel(R) Core(TM) i5-8365U CPU @ 1.60GHz; linux/amd64","2.2.10","-d:release --mm:arc",WM,64,1000000,equality,matches_checked,50,13,5044.120070
2ac0eac9c4fbb32c5270547757d233b5030f8fed,"Intel(R) Core(TM) i5-8365U CPU @ 1.60GHz; linux/amd64","2.2.10","-d:release --mm:arc",WM,64,1000000,equality,matches_checked,50,14,3791.949520
2ac0eac9c4fbb32c5270547757d233b5030f8fed,"Intel(R) Core(TM) i5-8365U CPU @ 1.60GHz; linux/amd64","2.2.10","-d:release --mm:arc",WM,64,1000000,equality,matches_checked,50,15,3794.882810
2ac0eac9c4fbb32c5270547757d233b5030f8fed,"Intel(R) Core(TM) i5-8365U CPU @ 1.60GHz; linux/amd64","2.2.10","-d:release --mm:arc",WM,64,1000000,equality,matches_checked,50,16,3765.440310
2ac0eac9c4fbb32c5270547757d233b5030f8fed,"Intel(R) Core(TM) i5-8365U CPU @ 1.60GHz; linux/amd64","2.2.10","-d:release --mm:arc",WM,64,1000000,equality,matches_checked,50,17,3695.657700
2ac0eac9c4fbb32c5270547757d233b5030f8fed,"Intel(R) Core(TM) i5-8365U CPU @ 1.60GHz; linux/amd64","2.2.10","-d:release --mm:arc",WM,64,1000000,equality,matches_checked,50,18,3700.153930
2ac0eac9c4fbb32c5270547757d233b5030f8fed,"Intel(R) Core(TM) i5-8365U CPU @ 1.60GHz; linux/amd64","2.2.10","-d:release --mm:arc",WM,64,1000000,equality,matches_checked,50,19,3653.441530
2ac0eac9c4fbb32c5270547757d233b5030f8fed,"Intel(R) Core(TM) i5-8365U CPU @ 1.60GHz; linux/amd64","2.2.10","-d:release --mm:arc",WM,64,1000000,equality,matches_checked,50,20,3753.104660
2ac0eac9c4fbb32c5270547757d233b5030f8fed,"Intel(R) Core(TM) i5-8365U CPU @ 1.60GHz; linux/amd64","2.2.10","-d:release --mm:arc",WM,64,1000000,equality,matches_checked,50,21,3689.634390
2ac0eac9c4fbb32c5270547757d233b5030f8fed,"Intel(R) Core(TM) i5-8365U CPU @ 1.60GHz; linux/amd64","2.2.10","-d:release --mm:arc",WM,64,1000000,equality,matches_unchecked,50,1,4013.596100
2ac0eac9c4fbb32c5270547757d233b5030f8fed,"Intel(R) Core(TM) i5-8365U CPU @ 1.60GHz; linux/amd64","2.2.10","-d:release --mm:arc",WM,64,1000000,equality,matches_unchecked,50,2,3765.859330
2ac0eac9c4fbb32c5270547757d233b5030f8fed,"Intel(R) Core(TM) i5-8365U CPU @ 1.60GHz; linux/amd64","2.2.10","-d:release --mm:arc",WM,64,1000000,equality,matches_unchecked,50,3,3855.387940
2ac0eac9c4fbb32c5270547757d233b5030f8fed,"Intel(R) Core(TM) i5-8365U CPU @ 1.60GHz; linux/amd64","2.2.10","-d:release --mm:arc",WM,64,1000000,equality,matches_unchecked,50,4,3878.249130
2ac0eac9c4fbb32c5270547757d233b5030f8fed,"Intel(R) Core(TM) i5-8365U CPU @ 1.60GHz; linux/amd64","2.2.10","-d:release --mm:arc",WM,64,1000000,equality,matches_unchecked,50,5,3881.839310
2ac0eac9c4fbb32c5270547757d233b5030f8fed,"Intel(R) Core(TM) i5-8365U CPU @ 1.60GHz; linux/amd64","2.2.10","-d:release --mm:arc",WM,64,1000000,equality,matches_unchecked,50,6,3693.944610
2ac0eac9c4fbb32c5270547757d233b5030f8fed,"Intel(R) Core(TM) i5-8365U CPU @ 1.60GHz; linux/amd64","2.2.10","-d:release --mm:arc",WM,64,1000000,equality,matches_unchecked,50,7,3861.123240
2ac0eac9c4fbb32c5270547757d233b5030f8fed,"Intel(R) Core(TM) i5-8365U CPU @ 1.60GHz; linux/amd64","2.2.10","-d:release --mm:arc",WM,64,1000000,equality,matches_unchecked,50,8,3806.695430
2ac0eac9c4fbb32c5270547757d233b5030f8fed,"Intel(R) Core(TM) i5-8365U CPU @ 1.60GHz; linux/amd64","2.2.10","-d:release --mm:arc",WM,64,1000000,equality,matches_unchecked,50,9,3831.172700
2ac0eac9c4fbb32c5270547757d233b5030f8fed,"Intel(R) Core(TM) i5-8365U CPU @ 1.60GHz; linux/amd64","2.2.10","-d:release --mm:arc",WM,64,1000000,equality,matches_unchecked,50,10,3659.526840
2ac0eac9c4fbb32c5270547757d233b5030f8fed,"Intel(R) Core(TM) i5-8365U CPU @ 1.60GHz; linux/amd64","2.2.10","-d:release --mm:arc",WM,64,1000000,equality,matches_unchecked,50,11,3697.869810
2ac0eac9c4fbb32c5270547757d233b5030f8fed,"Intel(R) Core(TM) i5-8365U CPU @ 1.60GHz; linux/amd64","2.2.10","-d:release --mm:arc",WM,64,1000000,equality,matches_unchecked,50,12,3661.944970
2ac0eac9c4fbb32c5270547757d233b5030f8fed,"Intel(R) Core(TM) i5-8365U CPU @ 1.60GHz; linux/amd64","2.2.10","-d:release --mm:arc",WM,64,1000000,equality,matches_unchecked,50,13,3859.114130
2ac0eac9c4fbb32c5270547757d233b5030f8fed,"Intel(R) Core(TM) i5-8365U CPU @ 1.60GHz; linux/amd64","2.2.10","-d:release --mm:arc",WM,64,1000000,equality,matches_unchecked,50,14,4817.517440
2ac0eac9c4fbb32c5270547757d233b5030f8fed,"Intel(R) Core(TM) i5-8365U CPU @ 1.60GHz; linux/amd64","2.2.10","-d:release --mm:arc",WM,64,1000000,equality,matches_unchecked,50,15,3891.108690
2ac0eac9c4fbb32c5270547757d233b5030f8fed,"Intel(R) Core(TM) i5-8365U CPU @ 1.60GHz; linux/amd64","2.2.10","-d:release --mm:arc",WM,64,1000000,equality,matches_unchecked,50,16,3791.997530
2ac0eac9c4fbb32c5270547757d233b5030f8fed,"Intel(R) Core(TM) i5-8365U CPU @ 1.60GHz; linux/amd64","2.2.10","-d:release --mm:arc",WM,64,1000000,equality,matches_unchecked,50,17,3840.611070
2ac0eac9c4fbb32c5270547757d233b5030f8fed,"Intel(R) Core(TM) i5-8365U CPU @ 1.60GHz; linux/amd64","2.2.10","-d:release --mm:arc",WM,64,1000000,equality,matches_unchecked,50,18,3636.082400
2ac0eac9c4fbb32c5270547757d233b5030f8fed,"Intel(R) Core(TM) i5-8365U CPU @ 1.60GHz; linux/amd64","2.2.10","-d:release --mm:arc",WM,64,1000000,equality,matches_unchecked,50,19,3839.212990
2ac0eac9c4fbb32c5270547757d233b5030f8fed,"Intel(R) Core(TM) i5-8365U CPU @ 1.60GHz; linux/amd64","2.2.10","-d:release --mm:arc",WM,64,1000000,equality,matches_unchecked,50,20,3885.295390
2ac0eac9c4fbb32c5270547757d233b5030f8fed,"Intel(R) Core(TM) i5-8365U CPU @ 1.60GHz; linux/amd64","2.2.10","-d:release --mm:arc",WM,64,1000000,equality,matches_unchecked,50,21,3698.596660
2ac0eac9c4fbb32c5270547757d233b5030f8fed,"Intel(R) Core(TM) i5-8365U CPU @ 1.60GHz; linux/amd64","2.2.10","-d:release --mm:arc",RWM,64,1000000,equality,access,50,1,8928.497100
2ac0eac9c4fbb32c5270547757d233b5030f8fed,"Intel(R) Core(TM) i5-8365U CPU @ 1.60GHz; linux/amd64","2.2.10","-d:release --mm:arc",RWM,64,1000000,equality,access,50,2,8678.253060
2ac0eac9c4fbb32c5270547757d233b5030f8fed,"Intel(R) Core(TM) i5-8365U CPU @ 1.60GHz; linux/amd64","2.2.10","-d:release --mm:arc",RWM,64,1000000,equality,access,50,3,8758.764260
2ac0eac9c4fbb32c5270547757d233b5030f8fed,"Intel(R) Core(TM) i5-8365U CPU @ 1.60GHz; linux/amd64","2.2.10","-d:release --mm:arc",RWM,64,1000000,equality,access,50,4,8857.418390
2ac0eac9c4fbb32c5270547757d233b5030f8fed,"Intel(R) Core(TM) i5-8365U CPU @ 1.60GHz; linux/amd64","2.2.10","-d:release --mm:arc",RWM,64,1000000,equality,access,50,5,8545.876240
2ac0eac9c4fbb32c5270547757d233b5030f8fed,"Intel(R) Core(TM) i5-8365U CPU @ 1.60GHz; linux/amd64","2.2.10","-d:release --mm:arc",RWM,64,1000000,equality,access,50,6,9532.728210
2ac0eac9c4fbb32c5270547757d233b5030f8fed,"Intel(R) Core(TM) i5-8365U CPU @ 1.60GHz; linux/amd64","2.2.10","-d:release --mm:arc",RWM,64,1000000,equality,access,50,7,8888.792550
2ac0eac9c4fbb32c5270547757d233b5030f8fed,"Intel(R) Core(TM) i5-8365U CPU @ 1.60GHz; linux/amd64","2.2.10","-d:release --mm:arc",RWM,64,1000000,equality,access,50,8,8843.411180
2ac0eac9c4fbb32c5270547757d233b5030f8fed,"Intel(R) Core(TM) i5-8365U CPU @ 1.60GHz; linux/amd64","2.2.10","-d:release --mm:arc",RWM,64,1000000,equality,access,50,9,8670.685160
2ac0eac9c4fbb32c5270547757d233b5030f8fed,"Intel(R) Core(TM) i5-8365U CPU @ 1.60GHz; linux/amd64","2.2.10","-d:release --mm:arc",RWM,64,1000000,equality,access,50,10,8759.864810
2ac0eac9c4fbb32c5270547757d233b5030f8fed,"Intel(R) Core(TM) i5-8365U CPU @ 1.60GHz; linux/amd64","2.2.10","-d:release --mm:arc",RWM,64,1000000,equality,access,50,11,8712.549350
2ac0eac9c4fbb32c5270547757d233b5030f8fed,"Intel(R) Core(TM) i5-8365U CPU @ 1.60GHz; linux/amd64","2.2.10","-d:release --mm:arc",RWM,64,1000000,equality,access,50,12,8812.079540
2ac0eac9c4fbb32c5270547757d233b5030f8fed,"Intel(R) Core(TM) i5-8365U CPU @ 1.60GHz; linux/amd64","2.2.10","-d:release --mm:arc",RWM,64,1000000,equality,access,50,13,8962.041380
2ac0eac9c4fbb32c5270547757d233b5030f8fed,"Intel(R) Core(TM) i5-8365U CPU @ 1.60GHz; linux/amd64","2.2.10","-d:release --mm:arc",RWM,64,1000000,equality,access,50,14,8778.468990
2ac0eac9c4fbb32c5270547757d233b5030f8fed,"Intel(R) Core(TM) i5-8365U CPU @ 1.60GHz; linux/amd64","2.2.10","-d:release --mm:arc",RWM,64,1000000,equality,access,50,15,8733.412840
2ac0eac9c4fbb32c5270547757d233b5030f8fed,"Intel(R) Core(TM) i5-8365U CPU @ 1.60GHz; linux/amd64","2.2.10","-d:release --mm:arc",RWM,64,1000000,equality,access,50,16,9677.012890
2ac0eac9c4fbb32c5270547757d233b5030f8fed,"Intel(R) Core(TM) i5-8365U CPU @ 1.60GHz; linux/amd64","2.2.10","-d:release --mm:arc",RWM,64,1000000,equality,access,50,17,8805.339580
2ac0eac9c4fbb32c5270547757d233b5030f8fed,"Intel(R) Core(TM) i5-8365U CPU @ 1.60GHz; linux/amd64","2.2.10","-d:release --mm:arc",RWM,64,1000000,equality,access,50,18,8673.504730
2ac0eac9c4fbb32c5270547757d233b5030f8fed,"Intel(R) Core(TM) i5-8365U CPU @ 1.60GHz; linux/amd64","2.2.10","-d:release --mm:arc",RWM,64,1000000,equality,access,50,19,8631.598550
2ac0eac9c4fbb32c5270547757d233b5030f8fed,"Intel(R) Core(TM) i5-8365U CPU @ 1.60GHz; linux/amd64","2.2.10","-d:release --mm:arc",RWM,64,1000000,equality,access,50,20,8698.724050
2ac0eac9c4fbb32c5270547757d233b5030f8fed,"Intel(R) Core(TM) i5-8365U CPU @ 1.60GHz; linux/amd64","2.2.10","-d:release --mm:arc",RWM,64,1000000,equality,access,50,21,8589.375360
2ac0eac9c4fbb32c5270547757d233b5030f8fed,"Intel(R) Core(TM) i5-8365U CPU @ 1.60GHz; linux/amd64","2.2.10","-d:release --mm:arc",RWM,64,1000000,equality,matches_checked,50,1,4056.939820
2ac0eac9c4fbb32c5270547757d233b5030f8fed,"Intel(R) Core(TM) i5-8365U CPU @ 1.60GHz; linux/amd64","2.2.10","-d:release --mm:arc",RWM,64,1000000,equality,matches_checked,50,2,3853.817270
2ac0eac9c4fbb32c5270547757d233b5030f8fed,"Intel(R) Core(TM) i5-8365U CPU @ 1.60GHz; linux/amd64","2.2.10","-d:release --mm:arc",RWM,64,1000000,equality,matches_checked,50,3,4069.858960
2ac0eac9c4fbb32c5270547757d233b5030f8fed,"Intel(R) Core(TM) i5-8365U CPU @ 1.60GHz; linux/amd64","2.2.10","-d:release --mm:arc",RWM,64,1000000,equality,matches_checked,50,4,3969.187750
2ac0eac9c4fbb32c5270547757d233b5030f8fed,"Intel(R) Core(TM) i5-8365U CPU @ 1.60GHz; linux/amd64","2.2.10","-d:release --mm:arc",RWM,64,1000000,equality,matches_checked,50,5,4465.267580
2ac0eac9c4fbb32c5270547757d233b5030f8fed,"Intel(R) Core(TM) i5-8365U CPU @ 1.60GHz; linux/amd64","2.2.10","-d:release --mm:arc",RWM,64,1000000,equality,matches_checked,50,6,4042.298550
2ac0eac9c4fbb32c5270547757d233b5030f8fed,"Intel(R) Core(TM) i5-8365U CPU @ 1.60GHz; linux/amd64","2.2.10","-d:release --mm:arc",RWM,64,1000000,equality,matches_checked,50,7,3950.385760
2ac0eac9c4fbb32c5270547757d233b5030f8fed,"Intel(R) Core(TM) i5-8365U CPU @ 1.60GHz; linux/amd64","2.2.10","-d:release --mm:arc",RWM,64,1000000,equality,matches_checked,50,8,4025.832690
2ac0eac9c4fbb32c5270547757d233b5030f8fed,"Intel(R) Core(TM) i5-8365U CPU @ 1.60GHz; linux/amd64","2.2.10","-d:release --mm:arc",RWM,64,1000000,equality,matches_checked,50,9,4626.721990
2ac0eac9c4fbb32c5270547757d233b5030f8fed,"Intel(R) Core(TM) i5-8365U CPU @ 1.60GHz; linux/amd64","2.2.10","-d:release --mm:arc",RWM,64,1000000,equality,matches_checked,50,10,4353.755780
2ac0eac9c4fbb32c5270547757d233b5030f8fed,"Intel(R) Core(TM) i5-8365U CPU @ 1.60GHz; linux/amd64","2.2.10","-d:release --mm:arc",RWM,64,1000000,equality,matches_checked,50,11,3860.644090
2ac0eac9c4fbb32c5270547757d233b5030f8fed,"Intel(R) Core(TM) i5-8365U CPU @ 1.60GHz; linux/amd64","2.2.10","-d:release --mm:arc",RWM,64,1000000,equality,matches_checked,50,12,3994.338050
2ac0eac9c4fbb32c5270547757d233b5030f8fed,"Intel(R) Core(TM) i5-8365U CPU @ 1.60GHz; linux/amd64","2.2.10","-d:release --mm:arc",RWM,64,1000000,equality,matches_checked,50,13,3808.667380
2ac0eac9c4fbb32c5270547757d233b5030f8fed,"Intel(R) Core(TM) i5-8365U CPU @ 1.60GHz; linux/amd64","2.2.10","-d:release --mm:arc",RWM,64,1000000,equality,matches_checked,50,14,3822.847120
2ac0eac9c4fbb32c5270547757d233b5030f8fed,"Intel(R) Core(TM) i5-8365U CPU @ 1.60GHz; linux/amd64","2.2.10","-d:release --mm:arc",RWM,64,1000000,equality,matches_checked,50,15,4025.328660
2ac0eac9c4fbb32c5270547757d233b5030f8fed,"Intel(R) Core(TM) i5-8365U CPU @ 1.60GHz; linux/amd64","2.2.10","-d:release --mm:arc",RWM,64,1000000,equality,matches_checked,50,16,3785.339160
2ac0eac9c4fbb32c5270547757d233b5030f8fed,"Intel(R) Core(TM) i5-8365U CPU @ 1.60GHz; linux/amd64","2.2.10","-d:release --mm:arc",RWM,64,1000000,equality,matches_checked,50,17,4236.451660
2ac0eac9c4fbb32c5270547757d233b5030f8fed,"Intel(R) Core(TM) i5-8365U CPU @ 1.60GHz; linux/amd64","2.2.10","-d:release --mm:arc",RWM,64,1000000,equality,matches_checked,50,18,3965.138540
2ac0eac9c4fbb32c5270547757d233b5030f8fed,"Intel(R) Core(TM) i5-8365U CPU @ 1.60GHz; linux/amd64","2.2.10","-d:release --mm:arc",RWM,64,1000000,equality,matches_checked,50,19,3797.953820
2ac0eac9c4fbb32c5270547757d233b5030f8fed,"Intel(R) Core(TM) i5-8365U CPU @ 1.60GHz; linux/amd64","2.2.10","-d:release --mm:arc",RWM,64,1000000,equality,matches_checked,50,20,4053.091110
2ac0eac9c4fbb32c5270547757d233b5030f8fed,"Intel(R) Core(TM) i5-8365U CPU @ 1.60GHz; linux/amd64","2.2.10","-d:release --mm:arc",RWM,64,1000000,equality,matches_checked,50,21,3964.358490
2ac0eac9c4fbb32c5270547757d233b5030f8fed,"Intel(R) Core(TM) i5-8365U CPU @ 1.60GHz; linux/amd64","2.2.10","-d:release --mm:arc",RWM,64,1000000,equality,matches_unchecked,50,1,3878.303460
2ac0eac9c4fbb32c5270547757d233b5030f8fed,"Intel(R) Core(TM) i5-8365U CPU @ 1.60GHz; linux/amd64","2.2.10","-d:release --mm:arc",RWM,64,1000000,equality,matches_unchecked,50,2,3759.600270
2ac0eac9c4fbb32c5270547757d233b5030f8fed,"Intel(R) Core(TM) i5-8365U CPU @ 1.60GHz; linux/amd64","2.2.10","-d:release --mm:arc",RWM,64,1000000,equality,matches_unchecked,50,3,3867.197880
2ac0eac9c4fbb32c5270547757d233b5030f8fed,"Intel(R) Core(TM) i5-8365U CPU @ 1.60GHz; linux/amd64","2.2.10","-d:release --mm:arc",RWM,64,1000000,equality,matches_unchecked,50,4,3896.861430
2ac0eac9c4fbb32c5270547757d233b5030f8fed,"Intel(R) Core(TM) i5-8365U CPU @ 1.60GHz; linux/amd64","2.2.10","-d:release --mm:arc",RWM,64,1000000,equality,matches_unchecked,50,5,3795.485140
2ac0eac9c4fbb32c5270547757d233b5030f8fed,"Intel(R) Core(TM) i5-8365U CPU @ 1.60GHz; linux/amd64","2.2.10","-d:release --mm:arc",RWM,64,1000000,equality,matches_unchecked,50,6,3869.968030
2ac0eac9c4fbb32c5270547757d233b5030f8fed,"Intel(R) Core(TM) i5-8365U CPU @ 1.60GHz; linux/amd64","2.2.10","-d:release --mm:arc",RWM,64,1000000,equality,matches_unchecked,50,7,3807.490770
2ac0eac9c4fbb32c5270547757d233b5030f8fed,"Intel(R) Core(TM) i5-8365U CPU @ 1.60GHz; linux/amd64","2.2.10","-d:release --mm:arc",RWM,64,1000000,equality,matches_unchecked,50,8,4068.619390
2ac0eac9c4fbb32c5270547757d233b5030f8fed,"Intel(R) Core(TM) i5-8365U CPU @ 1.60GHz; linux/amd64","2.2.10","-d:release --mm:arc",RWM,64,1000000,equality,matches_unchecked,50,9,4217.274160
2ac0eac9c4fbb32c5270547757d233b5030f8fed,"Intel(R) Core(TM) i5-8365U CPU @ 1.60GHz; linux/amd64","2.2.10","-d:release --mm:arc",RWM,64,1000000,equality,matches_unchecked,50,10,4724.347630
2ac0eac9c4fbb32c5270547757d233b5030f8fed,"Intel(R) Core(TM) i5-8365U CPU @ 1.60GHz; linux/amd64","2.2.10","-d:release --mm:arc",RWM,64,1000000,equality,matches_unchecked,50,11,4074.886730
2ac0eac9c4fbb32c5270547757d233b5030f8fed,"Intel(R) Core(TM) i5-8365U CPU @ 1.60GHz; linux/amd64","2.2.10","-d:release --mm:arc",RWM,64,1000000,equality,matches_unchecked,50,12,3868.121930
2ac0eac9c4fbb32c5270547757d233b5030f8fed,"Intel(R) Core(TM) i5-8365U CPU @ 1.60GHz; linux/amd64","2.2.10","-d:release --mm:arc",RWM,64,1000000,equality,matches_unchecked,50,13,3921.971740
2ac0eac9c4fbb32c5270547757d233b5030f8fed,"Intel(R) Core(TM) i5-8365U CPU @ 1.60GHz; linux/amd64","2.2.10","-d:release --mm:arc",RWM,64,1000000,equality,matches_unchecked,50,14,4187.581610
2ac0eac9c4fbb32c5270547757d233b5030f8fed,"Intel(R) Core(TM) i5-8365U CPU @ 1.60GHz; linux/amd64","2.2.10","-d:release --mm:arc",RWM,64,1000000,equality,matches_unchecked,50,15,3924.159860
2ac0eac9c4fbb32c5270547757d233b5030f8fed,"Intel(R) Core(TM) i5-8365U CPU @ 1.60GHz; linux/amd64","2.2.10","-d:release --mm:arc",RWM,64,1000000,equality,matches_unchecked,50,16,3817.211270
2ac0eac9c4fbb32c5270547757d233b5030f8fed,"Intel(R) Core(TM) i5-8365U CPU @ 1.60GHz; linux/amd64","2.2.10","-d:release --mm:arc",RWM,64,1000000,equality,matches_unchecked,50,17,3894.152290
2ac0eac9c4fbb32c5270547757d233b5030f8fed,"Intel(R) Core(TM) i5-8365U CPU @ 1.60GHz; linux/amd64","2.2.10","-d:release --mm:arc",RWM,64,1000000,equality,matches_unchecked,50,18,3997.390680
2ac0eac9c4fbb32c5270547757d233b5030f8fed,"Intel(R) Core(TM) i5-8365U CPU @ 1.60GHz; linux/amd64","2.2.10","-d:release --mm:arc",RWM,64,1000000,equality,matches_unchecked,50,19,4282.867580
2ac0eac9c4fbb32c5270547757d233b5030f8fed,"Intel(R) Core(TM) i5-8365U CPU @ 1.60GHz; linux/amd64","2.2.10","-d:release --mm:arc",RWM,64,1000000,equality,matches_unchecked,50,20,3965.991040
2ac0eac9c4fbb32c5270547757d233b5030f8fed,"Intel(R) Core(TM) i5-8365U CPU @ 1.60GHz; linux/amd64","2.2.10","-d:release --mm:arc",RWM,64,1000000,equality,matches_unchecked,50,21,4146.966630
2ac0eac9c4fbb32c5270547757d233b5030f8fed,"Intel(R) Core(TM) i5-8365U CPU @ 1.60GHz; linux/amd64","2.2.10","-d:release --mm:arc",WM,64,1000000,equality,access,100,1,8516.319090
2ac0eac9c4fbb32c5270547757d233b5030f8fed,"Intel(R) Core(TM) i5-8365U CPU @ 1.60GHz; linux/amd64","2.2.10","-d:release --mm:arc",WM,64,1000000,equality,access,100,2,8343.213930
2ac0eac9c4fbb32c5270547757d233b5030f8fed,"Intel(R) Core(TM) i5-8365U CPU @ 1.60GHz; linux/amd64","2.2.10","-d:release --mm:arc",WM,64,1000000,equality,access,100,3,8370.974390
2ac0eac9c4fbb32c5270547757d233b5030f8fed,"Intel(R) Core(TM) i5-8365U CPU @ 1.60GHz; linux/amd64","2.2.10","-d:release --mm:arc",WM,64,1000000,equality,access,100,4,9302.738740
2ac0eac9c4fbb32c5270547757d233b5030f8fed,"Intel(R) Core(TM) i5-8365U CPU @ 1.60GHz; linux/amd64","2.2.10","-d:release --mm:arc",WM,64,1000000,equality,access,100,5,8617.561460
2ac0eac9c4fbb32c5270547757d233b5030f8fed,"Intel(R) Core(TM) i5-8365U CPU @ 1.60GHz; linux/amd64","2.2.10","-d:release --mm:arc",WM,64,1000000,equality,access,100,6,8421.255050
2ac0eac9c4fbb32c5270547757d233b5030f8fed,"Intel(R) Core(TM) i5-8365U CPU @ 1.60GHz; linux/amd64","2.2.10","-d:release --mm:arc",WM,64,1000000,equality,access,100,7,8613.375230
2ac0eac9c4fbb32c5270547757d233b5030f8fed,"Intel(R) Core(TM) i5-8365U CPU @ 1.60GHz; linux/amd64","2.2.10","-d:release --mm:arc",WM,64,1000000,equality,access,100,8,8397.932640
2ac0eac9c4fbb32c5270547757d233b5030f8fed,"Intel(R) Core(TM) i5-8365U CPU @ 1.60GHz; linux/amd64","2.2.10","-d:release --mm:arc",WM,64,1000000,equality,access,100,9,8438.776800
2ac0eac9c4fbb32c5270547757d233b5030f8fed,"Intel(R) Core(TM) i5-8365U CPU @ 1.60GHz; linux/amd64","2.2.10","-d:release --mm:arc",WM,64,1000000,equality,access,100,10,8729.506790
2ac0eac9c4fbb32c5270547757d233b5030f8fed,"Intel(R) Core(TM) i5-8365U CPU @ 1.60GHz; linux/amd64","2.2.10","-d:release --mm:arc",WM,64,1000000,equality,access,100,11,8402.790070
2ac0eac9c4fbb32c5270547757d233b5030f8fed,"Intel(R) Core(TM) i5-8365U CPU @ 1.60GHz; linux/amd64","2.2.10","-d:release --mm:arc",WM,64,1000000,equality,access,100,12,8771.343800
2ac0eac9c4fbb32c5270547757d233b5030f8fed,"Intel(R) Core(TM) i5-8365U CPU @ 1.60GHz; linux/amd64","2.2.10","-d:release --mm:arc",WM,64,1000000,equality,access,100,13,8712.627970
2ac0eac9c4fbb32c5270547757d233b5030f8fed,"Intel(R) Core(TM) i5-8365U CPU @ 1.60GHz; linux/amd64","2.2.10","-d:release --mm:arc",WM,64,1000000,equality,access,100,14,9608.169040
2ac0eac9c4fbb32c5270547757d233b5030f8fed,"Intel(R) Core(TM) i5-8365U CPU @ 1.60GHz; linux/amd64","2.2.10","-d:release --mm:arc",WM,64,1000000,equality,access,100,15,8709.451820
2ac0eac9c4fbb32c5270547757d233b5030f8fed,"Intel(R) Core(TM) i5-8365U CPU @ 1.60GHz; linux/amd64","2.2.10","-d:release --mm:arc",WM,64,1000000,equality,access,100,16,8803.161330
2ac0eac9c4fbb32c5270547757d233b5030f8fed,"Intel(R) Core(TM) i5-8365U CPU @ 1.60GHz; linux/amd64","2.2.10","-d:release --mm:arc",WM,64,1000000,equality,access,100,17,8836.470530
2ac0eac9c4fbb32c5270547757d233b5030f8fed,"Intel(R) Core(TM) i5-8365U CPU @ 1.60GHz; linux/amd64","2.2.10","-d:release --mm:arc",WM,64,1000000,equality,access,100,18,8628.051960
2ac0eac9c4fbb32c5270547757d233b5030f8fed,"Intel(R) Core(TM) i5-8365U CPU @ 1.60GHz; linux/amd64","2.2.10","-d:release --mm:arc",WM,64,1000000,equality,access,100,19,8920.655910
2ac0eac9c4fbb32c5270547757d233b5030f8fed,"Intel(R) Core(TM) i5-8365U CPU @ 1.60GHz; linux/amd64","2.2.10","-d:release --mm:arc",WM,64,1000000,equality,access,100,20,8692.774260
2ac0eac9c4fbb32c5270547757d233b5030f8fed,"Intel(R) Core(TM) i5-8365U CPU @ 1.60GHz; linux/amd64","2.2.10","-d:release --mm:arc",WM,64,1000000,equality,access,100,21,8739.048630
2ac0eac9c4fbb32c5270547757d233b5030f8fed,"Intel(R) Core(TM) i5-8365U CPU @ 1.60GHz; linux/amd64","2.2.10","-d:release --mm:arc",WM,64,1000000,equality,matches_checked,100,1,8159.655020
2ac0eac9c4fbb32c5270547757d233b5030f8fed,"Intel(R) Core(TM) i5-8365U CPU @ 1.60GHz; linux/amd64","2.2.10","-d:release --mm:arc",WM,64,1000000,equality,matches_checked,100,2,9056.787870
2ac0eac9c4fbb32c5270547757d233b5030f8fed,"Intel(R) Core(TM) i5-8365U CPU @ 1.60GHz; linux/amd64","2.2.10","-d:release --mm:arc",WM,64,1000000,equality,matches_checked,100,3,8392.775930
2ac0eac9c4fbb32c5270547757d233b5030f8fed,"Intel(R) Core(TM) i5-8365U CPU @ 1.60GHz; linux/amd64","2.2.10","-d:release --mm:arc",WM,64,1000000,equality,matches_checked,100,4,8199.826760
2ac0eac9c4fbb32c5270547757d233b5030f8fed,"Intel(R) Core(TM) i5-8365U CPU @ 1.60GHz; linux/amd64","2.2.10","-d:release --mm:arc",WM,64,1000000,equality,matches_checked,100,5,8094.433040
2ac0eac9c4fbb32c5270547757d233b5030f8fed,"Intel(R) Core(TM) i5-8365U CPU @ 1.60GHz; linux/amd64","2.2.10","-d:release --mm:arc",WM,64,1000000,equality,matches_checked,100,6,8240.043620
2ac0eac9c4fbb32c5270547757d233b5030f8fed,"Intel(R) Core(TM) i5-8365U CPU @ 1.60GHz; linux/amd64","2.2.10","-d:release --mm:arc",WM,64,1000000,equality,matches_checked,100,7,8321.558860
2ac0eac9c4fbb32c5270547757d233b5030f8fed,"Intel(R) Core(TM) i5-8365U CPU @ 1.60GHz; linux/amd64","2.2.10","-d:release --mm:arc",WM,64,1000000,equality,matches_checked,100,8,7769.874170
2ac0eac9c4fbb32c5270547757d233b5030f8fed,"Intel(R) Core(TM) i5-8365U CPU @ 1.60GHz; linux/amd64","2.2.10","-d:release --mm:arc",WM,64,1000000,equality,matches_checked,100,9,7948.550450
2ac0eac9c4fbb32c5270547757d233b5030f8fed,"Intel(R) Core(TM) i5-8365U CPU @ 1.60GHz; linux/amd64","2.2.10","-d:release --mm:arc",WM,64,1000000,equality,matches_checked,100,10,7854.287550
2ac0eac9c4fbb32c5270547757d233b5030f8fed,"Intel(R) Core(TM) i5-8365U CPU @ 1.60GHz; linux/amd64","2.2.10","-d:release --mm:arc",WM,64,1000000,equality,matches_checked,100,11,8006.490470
2ac0eac9c4fbb32c5270547757d233b5030f8fed,"Intel(R) Core(TM) i5-8365U CPU @ 1.60GHz; linux/amd64","2.2.10","-d:release --mm:arc",WM,64,1000000,equality,matches_checked,100,12,8225.013840
2ac0eac9c4fbb32c5270547757d233b5030f8fed,"Intel(R) Core(TM) i5-8365U CPU @ 1.60GHz; linux/amd64","2.2.10","-d:release --mm:arc",WM,64,1000000,equality,matches_checked,100,13,9129.032860
2ac0eac9c4fbb32c5270547757d233b5030f8fed,"Intel(R) Core(TM) i5-8365U CPU @ 1.60GHz; linux/amd64","2.2.10","-d:release --mm:arc",WM,64,1000000,equality,matches_checked,100,14,8156.511410
2ac0eac9c4fbb32c5270547757d233b5030f8fed,"Intel(R) Core(TM) i5-8365U CPU @ 1.60GHz; linux/amd64","2.2.10","-d:release --mm:arc",WM,64,1000000,equality,matches_checked,100,15,7908.494800
2ac0eac9c4fbb32c5270547757d233b5030f8fed,"Intel(R) Core(TM) i5-8365U CPU @ 1.60GHz; linux/amd64","2.2.10","-d:release --mm:arc",WM,64,1000000,equality,matches_checked,100,16,7726.216320
2ac0eac9c4fbb32c5270547757d233b5030f8fed,"Intel(R) Core(TM) i5-8365U CPU @ 1.60GHz; linux/amd64","2.2.10","-d:release --mm:arc",WM,64,1000000,equality,matches_checked,100,17,7635.902610
2ac0eac9c4fbb32c5270547757d233b5030f8fed,"Intel(R) Core(TM) i5-8365U CPU @ 1.60GHz; linux/amd64","2.2.10","-d:release --mm:arc",WM,64,1000000,equality,matches_checked,100,18,7928.513850
2ac0eac9c4fbb32c5270547757d233b5030f8fed,"Intel(R) Core(TM) i5-8365U CPU @ 1.60GHz; linux/amd64","2.2.10","-d:release --mm:arc",WM,64,1000000,equality,matches_checked,100,19,7763.257240
2ac0eac9c4fbb32c5270547757d233b5030f8fed,"Intel(R) Core(TM) i5-8365U CPU @ 1.60GHz; linux/amd64","2.2.10","-d:release --mm:arc",WM,64,1000000,equality,matches_checked,100,20,7739.427010
2ac0eac9c4fbb32c5270547757d233b5030f8fed,"Intel(R) Core(TM) i5-8365U CPU @ 1.60GHz; linux/amd64","2.2.10","-d:release --mm:arc",WM,64,1000000,equality,matches_checked,100,21,7813.999880
2ac0eac9c4fbb32c5270547757d233b5030f8fed,"Intel(R) Core(TM) i5-8365U CPU @ 1.60GHz; linux/amd64","2.2.10","-d:release --mm:arc",WM,64,1000000,equality,matches_unchecked,100,1,7535.282380
2ac0eac9c4fbb32c5270547757d233b5030f8fed,"Intel(R) Core(TM) i5-8365U CPU @ 1.60GHz; linux/amd64","2.2.10","-d:release --mm:arc",WM,64,1000000,equality,matches_unchecked,100,2,8732.768980
2ac0eac9c4fbb32c5270547757d233b5030f8fed,"Intel(R) Core(TM) i5-8365U CPU @ 1.60GHz; linux/amd64","2.2.10","-d:release --mm:arc",WM,64,1000000,equality,matches_unchecked,100,3,8092.290350
2ac0eac9c4fbb32c5270547757d233b5030f8fed,"Intel(R) Core(TM) i5-8365U CPU @ 1.60GHz; linux/amd64","2.2.10","-d:release --mm:arc",WM,64,1000000,equality,matches_unchecked,100,4,7703.294670
2ac0eac9c4fbb32c5270547757d233b5030f8fed,"Intel(R) Core(TM) i5-8365U CPU @ 1.60GHz; linux/amd64","2.2.10","-d:release --mm:arc",WM,64,1000000,equality,matches_unchecked,100,5,7450.732900
2ac0eac9c4fbb32c5270547757d233b5030f8fed,"Intel(R) Core(TM) i5-8365U CPU @ 1.60GHz; linux/amd64","2.2.10","-d:release --mm:arc",WM,64,1000000,equality,matches_unchecked,100,6,7596.212260
2ac0eac9c4fbb32c5270547757d233b5030f8fed,"Intel(R) Core(TM) i5-8365U CPU @ 1.60GHz; linux/amd64","2.2.10","-d:release --mm:arc",WM,64,1000000,equality,matches_unchecked,100,7,7531.733000
2ac0eac9c4fbb32c5270547757d233b5030f8fed,"Intel(R) Core(TM) i5-8365U CPU @ 1.60GHz; linux/amd64","2.2.10","-d:release --mm:arc",WM,64,1000000,equality,matches_unchecked,100,8,7493.851080
2ac0eac9c4fbb32c5270547757d233b5030f8fed,"Intel(R) Core(TM) i5-8365U CPU @ 1.60GHz; linux/amd64","2.2.10","-d:release --mm:arc",WM,64,1000000,equality,matches_unchecked,100,9,7588.993890
2ac0eac9c4fbb32c5270547757d233b5030f8fed,"Intel(R) Core(TM) i5-8365U CPU @ 1.60GHz; linux/amd64","2.2.10","-d:release --mm:arc",WM,64,1000000,equality,matches_unchecked,100,10,7412.578970
2ac0eac9c4fbb32c5270547757d233b5030f8fed,"Intel(R) Core(TM) i5-8365U CPU @ 1.60GHz; linux/amd64","2.2.10","-d:release --mm:arc",WM,64,1000000,equality,matches_unchecked,100,11,8767.308490
2ac0eac9c4fbb32c5270547757d233b5030f8fed,"Intel(R) Core(TM) i5-8365U CPU @ 1.60GHz; linux/amd64","2.2.10","-d:release --mm:arc",WM,64,1000000,equality,matches_unchecked,100,12,7268.487680
2ac0eac9c4fbb32c5270547757d233b5030f8fed,"Intel(R) Core(TM) i5-8365U CPU @ 1.60GHz; linux/amd64","2.2.10","-d:release --mm:arc",WM,64,1000000,equality,matches_unchecked,100,13,7477.804850
2ac0eac9c4fbb32c5270547757d233b5030f8fed,"Intel(R) Core(TM) i5-8365U CPU @ 1.60GHz; linux/amd64","2.2.10","-d:release --mm:arc",WM,64,1000000,equality,matches_unchecked,100,14,8557.442670
2ac0eac9c4fbb32c5270547757d233b5030f8fed,"Intel(R) Core(TM) i5-8365U CPU @ 1.60GHz; linux/amd64","2.2.10","-d:release --mm:arc",WM,64,1000000,equality,matches_unchecked,100,15,7424.196780
2ac0eac9c4fbb32c5270547757d233b5030f8fed,"Intel(R) Core(TM) i5-8365U CPU @ 1.60GHz; linux/amd64","2.2.10","-d:release --mm:arc",WM,64,1000000,equality,matches_unchecked,100,16,7300.255340
2ac0eac9c4fbb32c5270547757d233b5030f8fed,"Intel(R) Core(TM) i5-8365U CPU @ 1.60GHz; linux/amd64","2.2.10","-d:release --mm:arc",WM,64,1000000,equality,matches_unchecked,100,17,7420.118570
2ac0eac9c4fbb32c5270547757d233b5030f8fed,"Intel(R) Core(TM) i5-8365U CPU @ 1.60GHz; linux/amd64","2.2.10","-d:release --mm:arc",WM,64,1000000,equality,matches_unchecked,100,18,7436.752430
2ac0eac9c4fbb32c5270547757d233b5030f8fed,"Intel(R) Core(TM) i5-8365U CPU @ 1.60GHz; linux/amd64","2.2.10","-d:release --mm:arc",WM,64,1000000,equality,matches_unchecked,100,19,7389.898000
2ac0eac9c4fbb32c5270547757d233b5030f8fed,"Intel(R) Core(TM) i5-8365U CPU @ 1.60GHz; linux/amd64","2.2.10","-d:release --mm:arc",WM,64,1000000,equality,matches_unchecked,100,20,7425.495850
2ac0eac9c4fbb32c5270547757d233b5030f8fed,"Intel(R) Core(TM) i5-8365U CPU @ 1.60GHz; linux/amd64","2.2.10","-d:release --mm:arc",WM,64,1000000,equality,matches_unchecked,100,21,7303.454510
2ac0eac9c4fbb32c5270547757d233b5030f8fed,"Intel(R) Core(TM) i5-8365U CPU @ 1.60GHz; linux/amd64","2.2.10","-d:release --mm:arc",RWM,64,1000000,equality,access,100,1,8586.051280
2ac0eac9c4fbb32c5270547757d233b5030f8fed,"Intel(R) Core(TM) i5-8365U CPU @ 1.60GHz; linux/amd64","2.2.10","-d:release --mm:arc",RWM,64,1000000,equality,access,100,2,9324.500740
2ac0eac9c4fbb32c5270547757d233b5030f8fed,"Intel(R) Core(TM) i5-8365U CPU @ 1.60GHz; linux/amd64","2.2.10","-d:release --mm:arc",RWM,64,1000000,equality,access,100,3,8299.767360
2ac0eac9c4fbb32c5270547757d233b5030f8fed,"Intel(R) Core(TM) i5-8365U CPU @ 1.60GHz; linux/amd64","2.2.10","-d:release --mm:arc",RWM,64,1000000,equality,access,100,4,8487.979170
2ac0eac9c4fbb32c5270547757d233b5030f8fed,"Intel(R) Core(TM) i5-8365U CPU @ 1.60GHz; linux/amd64","2.2.10","-d:release --mm:arc",RWM,64,1000000,equality,access,100,5,8492.371390
2ac0eac9c4fbb32c5270547757d233b5030f8fed,"Intel(R) Core(TM) i5-8365U CPU @ 1.60GHz; linux/amd64","2.2.10","-d:release --mm:arc",RWM,64,1000000,equality,access,100,6,8443.995870
2ac0eac9c4fbb32c5270547757d233b5030f8fed,"Intel(R) Core(TM) i5-8365U CPU @ 1.60GHz; linux/amd64","2.2.10","-d:release --mm:arc",RWM,64,1000000,equality,access,100,7,8312.850050
2ac0eac9c4fbb32c5270547757d233b5030f8fed,"Intel(R) Core(TM) i5-8365U CPU @ 1.60GHz; linux/amd64","2.2.10","-d:release --mm:arc",RWM,64,1000000,equality,access,100,8,8239.419210
2ac0eac9c4fbb32c5270547757d233b5030f8fed,"Intel(R) Core(TM) i5-8365U CPU @ 1.60GHz; linux/amd64","2.2.10","-d:release --mm:arc",RWM,64,1000000,equality,access,100,9,8567.865330
2ac0eac9c4fbb32c5270547757d233b5030f8fed,"Intel(R) Core(TM) i5-8365U CPU @ 1.60GHz; linux/amd64","2.2.10","-d:release --mm:arc",RWM,64,1000000,equality,access,100,10,8572.751040
2ac0eac9c4fbb32c5270547757d233b5030f8fed,"Intel(R) Core(TM) i5-8365U CPU @ 1.60GHz; linux/amd64","2.2.10","-d:release --mm:arc",RWM,64,1000000,equality,access,100,11,8673.130630
2ac0eac9c4fbb32c5270547757d233b5030f8fed,"Intel(R) Core(TM) i5-8365U CPU @ 1.60GHz; linux/amd64","2.2.10","-d:release --mm:arc",RWM,64,1000000,equality,access,100,12,9192.792680
2ac0eac9c4fbb32c5270547757d233b5030f8fed,"Intel(R) Core(TM) i5-8365U CPU @ 1.60GHz; linux/amd64","2.2.10","-d:release --mm:arc",RWM,64,1000000,equality,access,100,13,8714.795720
2ac0eac9c4fbb32c5270547757d233b5030f8fed,"Intel(R) Core(TM) i5-8365U CPU @ 1.60GHz; linux/amd64","2.2.10","-d:release --mm:arc",RWM,64,1000000,equality,access,100,14,8330.903480
2ac0eac9c4fbb32c5270547757d233b5030f8fed,"Intel(R) Core(TM) i5-8365U CPU @ 1.60GHz; linux/amd64","2.2.10","-d:release --mm:arc",RWM,64,1000000,equality,access,100,15,8133.553590
2ac0eac9c4fbb32c5270547757d233b5030f8fed,"Intel(R) Core(TM) i5-8365U CPU @ 1.60GHz; linux/amd64","2.2.10","-d:release --mm:arc",RWM,64,1000000,equality,access,100,16,8478.268860
2ac0eac9c4fbb32c5270547757d233b5030f8fed,"Intel(R) Core(TM) i5-8365U CPU @ 1.60GHz; linux/amd64","2.2.10","-d:release --mm:arc",RWM,64,1000000,equality,access,100,17,8426.139260
2ac0eac9c4fbb32c5270547757d233b5030f8fed,"Intel(R) Core(TM) i5-8365U CPU @ 1.60GHz; linux/amd64","2.2.10","-d:release --mm:arc",RWM,64,1000000,equality,access,100,18,8656.819820
2ac0eac9c4fbb32c5270547757d233b5030f8fed,"Intel(R) Core(TM) i5-8365U CPU @ 1.60GHz; linux/amd64","2.2.10","-d:release --mm:arc",RWM,64,1000000,equality,access,100,19,9135.903130
2ac0eac9c4fbb32c5270547757d233b5030f8fed,"Intel(R) Core(TM) i5-8365U CPU @ 1.60GHz; linux/amd64","2.2.10","-d:release --mm:arc",RWM,64,1000000,equality,access,100,20,8496.799000
2ac0eac9c4fbb32c5270547757d233b5030f8fed,"Intel(R) Core(TM) i5-8365U CPU @ 1.60GHz; linux/amd64","2.2.10","-d:release --mm:arc",RWM,64,1000000,equality,access,100,21,8720.564410
2ac0eac9c4fbb32c5270547757d233b5030f8fed,"Intel(R) Core(TM) i5-8365U CPU @ 1.60GHz; linux/amd64","2.2.10","-d:release --mm:arc",RWM,64,1000000,equality,matches_checked,100,1,12417.456210
2ac0eac9c4fbb32c5270547757d233b5030f8fed,"Intel(R) Core(TM) i5-8365U CPU @ 1.60GHz; linux/amd64","2.2.10","-d:release --mm:arc",RWM,64,1000000,equality,matches_checked,100,2,13199.919580
2ac0eac9c4fbb32c5270547757d233b5030f8fed,"Intel(R) Core(TM) i5-8365U CPU @ 1.60GHz; linux/amd64","2.2.10","-d:release --mm:arc",RWM,64,1000000,equality,matches_checked,100,3,8831.139560
2ac0eac9c4fbb32c5270547757d233b5030f8fed,"Intel(R) Core(TM) i5-8365U CPU @ 1.60GHz; linux/amd64","2.2.10","-d:release --mm:arc",RWM,64,1000000,equality,matches_checked,100,4,7707.751390
2ac0eac9c4fbb32c5270547757d233b5030f8fed,"Intel(R) Core(TM) i5-8365U CPU @ 1.60GHz; linux/amd64","2.2.10","-d:release --mm:arc",RWM,64,1000000,equality,matches_checked,100,5,7957.268150
2ac0eac9c4fbb32c5270547757d233b5030f8fed,"Intel(R) Core(TM) i5-8365U CPU @ 1.60GHz; linux/amd64","2.2.10","-d:release --mm:arc",RWM,64,1000000,equality,matches_checked,100,6,7550.746670
2ac0eac9c4fbb32c5270547757d233b5030f8fed,"Intel(R) Core(TM) i5-8365U CPU @ 1.60GHz; linux/amd64","2.2.10","-d:release --mm:arc",RWM,64,1000000,equality,matches_checked,100,7,7726.241670
2ac0eac9c4fbb32c5270547757d233b5030f8fed,"Intel(R) Core(TM) i5-8365U CPU @ 1.60GHz; linux/amd64","2.2.10","-d:release --mm:arc",RWM,64,1000000,equality,matches_checked,100,8,7661.387350
2ac0eac9c4fbb32c5270547757d233b5030f8fed,"Intel(R) Core(TM) i5-8365U CPU @ 1.60GHz; linux/amd64","2.2.10","-d:release --mm:arc",RWM,64,1000000,equality,matches_checked,100,9,7648.622690
2ac0eac9c4fbb32c5270547757d233b5030f8fed,"Intel(R) Core(TM) i5-8365U CPU @ 1.60GHz; linux/amd64","2.2.10","-d:release --mm:arc",RWM,64,1000000,equality,matches_checked,100,10,7737.553260
2ac0eac9c4fbb32c5270547757d233b5030f8fed,"Intel(R) Core(TM) i5-8365U CPU @ 1.60GHz; linux/amd64","2.2.10","-d:release --mm:arc",RWM,64,1000000,equality,matches_checked,100,11,8933.988680
2ac0eac9c4fbb32c5270547757d233b5030f8fed,"Intel(R) Core(TM) i5-8365U CPU @ 1.60GHz; linux/amd64","2.2.10","-d:release --mm:arc",RWM,64,1000000,equality,matches_checked,100,12,8654.742350
2ac0eac9c4fbb32c5270547757d233b5030f8fed,"Intel(R) Core(TM) i5-8365U CPU @ 1.60GHz; linux/amd64","2.2.10","-d:release --mm:arc",RWM,64,1000000,equality,matches_checked,100,13,10316.393650
2ac0eac9c4fbb32c5270547757d233b5030f8fed,"Intel(R) Core(TM) i5-8365U CPU @ 1.60GHz; linux/amd64","2.2.10","-d:release --mm:arc",RWM,64,1000000,equality,matches_checked,100,14,10369.282380
2ac0eac9c4fbb32c5270547757d233b5030f8fed,"Intel(R) Core(TM) i5-8365U CPU @ 1.60GHz; linux/amd64","2.2.10","-d:release --mm:arc",RWM,64,1000000,equality,matches_checked,100,15,9878.185720
2ac0eac9c4fbb32c5270547757d233b5030f8fed,"Intel(R) Core(TM) i5-8365U CPU @ 1.60GHz; linux/amd64","2.2.10","-d:release --mm:arc",RWM,64,1000000,equality,matches_checked,100,16,8000.789770
2ac0eac9c4fbb32c5270547757d233b5030f8fed,"Intel(R) Core(TM) i5-8365U CPU @ 1.60GHz; linux/amd64","2.2.10","-d:release --mm:arc",RWM,64,1000000,equality,matches_checked,100,17,8175.290860
2ac0eac9c4fbb32c5270547757d233b5030f8fed,"Intel(R) Core(TM) i5-8365U CPU @ 1.60GHz; linux/amd64","2.2.10","-d:release --mm:arc",RWM,64,1000000,equality,matches_checked,100,18,7622.612070
2ac0eac9c4fbb32c5270547757d233b5030f8fed,"Intel(R) Core(TM) i5-8365U CPU @ 1.60GHz; linux/amd64","2.2.10","-d:release --mm:arc",RWM,64,1000000,equality,matches_checked,100,19,8001.528810
2ac0eac9c4fbb32c5270547757d233b5030f8fed,"Intel(R) Core(TM) i5-8365U CPU @ 1.60GHz; linux/amd64","2.2.10","-d:release --mm:arc",RWM,64,1000000,equality,matches_checked,100,20,7643.278160
2ac0eac9c4fbb32c5270547757d233b5030f8fed,"Intel(R) Core(TM) i5-8365U CPU @ 1.60GHz; linux/amd64","2.2.10","-d:release --mm:arc",RWM,64,1000000,equality,matches_checked,100,21,8588.919410
2ac0eac9c4fbb32c5270547757d233b5030f8fed,"Intel(R) Core(TM) i5-8365U CPU @ 1.60GHz; linux/amd64","2.2.10","-d:release --mm:arc",RWM,64,1000000,equality,matches_unchecked,100,1,8011.075310
2ac0eac9c4fbb32c5270547757d233b5030f8fed,"Intel(R) Core(TM) i5-8365U CPU @ 1.60GHz; linux/amd64","2.2.10","-d:release --mm:arc",RWM,64,1000000,equality,matches_unchecked,100,2,7595.802680
2ac0eac9c4fbb32c5270547757d233b5030f8fed,"Intel(R) Core(TM) i5-8365U CPU @ 1.60GHz; linux/amd64","2.2.10","-d:release --mm:arc",RWM,64,1000000,equality,matches_unchecked,100,3,8476.072660
2ac0eac9c4fbb32c5270547757d233b5030f8fed,"Intel(R) Core(TM) i5-8365U CPU @ 1.60GHz; linux/amd64","2.2.10","-d:release --mm:arc",RWM,64,1000000,equality,matches_unchecked,100,4,7679.209270
2ac0eac9c4fbb32c5270547757d233b5030f8fed,"Intel(R) Core(TM) i5-8365U CPU @ 1.60GHz; linux/amd64","2.2.10","-d:release --mm:arc",RWM,64,1000000,equality,matches_unchecked,100,5,7827.790050
2ac0eac9c4fbb32c5270547757d233b5030f8fed,"Intel(R) Core(TM) i5-8365U CPU @ 1.60GHz; linux/amd64","2.2.10","-d:release --mm:arc",RWM,64,1000000,equality,matches_unchecked,100,6,7700.738400
2ac0eac9c4fbb32c5270547757d233b5030f8fed,"Intel(R) Core(TM) i5-8365U CPU @ 1.60GHz; linux/amd64","2.2.10","-d:release --mm:arc",RWM,64,1000000,equality,matches_unchecked,100,7,7425.476970
2ac0eac9c4fbb32c5270547757d233b5030f8fed,"Intel(R) Core(TM) i5-8365U CPU @ 1.60GHz; linux/amd64","2.2.10","-d:release --mm:arc",RWM,64,1000000,equality,matches_unchecked,100,8,7825.217920
2ac0eac9c4fbb32c5270547757d233b5030f8fed,"Intel(R) Core(TM) i5-8365U CPU @ 1.60GHz; linux/amd64","2.2.10","-d:release --mm:arc",RWM,64,1000000,equality,matches_unchecked,100,9,7851.841310
2ac0eac9c4fbb32c5270547757d233b5030f8fed,"Intel(R) Core(TM) i5-8365U CPU @ 1.60GHz; linux/amd64","2.2.10","-d:release --mm:arc",RWM,64,1000000,equality,matches_unchecked,100,10,8164.475690
2ac0eac9c4fbb32c5270547757d233b5030f8fed,"Intel(R) Core(TM) i5-8365U CPU @ 1.60GHz; linux/amd64","2.2.10","-d:release --mm:arc",RWM,64,1000000,equality,matches_unchecked,100,11,7583.619260
2ac0eac9c4fbb32c5270547757d233b5030f8fed,"Intel(R) Core(TM) i5-8365U CPU @ 1.60GHz; linux/amd64","2.2.10","-d:release --mm:arc",RWM,64,1000000,equality,matches_unchecked,100,12,7156.246870
2ac0eac9c4fbb32c5270547757d233b5030f8fed,"Intel(R) Core(TM) i5-8365U CPU @ 1.60GHz; linux/amd64","2.2.10","-d:release --mm:arc",RWM,64,1000000,equality,matches_unchecked,100,13,7111.579910
2ac0eac9c4fbb32c5270547757d233b5030f8fed,"Intel(R) Core(TM) i5-8365U CPU @ 1.60GHz; linux/amd64","2.2.10","-d:release --mm:arc",RWM,64,1000000,equality,matches_unchecked,100,14,7332.722990
2ac0eac9c4fbb32c5270547757d233b5030f8fed,"Intel(R) Core(TM) i5-8365U CPU @ 1.60GHz; linux/amd64","2.2.10","-d:release --mm:arc",RWM,64,1000000,equality,matches_unchecked,100,15,11465.804130
2ac0eac9c4fbb32c5270547757d233b5030f8fed,"Intel(R) Core(TM) i5-8365U CPU @ 1.60GHz; linux/amd64","2.2.10","-d:release --mm:arc",RWM,64,1000000,equality,matches_unchecked,100,16,11139.084890
2ac0eac9c4fbb32c5270547757d233b5030f8fed,"Intel(R) Core(TM) i5-8365U CPU @ 1.60GHz; linux/amd64","2.2.10","-d:release --mm:arc",RWM,64,1000000,equality,matches_unchecked,100,17,8497.812490
2ac0eac9c4fbb32c5270547757d233b5030f8fed,"Intel(R) Core(TM) i5-8365U CPU @ 1.60GHz; linux/amd64","2.2.10","-d:release --mm:arc",RWM,64,1000000,equality,matches_unchecked,100,18,7218.140950
2ac0eac9c4fbb32c5270547757d233b5030f8fed,"Intel(R) Core(TM) i5-8365U CPU @ 1.60GHz; linux/amd64","2.2.10","-d:release --mm:arc",RWM,64,1000000,equality,matches_unchecked,100,19,7102.675860
2ac0eac9c4fbb32c5270547757d233b5030f8fed,"Intel(R) Core(TM) i5-8365U CPU @ 1.60GHz; linux/amd64","2.2.10","-d:release --mm:arc",RWM,64,1000000,equality,matches_unchecked,100,20,8230.230360
2ac0eac9c4fbb32c5270547757d233b5030f8fed,"Intel(R) Core(TM) i5-8365U CPU @ 1.60GHz; linux/amd64","2.2.10","-d:release --mm:arc",RWM,64,1000000,equality,matches_unchecked,100,21,9090.242760
2ac0eac9c4fbb32c5270547757d233b5030f8fed,"Intel(R) Core(TM) i5-8365U CPU @ 1.60GHz; linux/amd64","2.2.10","-d:release --mm:arc",WM,64,1000000,range,access,0.1,1,8076.577390
2ac0eac9c4fbb32c5270547757d233b5030f8fed,"Intel(R) Core(TM) i5-8365U CPU @ 1.60GHz; linux/amd64","2.2.10","-d:release --mm:arc",WM,64,1000000,range,access,0.1,2,7851.891520
2ac0eac9c4fbb32c5270547757d233b5030f8fed,"Intel(R) Core(TM) i5-8365U CPU @ 1.60GHz; linux/amd64","2.2.10","-d:release --mm:arc",WM,64,1000000,range,access,0.1,3,8161.885880
2ac0eac9c4fbb32c5270547757d233b5030f8fed,"Intel(R) Core(TM) i5-8365U CPU @ 1.60GHz; linux/amd64","2.2.10","-d:release --mm:arc",WM,64,1000000,range,access,0.1,4,8007.170720
2ac0eac9c4fbb32c5270547757d233b5030f8fed,"Intel(R) Core(TM) i5-8365U CPU @ 1.60GHz; linux/amd64","2.2.10","-d:release --mm:arc",WM,64,1000000,range,access,0.1,5,7962.741380
2ac0eac9c4fbb32c5270547757d233b5030f8fed,"Intel(R) Core(TM) i5-8365U CPU @ 1.60GHz; linux/amd64","2.2.10","-d:release --mm:arc",WM,64,1000000,range,access,0.1,6,8307.549570
2ac0eac9c4fbb32c5270547757d233b5030f8fed,"Intel(R) Core(TM) i5-8365U CPU @ 1.60GHz; linux/amd64","2.2.10","-d:release --mm:arc",WM,64,1000000,range,access,0.1,7,7838.012790
2ac0eac9c4fbb32c5270547757d233b5030f8fed,"Intel(R) Core(TM) i5-8365U CPU @ 1.60GHz; linux/amd64","2.2.10","-d:release --mm:arc",WM,64,1000000,range,access,0.1,8,8422.211630
2ac0eac9c4fbb32c5270547757d233b5030f8fed,"Intel(R) Core(TM) i5-8365U CPU @ 1.60GHz; linux/amd64","2.2.10","-d:release --mm:arc",WM,64,1000000,range,access,0.1,9,9112.776880
2ac0eac9c4fbb32c5270547757d233b5030f8fed,"Intel(R) Core(TM) i5-8365U CPU @ 1.60GHz; linux/amd64","2.2.10","-d:release --mm:arc",WM,64,1000000,range,access,0.1,10,8385.895080
2ac0eac9c4fbb32c5270547757d233b5030f8fed,"Intel(R) Core(TM) i5-8365U CPU @ 1.60GHz; linux/amd64","2.2.10","-d:release --mm:arc",WM,64,1000000,range,access,0.1,11,8520.822030
2ac0eac9c4fbb32c5270547757d233b5030f8fed,"Intel(R) Core(TM) i5-8365U CPU @ 1.60GHz; linux/amd64","2.2.10","-d:release --mm:arc",WM,64,1000000,range,access,0.1,12,8069.464820
2ac0eac9c4fbb32c5270547757d233b5030f8fed,"Intel(R) Core(TM) i5-8365U CPU @ 1.60GHz; linux/amd64","2.2.10","-d:release --mm:arc",WM,64,1000000,range,access,0.1,13,8295.457440
2ac0eac9c4fbb32c5270547757d233b5030f8fed,"Intel(R) Core(TM) i5-8365U CPU @ 1.60GHz; linux/amd64","2.2.10","-d:release --mm:arc",WM,64,1000000,range,access,0.1,14,8240.509610
2ac0eac9c4fbb32c5270547757d233b5030f8fed,"Intel(R) Core(TM) i5-8365U CPU @ 1.60GHz; linux/amd64","2.2.10","-d:release --mm:arc",WM,64,1000000,range,access,0.1,15,8408.019220
2ac0eac9c4fbb32c5270547757d233b5030f8fed,"Intel(R) Core(TM) i5-8365U CPU @ 1.60GHz; linux/amd64","2.2.10","-d:release --mm:arc",WM,64,1000000,range,access,0.1,16,8323.870900
2ac0eac9c4fbb32c5270547757d233b5030f8fed,"Intel(R) Core(TM) i5-8365U CPU @ 1.60GHz; linux/amd64","2.2.10","-d:release --mm:arc",WM,64,1000000,range,access,0.1,17,8463.341070
2ac0eac9c4fbb32c5270547757d233b5030f8fed,"Intel(R) Core(TM) i5-8365U CPU @ 1.60GHz; linux/amd64","2.2.10","-d:release --mm:arc",WM,64,1000000,range,access,0.1,18,8434.034560
2ac0eac9c4fbb32c5270547757d233b5030f8fed,"Intel(R) Core(TM) i5-8365U CPU @ 1.60GHz; linux/amd64","2.2.10","-d:release --mm:arc",WM,64,1000000,range,access,0.1,19,8472.675400
2ac0eac9c4fbb32c5270547757d233b5030f8fed,"Intel(R) Core(TM) i5-8365U CPU @ 1.60GHz; linux/amd64","2.2.10","-d:release --mm:arc",WM,64,1000000,range,access,0.1,20,9845.135390
2ac0eac9c4fbb32c5270547757d233b5030f8fed,"Intel(R) Core(TM) i5-8365U CPU @ 1.60GHz; linux/amd64","2.2.10","-d:release --mm:arc",WM,64,1000000,range,access,0.1,21,8070.169670
2ac0eac9c4fbb32c5270547757d233b5030f8fed,"Intel(R) Core(TM) i5-8365U CPU @ 1.60GHz; linux/amd64","2.2.10","-d:release --mm:arc",WM,64,1000000,range,range_unchecked,0.1,1,67.608260
2ac0eac9c4fbb32c5270547757d233b5030f8fed,"Intel(R) Core(TM) i5-8365U CPU @ 1.60GHz; linux/amd64","2.2.10","-d:release --mm:arc",WM,64,1000000,range,range_unchecked,0.1,2,66.794230
2ac0eac9c4fbb32c5270547757d233b5030f8fed,"Intel(R) Core(TM) i5-8365U CPU @ 1.60GHz; linux/amd64","2.2.10","-d:release --mm:arc",WM,64,1000000,range,range_unchecked,0.1,3,83.893050
2ac0eac9c4fbb32c5270547757d233b5030f8fed,"Intel(R) Core(TM) i5-8365U CPU @ 1.60GHz; linux/amd64","2.2.10","-d:release --mm:arc",WM,64,1000000,range,range_unchecked,0.1,4,65.200150
2ac0eac9c4fbb32c5270547757d233b5030f8fed,"Intel(R) Core(TM) i5-8365U CPU @ 1.60GHz; linux/amd64","2.2.10","-d:release --mm:arc",WM,64,1000000,range,range_unchecked,0.1,5,67.611260
2ac0eac9c4fbb32c5270547757d233b5030f8fed,"Intel(R) Core(TM) i5-8365U CPU @ 1.60GHz; linux/amd64","2.2.10","-d:release --mm:arc",WM,64,1000000,range,range_unchecked,0.1,6,67.383260
2ac0eac9c4fbb32c5270547757d233b5030f8fed,"Intel(R) Core(TM) i5-8365U CPU @ 1.60GHz; linux/amd64","2.2.10","-d:release --mm:arc",WM,64,1000000,range,range_unchecked,0.1,7,65.772170
2ac0eac9c4fbb32c5270547757d233b5030f8fed,"Intel(R) Core(TM) i5-8365U CPU @ 1.60GHz; linux/amd64","2.2.10","-d:release --mm:arc",WM,64,1000000,range,range_unchecked,0.1,8,73.928570
2ac0eac9c4fbb32c5270547757d233b5030f8fed,"Intel(R) Core(TM) i5-8365U CPU @ 1.60GHz; linux/amd64","2.2.10","-d:release --mm:arc",WM,64,1000000,range,range_unchecked,0.1,9,65.692170
2ac0eac9c4fbb32c5270547757d233b5030f8fed,"Intel(R) Core(TM) i5-8365U CPU @ 1.60GHz; linux/amd64","2.2.10","-d:release --mm:arc",WM,64,1000000,range,range_unchecked,0.1,10,65.838180
2ac0eac9c4fbb32c5270547757d233b5030f8fed,"Intel(R) Core(TM) i5-8365U CPU @ 1.60GHz; linux/amd64","2.2.10","-d:release --mm:arc",WM,64,1000000,range,range_unchecked,0.1,11,68.126290
2ac0eac9c4fbb32c5270547757d233b5030f8fed,"Intel(R) Core(TM) i5-8365U CPU @ 1.60GHz; linux/amd64","2.2.10","-d:release --mm:arc",WM,64,1000000,range,range_unchecked,0.1,12,66.657220
2ac0eac9c4fbb32c5270547757d233b5030f8fed,"Intel(R) Core(TM) i5-8365U CPU @ 1.60GHz; linux/amd64","2.2.10","-d:release --mm:arc",WM,64,1000000,range,range_unchecked,0.1,13,75.260640
2ac0eac9c4fbb32c5270547757d233b5030f8fed,"Intel(R) Core(TM) i5-8365U CPU @ 1.60GHz; linux/amd64","2.2.10","-d:release --mm:arc",WM,64,1000000,range,range_unchecked,0.1,14,68.639310
2ac0eac9c4fbb32c5270547757d233b5030f8fed,"Intel(R) Core(TM) i5-8365U CPU @ 1.60GHz; linux/amd64","2.2.10","-d:release --mm:arc",WM,64,1000000,range,range_unchecked,0.1,15,70.138390
2ac0eac9c4fbb32c5270547757d233b5030f8fed,"Intel(R) Core(TM) i5-8365U CPU @ 1.60GHz; linux/amd64","2.2.10","-d:release --mm:arc",WM,64,1000000,range,range_unchecked,0.1,16,75.725650
2ac0eac9c4fbb32c5270547757d233b5030f8fed,"Intel(R) Core(TM) i5-8365U CPU @ 1.60GHz; linux/amd64","2.2.10","-d:release --mm:arc",WM,64,1000000,range,range_unchecked,0.1,17,71.036430
2ac0eac9c4fbb32c5270547757d233b5030f8fed,"Intel(R) Core(TM) i5-8365U CPU @ 1.60GHz; linux/amd64","2.2.10","-d:release --mm:arc",WM,64,1000000,range,range_unchecked,0.1,18,70.106390
2ac0eac9c4fbb32c5270547757d233b5030f8fed,"Intel(R) Core(TM) i5-8365U CPU @ 1.60GHz; linux/amd64","2.2.10","-d:release --mm:arc",WM,64,1000000,range,range_unchecked,0.1,19,67.720270
2ac0eac9c4fbb32c5270547757d233b5030f8fed,"Intel(R) Core(TM) i5-8365U CPU @ 1.60GHz; linux/amd64","2.2.10","-d:release --mm:arc",WM,64,1000000,range,range_unchecked,0.1,20,71.601460
2ac0eac9c4fbb32c5270547757d233b5030f8fed,"Intel(R) Core(TM) i5-8365U CPU @ 1.60GHz; linux/amd64","2.2.10","-d:release --mm:arc",WM,64,1000000,range,range_unchecked,0.1,21,74.184580
2ac0eac9c4fbb32c5270547757d233b5030f8fed,"Intel(R) Core(TM) i5-8365U CPU @ 1.60GHz; linux/amd64","2.2.10","-d:release --mm:arc",WM,64,1000000,range,access,1,1,10295.430130
2ac0eac9c4fbb32c5270547757d233b5030f8fed,"Intel(R) Core(TM) i5-8365U CPU @ 1.60GHz; linux/amd64","2.2.10","-d:release --mm:arc",WM,64,1000000,range,access,1,2,10087.021060
2ac0eac9c4fbb32c5270547757d233b5030f8fed,"Intel(R) Core(TM) i5-8365U CPU @ 1.60GHz; linux/amd64","2.2.10","-d:release --mm:arc",WM,64,1000000,range,access,1,3,10382.285330
2ac0eac9c4fbb32c5270547757d233b5030f8fed,"Intel(R) Core(TM) i5-8365U CPU @ 1.60GHz; linux/amd64","2.2.10","-d:release --mm:arc",WM,64,1000000,range,access,1,4,10513.857680
2ac0eac9c4fbb32c5270547757d233b5030f8fed,"Intel(R) Core(TM) i5-8365U CPU @ 1.60GHz; linux/amd64","2.2.10","-d:release --mm:arc",WM,64,1000000,range,access,1,5,10003.155590
2ac0eac9c4fbb32c5270547757d233b5030f8fed,"Intel(R) Core(TM) i5-8365U CPU @ 1.60GHz; linux/amd64","2.2.10","-d:release --mm:arc",WM,64,1000000,range,access,1,6,9090.718850
2ac0eac9c4fbb32c5270547757d233b5030f8fed,"Intel(R) Core(TM) i5-8365U CPU @ 1.60GHz; linux/amd64","2.2.10","-d:release --mm:arc",WM,64,1000000,range,access,1,7,9947.287930
2ac0eac9c4fbb32c5270547757d233b5030f8fed,"Intel(R) Core(TM) i5-8365U CPU @ 1.60GHz; linux/amd64","2.2.10","-d:release --mm:arc",WM,64,1000000,range,access,1,8,8817.922810
2ac0eac9c4fbb32c5270547757d233b5030f8fed,"Intel(R) Core(TM) i5-8365U CPU @ 1.60GHz; linux/amd64","2.2.10","-d:release --mm:arc",WM,64,1000000,range,access,1,9,8986.894500
2ac0eac9c4fbb32c5270547757d233b5030f8fed,"Intel(R) Core(TM) i5-8365U CPU @ 1.60GHz; linux/amd64","2.2.10","-d:release --mm:arc",WM,64,1000000,range,access,1,10,8717.192630
2ac0eac9c4fbb32c5270547757d233b5030f8fed,"Intel(R) Core(TM) i5-8365U CPU @ 1.60GHz; linux/amd64","2.2.10","-d:release --mm:arc",WM,64,1000000,range,access,1,11,9073.225940
2ac0eac9c4fbb32c5270547757d233b5030f8fed,"Intel(R) Core(TM) i5-8365U CPU @ 1.60GHz; linux/amd64","2.2.10","-d:release --mm:arc",WM,64,1000000,range,access,1,12,8892.219640
2ac0eac9c4fbb32c5270547757d233b5030f8fed,"Intel(R) Core(TM) i5-8365U CPU @ 1.60GHz; linux/amd64","2.2.10","-d:release --mm:arc",WM,64,1000000,range,access,1,13,9083.463470
2ac0eac9c4fbb32c5270547757d233b5030f8fed,"Intel(R) Core(TM) i5-8365U CPU @ 1.60GHz; linux/amd64","2.2.10","-d:release --mm:arc",WM,64,1000000,range,access,1,14,9195.878320
2ac0eac9c4fbb32c5270547757d233b5030f8fed,"Intel(R) Core(TM) i5-8365U CPU @ 1.60GHz; linux/amd64","2.2.10","-d:release --mm:arc",WM,64,1000000,range,access,1,15,9260.284460
2ac0eac9c4fbb32c5270547757d233b5030f8fed,"Intel(R) Core(TM) i5-8365U CPU @ 1.60GHz; linux/amd64","2.2.10","-d:release --mm:arc",WM,64,1000000,range,access,1,16,9247.396800
2ac0eac9c4fbb32c5270547757d233b5030f8fed,"Intel(R) Core(TM) i5-8365U CPU @ 1.60GHz; linux/amd64","2.2.10","-d:release --mm:arc",WM,64,1000000,range,access,1,17,10213.993430
2ac0eac9c4fbb32c5270547757d233b5030f8fed,"Intel(R) Core(TM) i5-8365U CPU @ 1.60GHz; linux/amd64","2.2.10","-d:release --mm:arc",WM,64,1000000,range,access,1,18,9110.074750
2ac0eac9c4fbb32c5270547757d233b5030f8fed,"Intel(R) Core(TM) i5-8365U CPU @ 1.60GHz; linux/amd64","2.2.10","-d:release --mm:arc",WM,64,1000000,range,access,1,19,9050.850710
2ac0eac9c4fbb32c5270547757d233b5030f8fed,"Intel(R) Core(TM) i5-8365U CPU @ 1.60GHz; linux/amd64","2.2.10","-d:release --mm:arc",WM,64,1000000,range,access,1,20,9246.824780
2ac0eac9c4fbb32c5270547757d233b5030f8fed,"Intel(R) Core(TM) i5-8365U CPU @ 1.60GHz; linux/amd64","2.2.10","-d:release --mm:arc",WM,64,1000000,range,access,1,21,9214.027080
2ac0eac9c4fbb32c5270547757d233b5030f8fed,"Intel(R) Core(TM) i5-8365U CPU @ 1.60GHz; linux/amd64","2.2.10","-d:release --mm:arc",WM,64,1000000,range,range_unchecked,1,1,84.692350
2ac0eac9c4fbb32c5270547757d233b5030f8fed,"Intel(R) Core(TM) i5-8365U CPU @ 1.60GHz; linux/amd64","2.2.10","-d:release --mm:arc",WM,64,1000000,range,range_unchecked,1,2,89.144580
2ac0eac9c4fbb32c5270547757d233b5030f8fed,"Intel(R) Core(TM) i5-8365U CPU @ 1.60GHz; linux/amd64","2.2.10","-d:release --mm:arc",WM,64,1000000,range,range_unchecked,1,3,81.717190
2ac0eac9c4fbb32c5270547757d233b5030f8fed,"Intel(R) Core(TM) i5-8365U CPU @ 1.60GHz; linux/amd64","2.2.10","-d:release --mm:arc",WM,64,1000000,range,range_unchecked,1,4,75.517880
2ac0eac9c4fbb32c5270547757d233b5030f8fed,"Intel(R) Core(TM) i5-8365U CPU @ 1.60GHz; linux/amd64","2.2.10","-d:release --mm:arc",WM,64,1000000,range,range_unchecked,1,5,80.249120
2ac0eac9c4fbb32c5270547757d233b5030f8fed,"Intel(R) Core(TM) i5-8365U CPU @ 1.60GHz; linux/amd64","2.2.10","-d:release --mm:arc",WM,64,1000000,range,range_unchecked,1,6,82.549240
2ac0eac9c4fbb32c5270547757d233b5030f8fed,"Intel(R) Core(TM) i5-8365U CPU @ 1.60GHz; linux/amd64","2.2.10","-d:release --mm:arc",WM,64,1000000,range,range_unchecked,1,7,78.975050
2ac0eac9c4fbb32c5270547757d233b5030f8fed,"Intel(R) Core(TM) i5-8365U CPU @ 1.60GHz; linux/amd64","2.2.10","-d:release --mm:arc",WM,64,1000000,range,range_unchecked,1,8,78.769050
2ac0eac9c4fbb32c5270547757d233b5030f8fed,"Intel(R) Core(TM) i5-8365U CPU @ 1.60GHz; linux/amd64","2.2.10","-d:release --mm:arc",WM,64,1000000,range,range_unchecked,1,9,76.794940
2ac0eac9c4fbb32c5270547757d233b5030f8fed,"Intel(R) Core(TM) i5-8365U CPU @ 1.60GHz; linux/amd64","2.2.10","-d:release --mm:arc",WM,64,1000000,range,range_unchecked,1,10,83.687300
2ac0eac9c4fbb32c5270547757d233b5030f8fed,"Intel(R) Core(TM) i5-8365U CPU @ 1.60GHz; linux/amd64","2.2.10","-d:release --mm:arc",WM,64,1000000,range,range_unchecked,1,11,75.959900
2ac0eac9c4fbb32c5270547757d233b5030f8fed,"Intel(R) Core(TM) i5-8365U CPU @ 1.60GHz; linux/amd64","2.2.10","-d:release --mm:arc",WM,64,1000000,range,range_unchecked,1,12,82.173220
2ac0eac9c4fbb32c5270547757d233b5030f8fed,"Intel(R) Core(TM) i5-8365U CPU @ 1.60GHz; linux/amd64","2.2.10","-d:release --mm:arc",WM,64,1000000,range,range_unchecked,1,13,77.395970
2ac0eac9c4fbb32c5270547757d233b5030f8fed,"Intel(R) Core(TM) i5-8365U CPU @ 1.60GHz; linux/amd64","2.2.10","-d:release --mm:arc",WM,64,1000000,range,range_unchecked,1,14,79.001060
2ac0eac9c4fbb32c5270547757d233b5030f8fed,"Intel(R) Core(TM) i5-8365U CPU @ 1.60GHz; linux/amd64","2.2.10","-d:release --mm:arc",WM,64,1000000,range,range_unchecked,1,15,89.287580
2ac0eac9c4fbb32c5270547757d233b5030f8fed,"Intel(R) Core(TM) i5-8365U CPU @ 1.60GHz; linux/amd64","2.2.10","-d:release --mm:arc",WM,64,1000000,range,range_unchecked,1,16,82.447240
2ac0eac9c4fbb32c5270547757d233b5030f8fed,"Intel(R) Core(TM) i5-8365U CPU @ 1.60GHz; linux/amd64","2.2.10","-d:release --mm:arc",WM,64,1000000,range,range_unchecked,1,17,75.860890
2ac0eac9c4fbb32c5270547757d233b5030f8fed,"Intel(R) Core(TM) i5-8365U CPU @ 1.60GHz; linux/amd64","2.2.10","-d:release --mm:arc",WM,64,1000000,range,range_unchecked,1,18,77.444980
2ac0eac9c4fbb32c5270547757d233b5030f8fed,"Intel(R) Core(TM) i5-8365U CPU @ 1.60GHz; linux/amd64","2.2.10","-d:release --mm:arc",WM,64,1000000,range,range_unchecked,1,19,89.484590
2ac0eac9c4fbb32c5270547757d233b5030f8fed,"Intel(R) Core(TM) i5-8365U CPU @ 1.60GHz; linux/amd64","2.2.10","-d:release --mm:arc",WM,64,1000000,range,range_unchecked,1,20,78.221020
2ac0eac9c4fbb32c5270547757d233b5030f8fed,"Intel(R) Core(TM) i5-8365U CPU @ 1.60GHz; linux/amd64","2.2.10","-d:release --mm:arc",WM,64,1000000,range,range_unchecked,1,21,79.650090
2ac0eac9c4fbb32c5270547757d233b5030f8fed,"Intel(R) Core(TM) i5-8365U CPU @ 1.60GHz; linux/amd64","2.2.10","-d:release --mm:arc",WM,64,1000000,range,access,10,1,9021.414300
2ac0eac9c4fbb32c5270547757d233b5030f8fed,"Intel(R) Core(TM) i5-8365U CPU @ 1.60GHz; linux/amd64","2.2.10","-d:release --mm:arc",WM,64,1000000,range,access,10,2,9177.231170
2ac0eac9c4fbb32c5270547757d233b5030f8fed,"Intel(R) Core(TM) i5-8365U CPU @ 1.60GHz; linux/amd64","2.2.10","-d:release --mm:arc",WM,64,1000000,range,access,10,3,9241.006580
2ac0eac9c4fbb32c5270547757d233b5030f8fed,"Intel(R) Core(TM) i5-8365U CPU @ 1.60GHz; linux/amd64","2.2.10","-d:release --mm:arc",WM,64,1000000,range,access,10,4,9577.373270
2ac0eac9c4fbb32c5270547757d233b5030f8fed,"Intel(R) Core(TM) i5-8365U CPU @ 1.60GHz; linux/amd64","2.2.10","-d:release --mm:arc",WM,64,1000000,range,access,10,5,9264.042450
2ac0eac9c4fbb32c5270547757d233b5030f8fed,"Intel(R) Core(TM) i5-8365U CPU @ 1.60GHz; linux/amd64","2.2.10","-d:release --mm:arc",WM,64,1000000,range,access,10,6,8878.065890
2ac0eac9c4fbb32c5270547757d233b5030f8fed,"Intel(R) Core(TM) i5-8365U CPU @ 1.60GHz; linux/amd64","2.2.10","-d:release --mm:arc",WM,64,1000000,range,access,10,7,8671.969110
2ac0eac9c4fbb32c5270547757d233b5030f8fed,"Intel(R) Core(TM) i5-8365U CPU @ 1.60GHz; linux/amd64","2.2.10","-d:release --mm:arc",WM,64,1000000,range,access,10,8,8761.227480
2ac0eac9c4fbb32c5270547757d233b5030f8fed,"Intel(R) Core(TM) i5-8365U CPU @ 1.60GHz; linux/amd64","2.2.10","-d:release --mm:arc",WM,64,1000000,range,access,10,9,9082.606250
2ac0eac9c4fbb32c5270547757d233b5030f8fed,"Intel(R) Core(TM) i5-8365U CPU @ 1.60GHz; linux/amd64","2.2.10","-d:release --mm:arc",WM,64,1000000,range,access,10,10,9035.131510
2ac0eac9c4fbb32c5270547757d233b5030f8fed,"Intel(R) Core(TM) i5-8365U CPU @ 1.60GHz; linux/amd64","2.2.10","-d:release --mm:arc",WM,64,1000000,range,access,10,11,8783.191800
2ac0eac9c4fbb32c5270547757d233b5030f8fed,"Intel(R) Core(TM) i5-8365U CPU @ 1.60GHz; linux/amd64","2.2.10","-d:release --mm:arc",WM,64,1000000,range,access,10,12,8341.393040
2ac0eac9c4fbb32c5270547757d233b5030f8fed,"Intel(R) Core(TM) i5-8365U CPU @ 1.60GHz; linux/amd64","2.2.10","-d:release --mm:arc",WM,64,1000000,range,access,10,13,8330.424760
2ac0eac9c4fbb32c5270547757d233b5030f8fed,"Intel(R) Core(TM) i5-8365U CPU @ 1.60GHz; linux/amd64","2.2.10","-d:release --mm:arc",WM,64,1000000,range,access,10,14,9382.270750
2ac0eac9c4fbb32c5270547757d233b5030f8fed,"Intel(R) Core(TM) i5-8365U CPU @ 1.60GHz; linux/amd64","2.2.10","-d:release --mm:arc",WM,64,1000000,range,access,10,15,8705.574730
2ac0eac9c4fbb32c5270547757d233b5030f8fed,"Intel(R) Core(TM) i5-8365U CPU @ 1.60GHz; linux/amd64","2.2.10","-d:release --mm:arc",WM,64,1000000,range,access,10,16,8630.799740
2ac0eac9c4fbb32c5270547757d233b5030f8fed,"Intel(R) Core(TM) i5-8365U CPU @ 1.60GHz; linux/amd64","2.2.10","-d:release --mm:arc",WM,64,1000000,range,access,10,17,8424.844320
2ac0eac9c4fbb32c5270547757d233b5030f8fed,"Intel(R) Core(TM) i5-8365U CPU @ 1.60GHz; linux/amd64","2.2.10","-d:release --mm:arc",WM,64,1000000,range,access,10,18,8249.227820
2ac0eac9c4fbb32c5270547757d233b5030f8fed,"Intel(R) Core(TM) i5-8365U CPU @ 1.60GHz; linux/amd64","2.2.10","-d:release --mm:arc",WM,64,1000000,range,access,10,19,8097.958340
2ac0eac9c4fbb32c5270547757d233b5030f8fed,"Intel(R) Core(TM) i5-8365U CPU @ 1.60GHz; linux/amd64","2.2.10","-d:release --mm:arc",WM,64,1000000,range,access,10,20,8322.872230
2ac0eac9c4fbb32c5270547757d233b5030f8fed,"Intel(R) Core(TM) i5-8365U CPU @ 1.60GHz; linux/amd64","2.2.10","-d:release --mm:arc",WM,64,1000000,range,access,10,21,8507.654930
2ac0eac9c4fbb32c5270547757d233b5030f8fed,"Intel(R) Core(TM) i5-8365U CPU @ 1.60GHz; linux/amd64","2.2.10","-d:release --mm:arc",WM,64,1000000,range,range_unchecked,10,1,78.386230
2ac0eac9c4fbb32c5270547757d233b5030f8fed,"Intel(R) Core(TM) i5-8365U CPU @ 1.60GHz; linux/amd64","2.2.10","-d:release --mm:arc",WM,64,1000000,range,range_unchecked,10,2,69.156510
2ac0eac9c4fbb32c5270547757d233b5030f8fed,"Intel(R) Core(TM) i5-8365U CPU @ 1.60GHz; linux/amd64","2.2.10","-d:release --mm:arc",WM,64,1000000,range,range_unchecked,10,3,81.178460
2ac0eac9c4fbb32c5270547757d233b5030f8fed,"Intel(R) Core(TM) i5-8365U CPU @ 1.60GHz; linux/amd64","2.2.10","-d:release --mm:arc",WM,64,1000000,range,range_unchecked,10,4,88.745060
2ac0eac9c4fbb32c5270547757d233b5030f8fed,"Intel(R) Core(TM) i5-8365U CPU @ 1.60GHz; linux/amd64","2.2.10","-d:release --mm:arc",WM,64,1000000,range,range_unchecked,10,5,92.868390
2ac0eac9c4fbb32c5270547757d233b5030f8fed,"Intel(R) Core(TM) i5-8365U CPU @ 1.60GHz; linux/amd64","2.2.10","-d:release --mm:arc",WM,64,1000000,range,range_unchecked,10,6,79.036290
2ac0eac9c4fbb32c5270547757d233b5030f8fed,"Intel(R) Core(TM) i5-8365U CPU @ 1.60GHz; linux/amd64","2.2.10","-d:release --mm:arc",WM,64,1000000,range,range_unchecked,10,7,85.643810
2ac0eac9c4fbb32c5270547757d233b5030f8fed,"Intel(R) Core(TM) i5-8365U CPU @ 1.60GHz; linux/amd64","2.2.10","-d:release --mm:arc",WM,64,1000000,range,range_unchecked,10,8,68.973490
2ac0eac9c4fbb32c5270547757d233b5030f8fed,"Intel(R) Core(TM) i5-8365U CPU @ 1.60GHz; linux/amd64","2.2.10","-d:release --mm:arc",WM,64,1000000,range,range_unchecked,10,9,78.372240
2ac0eac9c4fbb32c5270547757d233b5030f8fed,"Intel(R) Core(TM) i5-8365U CPU @ 1.60GHz; linux/amd64","2.2.10","-d:release --mm:arc",WM,64,1000000,range,range_unchecked,10,10,78.313230
2ac0eac9c4fbb32c5270547757d233b5030f8fed,"Intel(R) Core(TM) i5-8365U CPU @ 1.60GHz; linux/amd64","2.2.10","-d:release --mm:arc",WM,64,1000000,range,range_unchecked,10,11,103.070200
2ac0eac9c4fbb32c5270547757d233b5030f8fed,"Intel(R) Core(TM) i5-8365U CPU @ 1.60GHz; linux/amd64","2.2.10","-d:release --mm:arc",WM,64,1000000,range,range_unchecked,10,12,70.437610
2ac0eac9c4fbb32c5270547757d233b5030f8fed,"Intel(R) Core(TM) i5-8365U CPU @ 1.60GHz; linux/amd64","2.2.10","-d:release --mm:arc",WM,64,1000000,range,range_unchecked,10,13,72.048730
2ac0eac9c4fbb32c5270547757d233b5030f8fed,"Intel(R) Core(TM) i5-8365U CPU @ 1.60GHz; linux/amd64","2.2.10","-d:release --mm:arc",WM,64,1000000,range,range_unchecked,10,14,69.312510
2ac0eac9c4fbb32c5270547757d233b5030f8fed,"Intel(R) Core(TM) i5-8365U CPU @ 1.60GHz; linux/amd64","2.2.10","-d:release --mm:arc",WM,64,1000000,range,range_unchecked,10,15,75.514010
2ac0eac9c4fbb32c5270547757d233b5030f8fed,"Intel(R) Core(TM) i5-8365U CPU @ 1.60GHz; linux/amd64","2.2.10","-d:release --mm:arc",WM,64,1000000,range,range_unchecked,10,16,75.405000
2ac0eac9c4fbb32c5270547757d233b5030f8fed,"Intel(R) Core(TM) i5-8365U CPU @ 1.60GHz; linux/amd64","2.2.10","-d:release --mm:arc",WM,64,1000000,range,range_unchecked,10,17,73.102820
2ac0eac9c4fbb32c5270547757d233b5030f8fed,"Intel(R) Core(TM) i5-8365U CPU @ 1.60GHz; linux/amd64","2.2.10","-d:release --mm:arc",WM,64,1000000,range,range_unchecked,10,18,76.640100
2ac0eac9c4fbb32c5270547757d233b5030f8fed,"Intel(R) Core(TM) i5-8365U CPU @ 1.60GHz; linux/amd64","2.2.10","-d:release --mm:arc",WM,64,1000000,range,range_unchecked,10,19,73.831870
2ac0eac9c4fbb32c5270547757d233b5030f8fed,"Intel(R) Core(TM) i5-8365U CPU @ 1.60GHz; linux/amd64","2.2.10","-d:release --mm:arc",WM,64,1000000,range,range_unchecked,10,20,92.149340
2ac0eac9c4fbb32c5270547757d233b5030f8fed,"Intel(R) Core(TM) i5-8365U CPU @ 1.60GHz; linux/amd64","2.2.10","-d:release --mm:arc",WM,64,1000000,range,range_unchecked,10,21,70.170580
2ac0eac9c4fbb32c5270547757d233b5030f8fed,"Intel(R) Core(TM) i5-8365U CPU @ 1.60GHz; linux/amd64","2.2.10","-d:release --mm:arc",WM,64,1000000,range,access,25,1,8058.660210
2ac0eac9c4fbb32c5270547757d233b5030f8fed,"Intel(R) Core(TM) i5-8365U CPU @ 1.60GHz; linux/amd64","2.2.10","-d:release --mm:arc",WM,64,1000000,range,access,25,2,7958.998280
2ac0eac9c4fbb32c5270547757d233b5030f8fed,"Intel(R) Core(TM) i5-8365U CPU @ 1.60GHz; linux/amd64","2.2.10","-d:release --mm:arc",WM,64,1000000,range,access,25,3,9233.891580
2ac0eac9c4fbb32c5270547757d233b5030f8fed,"Intel(R) Core(TM) i5-8365U CPU @ 1.60GHz; linux/amd64","2.2.10","-d:release --mm:arc",WM,64,1000000,range,access,25,4,8326.601050
2ac0eac9c4fbb32c5270547757d233b5030f8fed,"Intel(R) Core(TM) i5-8365U CPU @ 1.60GHz; linux/amd64","2.2.10","-d:release --mm:arc",WM,64,1000000,range,access,25,5,8085.899740
2ac0eac9c4fbb32c5270547757d233b5030f8fed,"Intel(R) Core(TM) i5-8365U CPU @ 1.60GHz; linux/amd64","2.2.10","-d:release --mm:arc",WM,64,1000000,range,access,25,6,8034.008810
2ac0eac9c4fbb32c5270547757d233b5030f8fed,"Intel(R) Core(TM) i5-8365U CPU @ 1.60GHz; linux/amd64","2.2.10","-d:release --mm:arc",WM,64,1000000,range,access,25,7,8222.641870
2ac0eac9c4fbb32c5270547757d233b5030f8fed,"Intel(R) Core(TM) i5-8365U CPU @ 1.60GHz; linux/amd64","2.2.10","-d:release --mm:arc",WM,64,1000000,range,access,25,8,7962.416200
2ac0eac9c4fbb32c5270547757d233b5030f8fed,"Intel(R) Core(TM) i5-8365U CPU @ 1.60GHz; linux/amd64","2.2.10","-d:release --mm:arc",WM,64,1000000,range,access,25,9,8035.387030
2ac0eac9c4fbb32c5270547757d233b5030f8fed,"Intel(R) Core(TM) i5-8365U CPU @ 1.60GHz; linux/amd64","2.2.10","-d:release --mm:arc",WM,64,1000000,range,access,25,10,8127.244850
2ac0eac9c4fbb32c5270547757d233b5030f8fed,"Intel(R) Core(TM) i5-8365U CPU @ 1.60GHz; linux/amd64","2.2.10","-d:release --mm:arc",WM,64,1000000,range,access,25,11,8158.959530
2ac0eac9c4fbb32c5270547757d233b5030f8fed,"Intel(R) Core(TM) i5-8365U CPU @ 1.60GHz; linux/amd64","2.2.10","-d:release --mm:arc",WM,64,1000000,range,access,25,12,7886.477210
2ac0eac9c4fbb32c5270547757d233b5030f8fed,"Intel(R) Core(TM) i5-8365U CPU @ 1.60GHz; linux/amd64","2.2.10","-d:release --mm:arc",WM,64,1000000,range,access,25,13,7735.667290
2ac0eac9c4fbb32c5270547757d233b5030f8fed,"Intel(R) Core(TM) i5-8365U CPU @ 1.60GHz; linux/amd64","2.2.10","-d:release --mm:arc",WM,64,1000000,range,access,25,14,8838.046190
2ac0eac9c4fbb32c5270547757d233b5030f8fed,"Intel(R) Core(TM) i5-8365U CPU @ 1.60GHz; linux/amd64","2.2.10","-d:release --mm:arc",WM,64,1000000,range,access,25,15,7940.411890
2ac0eac9c4fbb32c5270547757d233b5030f8fed,"Intel(R) Core(TM) i5-8365U CPU @ 1.60GHz; linux/amd64","2.2.10","-d:release --mm:arc",WM,64,1000000,range,access,25,16,7896.232050
2ac0eac9c4fbb32c5270547757d233b5030f8fed,"Intel(R) Core(TM) i5-8365U CPU @ 1.60GHz; linux/amd64","2.2.10","-d:release --mm:arc",WM,64,1000000,range,access,25,17,7973.419650
2ac0eac9c4fbb32c5270547757d233b5030f8fed,"Intel(R) Core(TM) i5-8365U CPU @ 1.60GHz; linux/amd64","2.2.10","-d:release --mm:arc",WM,64,1000000,range,access,25,18,7903.735400
2ac0eac9c4fbb32c5270547757d233b5030f8fed,"Intel(R) Core(TM) i5-8365U CPU @ 1.60GHz; linux/amd64","2.2.10","-d:release --mm:arc",WM,64,1000000,range,access,25,19,8056.607540
2ac0eac9c4fbb32c5270547757d233b5030f8fed,"Intel(R) Core(TM) i5-8365U CPU @ 1.60GHz; linux/amd64","2.2.10","-d:release --mm:arc",WM,64,1000000,range,access,25,20,7896.589060
2ac0eac9c4fbb32c5270547757d233b5030f8fed,"Intel(R) Core(TM) i5-8365U CPU @ 1.60GHz; linux/amd64","2.2.10","-d:release --mm:arc",WM,64,1000000,range,access,25,21,7798.248470
2ac0eac9c4fbb32c5270547757d233b5030f8fed,"Intel(R) Core(TM) i5-8365U CPU @ 1.60GHz; linux/amd64","2.2.10","-d:release --mm:arc",WM,64,1000000,range,range_unchecked,25,1,61.551870
2ac0eac9c4fbb32c5270547757d233b5030f8fed,"Intel(R) Core(TM) i5-8365U CPU @ 1.60GHz; linux/amd64","2.2.10","-d:release --mm:arc",WM,64,1000000,range,range_unchecked,25,2,62.103910
2ac0eac9c4fbb32c5270547757d233b5030f8fed,"Intel(R) Core(TM) i5-8365U CPU @ 1.60GHz; linux/amd64","2.2.10","-d:release --mm:arc",WM,64,1000000,range,range_unchecked,25,3,64.464010
2ac0eac9c4fbb32c5270547757d233b5030f8fed,"Intel(R) Core(TM) i5-8365U CPU @ 1.60GHz; linux/amd64","2.2.10","-d:release --mm:arc",WM,64,1000000,range,range_unchecked,25,4,62.258910
2ac0eac9c4fbb32c5270547757d233b5030f8fed,"Intel(R) Core(TM) i5-8365U CPU @ 1.60GHz; linux/amd64","2.2.10","-d:release --mm:arc",WM,64,1000000,range,range_unchecked,25,5,64.300010
2ac0eac9c4fbb32c5270547757d233b5030f8fed,"Intel(R) Core(TM) i5-8365U CPU @ 1.60GHz; linux/amd64","2.2.10","-d:release --mm:arc",WM,64,1000000,range,range_unchecked,25,6,99.856660
2ac0eac9c4fbb32c5270547757d233b5030f8fed,"Intel(R) Core(TM) i5-8365U CPU @ 1.60GHz; linux/amd64","2.2.10","-d:release --mm:arc",WM,64,1000000,range,range_unchecked,25,7,97.972580
2ac0eac9c4fbb32c5270547757d233b5030f8fed,"Intel(R) Core(TM) i5-8365U CPU @ 1.60GHz; linux/amd64","2.2.10","-d:release --mm:arc",WM,64,1000000,range,range_unchecked,25,8,83.856920
2ac0eac9c4fbb32c5270547757d233b5030f8fed,"Intel(R) Core(TM) i5-8365U CPU @ 1.60GHz; linux/amd64","2.2.10","-d:release --mm:arc",WM,64,1000000,range,range_unchecked,25,9,71.922360
2ac0eac9c4fbb32c5270547757d233b5030f8fed,"Intel(R) Core(TM) i5-8365U CPU @ 1.60GHz; linux/amd64","2.2.10","-d:release --mm:arc",WM,64,1000000,range,range_unchecked,25,10,67.464160
2ac0eac9c4fbb32c5270547757d233b5030f8fed,"Intel(R) Core(TM) i5-8365U CPU @ 1.60GHz; linux/amd64","2.2.10","-d:release --mm:arc",WM,64,1000000,range,range_unchecked,25,11,63.045940
2ac0eac9c4fbb32c5270547757d233b5030f8fed,"Intel(R) Core(TM) i5-8365U CPU @ 1.60GHz; linux/amd64","2.2.10","-d:release --mm:arc",WM,64,1000000,range,range_unchecked,25,12,75.093510
2ac0eac9c4fbb32c5270547757d233b5030f8fed,"Intel(R) Core(TM) i5-8365U CPU @ 1.60GHz; linux/amd64","2.2.10","-d:release --mm:arc",WM,64,1000000,range,range_unchecked,25,13,67.347150
2ac0eac9c4fbb32c5270547757d233b5030f8fed,"Intel(R) Core(TM) i5-8365U CPU @ 1.60GHz; linux/amd64","2.2.10","-d:release --mm:arc",WM,64,1000000,range,range_unchecked,25,14,64.916040
2ac0eac9c4fbb32c5270547757d233b5030f8fed,"Intel(R) Core(TM) i5-8365U CPU @ 1.60GHz; linux/amd64","2.2.10","-d:release --mm:arc",WM,64,1000000,range,range_unchecked,25,15,65.816070
2ac0eac9c4fbb32c5270547757d233b5030f8fed,"Intel(R) Core(TM) i5-8365U CPU @ 1.60GHz; linux/amd64","2.2.10","-d:release --mm:arc",WM,64,1000000,range,range_unchecked,25,16,63.298960
2ac0eac9c4fbb32c5270547757d233b5030f8fed,"Intel(R) Core(TM) i5-8365U CPU @ 1.60GHz; linux/amd64","2.2.10","-d:release --mm:arc",WM,64,1000000,range,range_unchecked,25,17,63.086950
2ac0eac9c4fbb32c5270547757d233b5030f8fed,"Intel(R) Core(TM) i5-8365U CPU @ 1.60GHz; linux/amd64","2.2.10","-d:release --mm:arc",WM,64,1000000,range,range_unchecked,25,18,69.972270
2ac0eac9c4fbb32c5270547757d233b5030f8fed,"Intel(R) Core(TM) i5-8365U CPU @ 1.60GHz; linux/amd64","2.2.10","-d:release --mm:arc",WM,64,1000000,range,range_unchecked,25,19,65.027040
2ac0eac9c4fbb32c5270547757d233b5030f8fed,"Intel(R) Core(TM) i5-8365U CPU @ 1.60GHz; linux/amd64","2.2.10","-d:release --mm:arc",WM,64,1000000,range,range_unchecked,25,20,65.311050
2ac0eac9c4fbb32c5270547757d233b5030f8fed,"Intel(R) Core(TM) i5-8365U CPU @ 1.60GHz; linux/amd64","2.2.10","-d:release --mm:arc",WM,64,1000000,range,range_unchecked,25,21,63.237960
2ac0eac9c4fbb32c5270547757d233b5030f8fed,"Intel(R) Core(TM) i5-8365U CPU @ 1.60GHz; linux/amd64","2.2.10","-d:release --mm:arc",WM,64,1000000,range,access,40,1,8018.498760
2ac0eac9c4fbb32c5270547757d233b5030f8fed,"Intel(R) Core(TM) i5-8365U CPU @ 1.60GHz; linux/amd64","2.2.10","-d:release --mm:arc",WM,64,1000000,range,access,40,2,8078.232550
2ac0eac9c4fbb32c5270547757d233b5030f8fed,"Intel(R) Core(TM) i5-8365U CPU @ 1.60GHz; linux/amd64","2.2.10","-d:release --mm:arc",WM,64,1000000,range,access,40,3,8533.308100
2ac0eac9c4fbb32c5270547757d233b5030f8fed,"Intel(R) Core(TM) i5-8365U CPU @ 1.60GHz; linux/amd64","2.2.10","-d:release --mm:arc",WM,64,1000000,range,access,40,4,7814.640560
2ac0eac9c4fbb32c5270547757d233b5030f8fed,"Intel(R) Core(TM) i5-8365U CPU @ 1.60GHz; linux/amd64","2.2.10","-d:release --mm:arc",WM,64,1000000,range,access,40,5,8100.523910
2ac0eac9c4fbb32c5270547757d233b5030f8fed,"Intel(R) Core(TM) i5-8365U CPU @ 1.60GHz; linux/amd64","2.2.10","-d:release --mm:arc",WM,64,1000000,range,access,40,6,9228.820600
2ac0eac9c4fbb32c5270547757d233b5030f8fed,"Intel(R) Core(TM) i5-8365U CPU @ 1.60GHz; linux/amd64","2.2.10","-d:release --mm:arc",WM,64,1000000,range,access,40,7,9295.253930
2ac0eac9c4fbb32c5270547757d233b5030f8fed,"Intel(R) Core(TM) i5-8365U CPU @ 1.60GHz; linux/amd64","2.2.10","-d:release --mm:arc",WM,64,1000000,range,access,40,8,8616.504840
2ac0eac9c4fbb32c5270547757d233b5030f8fed,"Intel(R) Core(TM) i5-8365U CPU @ 1.60GHz; linux/amd64","2.2.10","-d:release --mm:arc",WM,64,1000000,range,access,40,9,8267.552310
2ac0eac9c4fbb32c5270547757d233b5030f8fed,"Intel(R) Core(TM) i5-8365U CPU @ 1.60GHz; linux/amd64","2.2.10","-d:release --mm:arc",WM,64,1000000,range,access,40,10,7660.177800
2ac0eac9c4fbb32c5270547757d233b5030f8fed,"Intel(R) Core(TM) i5-8365U CPU @ 1.60GHz; linux/amd64","2.2.10","-d:release --mm:arc",WM,64,1000000,range,access,40,11,7895.815640
2ac0eac9c4fbb32c5270547757d233b5030f8fed,"Intel(R) Core(TM) i5-8365U CPU @ 1.60GHz; linux/amd64","2.2.10","-d:release --mm:arc",WM,64,1000000,range,access,40,12,7656.193590
2ac0eac9c4fbb32c5270547757d233b5030f8fed,"Intel(R) Core(TM) i5-8365U CPU @ 1.60GHz; linux/amd64","2.2.10","-d:release --mm:arc",WM,64,1000000,range,access,40,13,8154.538740
2ac0eac9c4fbb32c5270547757d233b5030f8fed,"Intel(R) Core(TM) i5-8365U CPU @ 1.60GHz; linux/amd64","2.2.10","-d:release --mm:arc",WM,64,1000000,range,access,40,14,8497.217510
2ac0eac9c4fbb32c5270547757d233b5030f8fed,"Intel(R) Core(TM) i5-8365U CPU @ 1.60GHz; linux/amd64","2.2.10","-d:release --mm:arc",WM,64,1000000,range,access,40,15,7830.499580
2ac0eac9c4fbb32c5270547757d233b5030f8fed,"Intel(R) Core(TM) i5-8365U CPU @ 1.60GHz; linux/amd64","2.2.10","-d:release --mm:arc",WM,64,1000000,range,access,40,16,7599.100800
2ac0eac9c4fbb32c5270547757d233b5030f8fed,"Intel(R) Core(TM) i5-8365U CPU @ 1.60GHz; linux/amd64","2.2.10","-d:release --mm:arc",WM,64,1000000,range,access,40,17,7696.905770
2ac0eac9c4fbb32c5270547757d233b5030f8fed,"Intel(R) Core(TM) i5-8365U CPU @ 1.60GHz; linux/amd64","2.2.10","-d:release --mm:arc",WM,64,1000000,range,access,40,18,8334.456230
2ac0eac9c4fbb32c5270547757d233b5030f8fed,"Intel(R) Core(TM) i5-8365U CPU @ 1.60GHz; linux/amd64","2.2.10","-d:release --mm:arc",WM,64,1000000,range,access,40,19,8033.026890
2ac0eac9c4fbb32c5270547757d233b5030f8fed,"Intel(R) Core(TM) i5-8365U CPU @ 1.60GHz; linux/amd64","2.2.10","-d:release --mm:arc",WM,64,1000000,range,access,40,20,7761.847080
2ac0eac9c4fbb32c5270547757d233b5030f8fed,"Intel(R) Core(TM) i5-8365U CPU @ 1.60GHz; linux/amd64","2.2.10","-d:release --mm:arc",WM,64,1000000,range,access,40,21,7676.543740
2ac0eac9c4fbb32c5270547757d233b5030f8fed,"Intel(R) Core(TM) i5-8365U CPU @ 1.60GHz; linux/amd64","2.2.10","-d:release --mm:arc",WM,64,1000000,range,range_unchecked,40,1,66.135370
2ac0eac9c4fbb32c5270547757d233b5030f8fed,"Intel(R) Core(TM) i5-8365U CPU @ 1.60GHz; linux/amd64","2.2.10","-d:release --mm:arc",WM,64,1000000,range,range_unchecked,40,2,65.490330
2ac0eac9c4fbb32c5270547757d233b5030f8fed,"Intel(R) Core(TM) i5-8365U CPU @ 1.60GHz; linux/amd64","2.2.10","-d:release --mm:arc",WM,64,1000000,range,range_unchecked,40,3,61.192120
2ac0eac9c4fbb32c5270547757d233b5030f8fed,"Intel(R) Core(TM) i5-8365U CPU @ 1.60GHz; linux/amd64","2.2.10","-d:release --mm:arc",WM,64,1000000,range,range_unchecked,40,4,68.210470
2ac0eac9c4fbb32c5270547757d233b5030f8fed,"Intel(R) Core(TM) i5-8365U CPU @ 1.60GHz; linux/amd64","2.2.10","-d:release --mm:arc",WM,64,1000000,range,range_unchecked,40,5,61.049110
2ac0eac9c4fbb32c5270547757d233b5030f8fed,"Intel(R) Core(TM) i5-8365U CPU @ 1.60GHz; linux/amd64","2.2.10","-d:release --mm:arc",WM,64,1000000,range,range_unchecked,40,6,61.231120
2ac0eac9c4fbb32c5270547757d233b5030f8fed,"Intel(R) Core(TM) i5-8365U CPU @ 1.60GHz; linux/amd64","2.2.10","-d:release --mm:arc",WM,64,1000000,range,range_unchecked,40,7,65.565330
2ac0eac9c4fbb32c5270547757d233b5030f8fed,"Intel(R) Core(TM) i5-8365U CPU @ 1.60GHz; linux/amd64","2.2.10","-d:release --mm:arc",WM,64,1000000,range,range_unchecked,40,8,62.269170
2ac0eac9c4fbb32c5270547757d233b5030f8fed,"Intel(R) Core(TM) i5-8365U CPU @ 1.60GHz; linux/amd64","2.2.10","-d:release --mm:arc",WM,64,1000000,range,range_unchecked,40,9,64.470280
2ac0eac9c4fbb32c5270547757d233b5030f8fed,"Intel(R) Core(TM) i5-8365U CPU @ 1.60GHz; linux/amd64","2.2.10","-d:release --mm:arc",WM,64,1000000,range,range_unchecked,40,10,70.870610
2ac0eac9c4fbb32c5270547757d233b5030f8fed,"Intel(R) Core(TM) i5-8365U CPU @ 1.60GHz; linux/amd64","2.2.10","-d:release --mm:arc",WM,64,1000000,range,range_unchecked,40,11,64.127270
2ac0eac9c4fbb32c5270547757d233b5030f8fed,"Intel(R) Core(TM) i5-8365U CPU @ 1.60GHz; linux/amd64","2.2.10","-d:release --mm:arc",WM,64,1000000,range,range_unchecked,40,12,70.616590
2ac0eac9c4fbb32c5270547757d233b5030f8fed,"Intel(R) Core(TM) i5-8365U CPU @ 1.60GHz; linux/amd64","2.2.10","-d:release --mm:arc",WM,64,1000000,range,range_unchecked,40,13,70.196570
2ac0eac9c4fbb32c5270547757d233b5030f8fed,"Intel(R) Core(TM) i5-8365U CPU @ 1.60GHz; linux/amd64","2.2.10","-d:release --mm:arc",WM,64,1000000,range,range_unchecked,40,14,62.772200
2ac0eac9c4fbb32c5270547757d233b5030f8fed,"Intel(R) Core(TM) i5-8365U CPU @ 1.60GHz; linux/amd64","2.2.10","-d:release --mm:arc",WM,64,1000000,range,range_unchecked,40,15,66.581390
2ac0eac9c4fbb32c5270547757d233b5030f8fed,"Intel(R) Core(TM) i5-8365U CPU @ 1.60GHz; linux/amd64","2.2.10","-d:release --mm:arc",WM,64,1000000,range,range_unchecked,40,16,60.964100
2ac0eac9c4fbb32c5270547757d233b5030f8fed,"Intel(R) Core(TM) i5-8365U CPU @ 1.60GHz; linux/amd64","2.2.10","-d:release --mm:arc",WM,64,1000000,range,range_unchecked,40,17,61.022110
2ac0eac9c4fbb32c5270547757d233b5030f8fed,"Intel(R) Core(TM) i5-8365U CPU @ 1.60GHz; linux/amd64","2.2.10","-d:release --mm:arc",WM,64,1000000,range,range_unchecked,40,18,65.715340
2ac0eac9c4fbb32c5270547757d233b5030f8fed,"Intel(R) Core(TM) i5-8365U CPU @ 1.60GHz; linux/amd64","2.2.10","-d:release --mm:arc",WM,64,1000000,range,range_unchecked,40,19,60.725090
2ac0eac9c4fbb32c5270547757d233b5030f8fed,"Intel(R) Core(TM) i5-8365U CPU @ 1.60GHz; linux/amd64","2.2.10","-d:release --mm:arc",WM,64,1000000,range,range_unchecked,40,20,63.827240
2ac0eac9c4fbb32c5270547757d233b5030f8fed,"Intel(R) Core(TM) i5-8365U CPU @ 1.60GHz; linux/amd64","2.2.10","-d:release --mm:arc",WM,64,1000000,range,range_unchecked,40,21,62.089160
2ac0eac9c4fbb32c5270547757d233b5030f8fed,"Intel(R) Core(TM) i5-8365U CPU @ 1.60GHz; linux/amd64","2.2.10","-d:release --mm:arc",WM,64,1000000,range,access,50,1,7737.946450
2ac0eac9c4fbb32c5270547757d233b5030f8fed,"Intel(R) Core(TM) i5-8365U CPU @ 1.60GHz; linux/amd64","2.2.10","-d:release --mm:arc",WM,64,1000000,range,access,50,2,8463.918780
2ac0eac9c4fbb32c5270547757d233b5030f8fed,"Intel(R) Core(TM) i5-8365U CPU @ 1.60GHz; linux/amd64","2.2.10","-d:release --mm:arc",WM,64,1000000,range,access,50,3,8080.439220
2ac0eac9c4fbb32c5270547757d233b5030f8fed,"Intel(R) Core(TM) i5-8365U CPU @ 1.60GHz; linux/amd64","2.2.10","-d:release --mm:arc",WM,64,1000000,range,access,50,4,7681.938890
2ac0eac9c4fbb32c5270547757d233b5030f8fed,"Intel(R) Core(TM) i5-8365U CPU @ 1.60GHz; linux/amd64","2.2.10","-d:release --mm:arc",WM,64,1000000,range,access,50,5,7698.429730
2ac0eac9c4fbb32c5270547757d233b5030f8fed,"Intel(R) Core(TM) i5-8365U CPU @ 1.60GHz; linux/amd64","2.2.10","-d:release --mm:arc",WM,64,1000000,range,access,50,6,7937.397920
2ac0eac9c4fbb32c5270547757d233b5030f8fed,"Intel(R) Core(TM) i5-8365U CPU @ 1.60GHz; linux/amd64","2.2.10","-d:release --mm:arc",WM,64,1000000,range,access,50,7,7691.709390
2ac0eac9c4fbb32c5270547757d233b5030f8fed,"Intel(R) Core(TM) i5-8365U CPU @ 1.60GHz; linux/amd64","2.2.10","-d:release --mm:arc",WM,64,1000000,range,access,50,8,7805.665200
2ac0eac9c4fbb32c5270547757d233b5030f8fed,"Intel(R) Core(TM) i5-8365U CPU @ 1.60GHz; linux/amd64","2.2.10","-d:release --mm:arc",WM,64,1000000,range,access,50,9,7855.131730
2ac0eac9c4fbb32c5270547757d233b5030f8fed,"Intel(R) Core(TM) i5-8365U CPU @ 1.60GHz; linux/amd64","2.2.10","-d:release --mm:arc",WM,64,1000000,range,access,50,10,7935.924840
2ac0eac9c4fbb32c5270547757d233b5030f8fed,"Intel(R) Core(TM) i5-8365U CPU @ 1.60GHz; linux/amd64","2.2.10","-d:release --mm:arc",WM,64,1000000,range,access,50,11,7710.210500
2ac0eac9c4fbb32c5270547757d233b5030f8fed,"Intel(R) Core(TM) i5-8365U CPU @ 1.60GHz; linux/amd64","2.2.10","-d:release --mm:arc",WM,64,1000000,range,access,50,12,7766.295530
2ac0eac9c4fbb32c5270547757d233b5030f8fed,"Intel(R) Core(TM) i5-8365U CPU @ 1.60GHz; linux/amd64","2.2.10","-d:release --mm:arc",WM,64,1000000,range,access,50,13,13240.729630
2ac0eac9c4fbb32c5270547757d233b5030f8fed,"Intel(R) Core(TM) i5-8365U CPU @ 1.60GHz; linux/amd64","2.2.10","-d:release --mm:arc",WM,64,1000000,range,access,50,14,16489.881680
2ac0eac9c4fbb32c5270547757d233b5030f8fed,"Intel(R) Core(TM) i5-8365U CPU @ 1.60GHz; linux/amd64","2.2.10","-d:release --mm:arc",WM,64,1000000,range,access,50,15,8762.278130
2ac0eac9c4fbb32c5270547757d233b5030f8fed,"Intel(R) Core(TM) i5-8365U CPU @ 1.60GHz; linux/amd64","2.2.10","-d:release --mm:arc",WM,64,1000000,range,access,50,16,8674.155650
2ac0eac9c4fbb32c5270547757d233b5030f8fed,"Intel(R) Core(TM) i5-8365U CPU @ 1.60GHz; linux/amd64","2.2.10","-d:release --mm:arc",WM,64,1000000,range,access,50,17,8430.488270
2ac0eac9c4fbb32c5270547757d233b5030f8fed,"Intel(R) Core(TM) i5-8365U CPU @ 1.60GHz; linux/amd64","2.2.10","-d:release --mm:arc",WM,64,1000000,range,access,50,18,8849.639560
2ac0eac9c4fbb32c5270547757d233b5030f8fed,"Intel(R) Core(TM) i5-8365U CPU @ 1.60GHz; linux/amd64","2.2.10","-d:release --mm:arc",WM,64,1000000,range,access,50,19,8645.044720
2ac0eac9c4fbb32c5270547757d233b5030f8fed,"Intel(R) Core(TM) i5-8365U CPU @ 1.60GHz; linux/amd64","2.2.10","-d:release --mm:arc",WM,64,1000000,range,access,50,20,8556.496700
2ac0eac9c4fbb32c5270547757d233b5030f8fed,"Intel(R) Core(TM) i5-8365U CPU @ 1.60GHz; linux/amd64","2.2.10","-d:release --mm:arc",WM,64,1000000,range,access,50,21,8660.604990
2ac0eac9c4fbb32c5270547757d233b5030f8fed,"Intel(R) Core(TM) i5-8365U CPU @ 1.60GHz; linux/amd64","2.2.10","-d:release --mm:arc",WM,64,1000000,range,range_unchecked,50,1,74.323790
2ac0eac9c4fbb32c5270547757d233b5030f8fed,"Intel(R) Core(TM) i5-8365U CPU @ 1.60GHz; linux/amd64","2.2.10","-d:release --mm:arc",WM,64,1000000,range,range_unchecked,50,2,71.931660
2ac0eac9c4fbb32c5270547757d233b5030f8fed,"Intel(R) Core(TM) i5-8365U CPU @ 1.60GHz; linux/amd64","2.2.10","-d:release --mm:arc",WM,64,1000000,range,range_unchecked,50,3,74.674810
2ac0eac9c4fbb32c5270547757d233b5030f8fed,"Intel(R) Core(TM) i5-8365U CPU @ 1.60GHz; linux/amd64","2.2.10","-d:release --mm:arc",WM,64,1000000,range,range_unchecked,50,4,109.133550
2ac0eac9c4fbb32c5270547757d233b5030f8fed,"Intel(R) Core(TM) i5-8365U CPU @ 1.60GHz; linux/amd64","2.2.10","-d:release --mm:arc",WM,64,1000000,range,range_unchecked,50,5,87.892480
2ac0eac9c4fbb32c5270547757d233b5030f8fed,"Intel(R) Core(TM) i5-8365U CPU @ 1.60GHz; linux/amd64","2.2.10","-d:release --mm:arc",WM,64,1000000,range,range_unchecked,50,6,89.912580
2ac0eac9c4fbb32c5270547757d233b5030f8fed,"Intel(R) Core(TM) i5-8365U CPU @ 1.60GHz; linux/amd64","2.2.10","-d:release --mm:arc",WM,64,1000000,range,range_unchecked,50,7,68.298480
2ac0eac9c4fbb32c5270547757d233b5030f8fed,"Intel(R) Core(TM) i5-8365U CPU @ 1.60GHz; linux/amd64","2.2.10","-d:release --mm:arc",WM,64,1000000,range,range_unchecked,50,8,66.621390
2ac0eac9c4fbb32c5270547757d233b5030f8fed,"Intel(R) Core(TM) i5-8365U CPU @ 1.60GHz; linux/amd64","2.2.10","-d:release --mm:arc",WM,64,1000000,range,range_unchecked,50,9,70.527590
2ac0eac9c4fbb32c5270547757d233b5030f8fed,"Intel(R) Core(TM) i5-8365U CPU @ 1.60GHz; linux/amd64","2.2.10","-d:release --mm:arc",WM,64,1000000,range,range_unchecked,50,10,73.334730
2ac0eac9c4fbb32c5270547757d233b5030f8fed,"Intel(R) Core(TM) i5-8365U CPU @ 1.60GHz; linux/amd64","2.2.10","-d:release --mm:arc",WM,64,1000000,range,range_unchecked,50,11,65.527340
2ac0eac9c4fbb32c5270547757d233b5030f8fed,"Intel(R) Core(TM) i5-8365U CPU @ 1.60GHz; linux/amd64","2.2.10","-d:release --mm:arc",WM,64,1000000,range,range_unchecked,50,12,75.794860
2ac0eac9c4fbb32c5270547757d233b5030f8fed,"Intel(R) Core(TM) i5-8365U CPU @ 1.60GHz; linux/amd64","2.2.10","-d:release --mm:arc",WM,64,1000000,range,range_unchecked,50,13,68.458490
2ac0eac9c4fbb32c5270547757d233b5030f8fed,"Intel(R) Core(TM) i5-8365U CPU @ 1.60GHz; linux/amd64","2.2.10","-d:release --mm:arc",WM,64,1000000,range,range_unchecked,50,14,70.475590
2ac0eac9c4fbb32c5270547757d233b5030f8fed,"Intel(R) Core(TM) i5-8365U CPU @ 1.60GHz; linux/amd64","2.2.10","-d:release --mm:arc",WM,64,1000000,range,range_unchecked,50,15,71.821650
2ac0eac9c4fbb32c5270547757d233b5030f8fed,"Intel(R) Core(TM) i5-8365U CPU @ 1.60GHz; linux/amd64","2.2.10","-d:release --mm:arc",WM,64,1000000,range,range_unchecked,50,16,73.949770
2ac0eac9c4fbb32c5270547757d233b5030f8fed,"Intel(R) Core(TM) i5-8365U CPU @ 1.60GHz; linux/amd64","2.2.10","-d:release --mm:arc",WM,64,1000000,range,range_unchecked,50,17,74.638800
2ac0eac9c4fbb32c5270547757d233b5030f8fed,"Intel(R) Core(TM) i5-8365U CPU @ 1.60GHz; linux/amd64","2.2.10","-d:release --mm:arc",WM,64,1000000,range,range_unchecked,50,18,67.997460
2ac0eac9c4fbb32c5270547757d233b5030f8fed,"Intel(R) Core(TM) i5-8365U CPU @ 1.60GHz; linux/amd64","2.2.10","-d:release --mm:arc",WM,64,1000000,range,range_unchecked,50,19,81.576160
2ac0eac9c4fbb32c5270547757d233b5030f8fed,"Intel(R) Core(TM) i5-8365U CPU @ 1.60GHz; linux/amd64","2.2.10","-d:release --mm:arc",WM,64,1000000,range,range_unchecked,50,20,71.258620
2ac0eac9c4fbb32c5270547757d233b5030f8fed,"Intel(R) Core(TM) i5-8365U CPU @ 1.60GHz; linux/amd64","2.2.10","-d:release --mm:arc",WM,64,1000000,range,range_unchecked,50,21,80.423090
2ac0eac9c4fbb32c5270547757d233b5030f8fed,"Intel(R) Core(TM) i5-8365U CPU @ 1.60GHz; linux/amd64","2.2.10","-d:release --mm:arc",WM,64,1000000,range,access,75,1,9376.562450
2ac0eac9c4fbb32c5270547757d233b5030f8fed,"Intel(R) Core(TM) i5-8365U CPU @ 1.60GHz; linux/amd64","2.2.10","-d:release --mm:arc",WM,64,1000000,range,access,75,2,9156.628250
2ac0eac9c4fbb32c5270547757d233b5030f8fed,"Intel(R) Core(TM) i5-8365U CPU @ 1.60GHz; linux/amd64","2.2.10","-d:release --mm:arc",WM,64,1000000,range,access,75,3,8792.266700
2ac0eac9c4fbb32c5270547757d233b5030f8fed,"Intel(R) Core(TM) i5-8365U CPU @ 1.60GHz; linux/amd64","2.2.10","-d:release --mm:arc",WM,64,1000000,range,access,75,4,8732.597660
2ac0eac9c4fbb32c5270547757d233b5030f8fed,"Intel(R) Core(TM) i5-8365U CPU @ 1.60GHz; linux/amd64","2.2.10","-d:release --mm:arc",WM,64,1000000,range,access,75,5,8579.193850
2ac0eac9c4fbb32c5270547757d233b5030f8fed,"Intel(R) Core(TM) i5-8365U CPU @ 1.60GHz; linux/amd64","2.2.10","-d:release --mm:arc",WM,64,1000000,range,access,75,6,8347.863090
2ac0eac9c4fbb32c5270547757d233b5030f8fed,"Intel(R) Core(TM) i5-8365U CPU @ 1.60GHz; linux/amd64","2.2.10","-d:release --mm:arc",WM,64,1000000,range,access,75,7,8281.726360
2ac0eac9c4fbb32c5270547757d233b5030f8fed,"Intel(R) Core(TM) i5-8365U CPU @ 1.60GHz; linux/amd64","2.2.10","-d:release --mm:arc",WM,64,1000000,range,access,75,8,8328.303740
2ac0eac9c4fbb32c5270547757d233b5030f8fed,"Intel(R) Core(TM) i5-8365U CPU @ 1.60GHz; linux/amd64","2.2.10","-d:release --mm:arc",WM,64,1000000,range,access,75,9,8651.429260
2ac0eac9c4fbb32c5270547757d233b5030f8fed,"Intel(R) Core(TM) i5-8365U CPU @ 1.60GHz; linux/amd64","2.2.10","-d:release --mm:arc",WM,64,1000000,range,access,75,10,8468.760920
2ac0eac9c4fbb32c5270547757d233b5030f8fed,"Intel(R) Core(TM) i5-8365U CPU @ 1.60GHz; linux/amd64","2.2.10","-d:release --mm:arc",WM,64,1000000,range,access,75,11,8404.080620
2ac0eac9c4fbb32c5270547757d233b5030f8fed,"Intel(R) Core(TM) i5-8365U CPU @ 1.60GHz; linux/amd64","2.2.10","-d:release --mm:arc",WM,64,1000000,range,access,75,12,8860.154930
2ac0eac9c4fbb32c5270547757d233b5030f8fed,"Intel(R) Core(TM) i5-8365U CPU @ 1.60GHz; linux/amd64","2.2.10","-d:release --mm:arc",WM,64,1000000,range,access,75,13,8914.273690
2ac0eac9c4fbb32c5270547757d233b5030f8fed,"Intel(R) Core(TM) i5-8365U CPU @ 1.60GHz; linux/amd64","2.2.10","-d:release --mm:arc",WM,64,1000000,range,access,75,14,8370.586900
2ac0eac9c4fbb32c5270547757d233b5030f8fed,"Intel(R) Core(TM) i5-8365U CPU @ 1.60GHz; linux/amd64","2.2.10","-d:release --mm:arc",WM,64,1000000,range,access,75,15,8551.264190
2ac0eac9c4fbb32c5270547757d233b5030f8fed,"Intel(R) Core(TM) i5-8365U CPU @ 1.60GHz; linux/amd64","2.2.10","-d:release --mm:arc",WM,64,1000000,range,access,75,16,8472.808370
2ac0eac9c4fbb32c5270547757d233b5030f8fed,"Intel(R) Core(TM) i5-8365U CPU @ 1.60GHz; linux/amd64","2.2.10","-d:release --mm:arc",WM,64,1000000,range,access,75,17,8253.587160
2ac0eac9c4fbb32c5270547757d233b5030f8fed,"Intel(R) Core(TM) i5-8365U CPU @ 1.60GHz; linux/amd64","2.2.10","-d:release --mm:arc",WM,64,1000000,range,access,75,18,8264.813730
2ac0eac9c4fbb32c5270547757d233b5030f8fed,"Intel(R) Core(TM) i5-8365U CPU @ 1.60GHz; linux/amd64","2.2.10","-d:release --mm:arc",WM,64,1000000,range,access,75,19,8203.221580
2ac0eac9c4fbb32c5270547757d233b5030f8fed,"Intel(R) Core(TM) i5-8365U CPU @ 1.60GHz; linux/amd64","2.2.10","-d:release --mm:arc",WM,64,1000000,range,access,75,20,8556.218640
2ac0eac9c4fbb32c5270547757d233b5030f8fed,"Intel(R) Core(TM) i5-8365U CPU @ 1.60GHz; linux/amd64","2.2.10","-d:release --mm:arc",WM,64,1000000,range,access,75,21,8550.918360
2ac0eac9c4fbb32c5270547757d233b5030f8fed,"Intel(R) Core(TM) i5-8365U CPU @ 1.60GHz; linux/amd64","2.2.10","-d:release --mm:arc",WM,64,1000000,range,range_unchecked,75,1,73.585760
2ac0eac9c4fbb32c5270547757d233b5030f8fed,"Intel(R) Core(TM) i5-8365U CPU @ 1.60GHz; linux/amd64","2.2.10","-d:release --mm:arc",WM,64,1000000,range,range_unchecked,75,2,73.716770
2ac0eac9c4fbb32c5270547757d233b5030f8fed,"Intel(R) Core(TM) i5-8365U CPU @ 1.60GHz; linux/amd64","2.2.10","-d:release --mm:arc",WM,64,1000000,range,range_unchecked,75,3,67.382450
2ac0eac9c4fbb32c5270547757d233b5030f8fed,"Intel(R) Core(TM) i5-8365U CPU @ 1.60GHz; linux/amd64","2.2.10","-d:release --mm:arc",WM,64,1000000,range,range_unchecked,75,4,72.872730
2ac0eac9c4fbb32c5270547757d233b5030f8fed,"Intel(R) Core(TM) i5-8365U CPU @ 1.60GHz; linux/amd64","2.2.10","-d:release --mm:arc",WM,64,1000000,range,range_unchecked,75,5,68.902520
2ac0eac9c4fbb32c5270547757d233b5030f8fed,"Intel(R) Core(TM) i5-8365U CPU @ 1.60GHz; linux/amd64","2.2.10","-d:release --mm:arc",WM,64,1000000,range,range_unchecked,75,6,70.144590
2ac0eac9c4fbb32c5270547757d233b5030f8fed,"Intel(R) Core(TM) i5-8365U CPU @ 1.60GHz; linux/amd64","2.2.10","-d:release --mm:arc",WM,64,1000000,range,range_unchecked,75,7,66.457400
2ac0eac9c4fbb32c5270547757d233b5030f8fed,"Intel(R) Core(TM) i5-8365U CPU @ 1.60GHz; linux/amd64","2.2.10","-d:release --mm:arc",WM,64,1000000,range,range_unchecked,75,8,74.593810
2ac0eac9c4fbb32c5270547757d233b5030f8fed,"Intel(R) Core(TM) i5-8365U CPU @ 1.60GHz; linux/amd64","2.2.10","-d:release --mm:arc",WM,64,1000000,range,range_unchecked,75,9,73.419760
2ac0eac9c4fbb32c5270547757d233b5030f8fed,"Intel(R) Core(TM) i5-8365U CPU @ 1.60GHz; linux/amd64","2.2.10","-d:release --mm:arc",WM,64,1000000,range,range_unchecked,75,10,72.961730
2ac0eac9c4fbb32c5270547757d233b5030f8fed,"Intel(R) Core(TM) i5-8365U CPU @ 1.60GHz; linux/amd64","2.2.10","-d:release --mm:arc",WM,64,1000000,range,range_unchecked,75,11,73.655770
2ac0eac9c4fbb32c5270547757d233b5030f8fed,"Intel(R) Core(TM) i5-8365U CPU @ 1.60GHz; linux/amd64","2.2.10","-d:release --mm:arc",WM,64,1000000,range,range_unchecked,75,12,71.053630
2ac0eac9c4fbb32c5270547757d233b5030f8fed,"Intel(R) Core(TM) i5-8365U CPU @ 1.60GHz; linux/amd64","2.2.10","-d:release --mm:arc",WM,64,1000000,range,range_unchecked,75,13,87.156460
2ac0eac9c4fbb32c5270547757d233b5030f8fed,"Intel(R) Core(TM) i5-8365U CPU @ 1.60GHz; linux/amd64","2.2.10","-d:release --mm:arc",WM,64,1000000,range,range_unchecked,75,14,69.672560
2ac0eac9c4fbb32c5270547757d233b5030f8fed,"Intel(R) Core(TM) i5-8365U CPU @ 1.60GHz; linux/amd64","2.2.10","-d:release --mm:arc",WM,64,1000000,range,range_unchecked,75,15,69.539550
2ac0eac9c4fbb32c5270547757d233b5030f8fed,"Intel(R) Core(TM) i5-8365U CPU @ 1.60GHz; linux/amd64","2.2.10","-d:release --mm:arc",WM,64,1000000,range,range_unchecked,75,16,68.317500
2ac0eac9c4fbb32c5270547757d233b5030f8fed,"Intel(R) Core(TM) i5-8365U CPU @ 1.60GHz; linux/amd64","2.2.10","-d:release --mm:arc",WM,64,1000000,range,range_unchecked,75,17,73.405750
2ac0eac9c4fbb32c5270547757d233b5030f8fed,"Intel(R) Core(TM) i5-8365U CPU @ 1.60GHz; linux/amd64","2.2.10","-d:release --mm:arc",WM,64,1000000,range,range_unchecked,75,18,72.880730
2ac0eac9c4fbb32c5270547757d233b5030f8fed,"Intel(R) Core(TM) i5-8365U CPU @ 1.60GHz; linux/amd64","2.2.10","-d:release --mm:arc",WM,64,1000000,range,range_unchecked,75,19,68.272490
2ac0eac9c4fbb32c5270547757d233b5030f8fed,"Intel(R) Core(TM) i5-8365U CPU @ 1.60GHz; linux/amd64","2.2.10","-d:release --mm:arc",WM,64,1000000,range,range_unchecked,75,20,70.292600
2ac0eac9c4fbb32c5270547757d233b5030f8fed,"Intel(R) Core(TM) i5-8365U CPU @ 1.60GHz; linux/amd64","2.2.10","-d:release --mm:arc",WM,64,1000000,range,range_unchecked,75,21,65.869370
2ac0eac9c4fbb32c5270547757d233b5030f8fed,"Intel(R) Core(TM) i5-8365U CPU @ 1.60GHz; linux/amd64","2.2.10","-d:release --mm:arc",WM,64,1000000,range,access,90,1,8978.416230
2ac0eac9c4fbb32c5270547757d233b5030f8fed,"Intel(R) Core(TM) i5-8365U CPU @ 1.60GHz; linux/amd64","2.2.10","-d:release --mm:arc",WM,64,1000000,range,access,90,2,8534.589530
2ac0eac9c4fbb32c5270547757d233b5030f8fed,"Intel(R) Core(TM) i5-8365U CPU @ 1.60GHz; linux/amd64","2.2.10","-d:release --mm:arc",WM,64,1000000,range,access,90,3,8261.099020
2ac0eac9c4fbb32c5270547757d233b5030f8fed,"Intel(R) Core(TM) i5-8365U CPU @ 1.60GHz; linux/amd64","2.2.10","-d:release --mm:arc",WM,64,1000000,range,access,90,4,8181.221920
2ac0eac9c4fbb32c5270547757d233b5030f8fed,"Intel(R) Core(TM) i5-8365U CPU @ 1.60GHz; linux/amd64","2.2.10","-d:release --mm:arc",WM,64,1000000,range,access,90,5,8344.554280
2ac0eac9c4fbb32c5270547757d233b5030f8fed,"Intel(R) Core(TM) i5-8365U CPU @ 1.60GHz; linux/amd64","2.2.10","-d:release --mm:arc",WM,64,1000000,range,access,90,6,8359.718040
2ac0eac9c4fbb32c5270547757d233b5030f8fed,"Intel(R) Core(TM) i5-8365U CPU @ 1.60GHz; linux/amd64","2.2.10","-d:release --mm:arc",WM,64,1000000,range,access,90,7,8005.449960
2ac0eac9c4fbb32c5270547757d233b5030f8fed,"Intel(R) Core(TM) i5-8365U CPU @ 1.60GHz; linux/amd64","2.2.10","-d:release --mm:arc",WM,64,1000000,range,access,90,8,8224.723150
2ac0eac9c4fbb32c5270547757d233b5030f8fed,"Intel(R) Core(TM) i5-8365U CPU @ 1.60GHz; linux/amd64","2.2.10","-d:release --mm:arc",WM,64,1000000,range,access,90,9,8028.284120
2ac0eac9c4fbb32c5270547757d233b5030f8fed,"Intel(R) Core(TM) i5-8365U CPU @ 1.60GHz; linux/amd64","2.2.10","-d:release --mm:arc",WM,64,1000000,range,access,90,10,8123.322970
2ac0eac9c4fbb32c5270547757d233b5030f8fed,"Intel(R) Core(TM) i5-8365U CPU @ 1.60GHz; linux/amd64","2.2.10","-d:release --mm:arc",WM,64,1000000,range,access,90,11,8409.218570
2ac0eac9c4fbb32c5270547757d233b5030f8fed,"Intel(R) Core(TM) i5-8365U CPU @ 1.60GHz; linux/amd64","2.2.10","-d:release --mm:arc",WM,64,1000000,range,access,90,12,8349.618640
2ac0eac9c4fbb32c5270547757d233b5030f8fed,"Intel(R) Core(TM) i5-8365U CPU @ 1.60GHz; linux/amd64","2.2.10","-d:release --mm:arc",WM,64,1000000,range,access,90,13,9358.631590
2ac0eac9c4fbb32c5270547757d233b5030f8fed,"Intel(R) Core(TM) i5-8365U CPU @ 1.60GHz; linux/amd64","2.2.10","-d:release --mm:arc",WM,64,1000000,range,access,90,14,8329.090940
2ac0eac9c4fbb32c5270547757d233b5030f8fed,"Intel(R) Core(TM) i5-8365U CPU @ 1.60GHz; linux/amd64","2.2.10","-d:release --mm:arc",WM,64,1000000,range,access,90,15,8372.004130
2ac0eac9c4fbb32c5270547757d233b5030f8fed,"Intel(R) Core(TM) i5-8365U CPU @ 1.60GHz; linux/amd64","2.2.10","-d:release --mm:arc",WM,64,1000000,range,access,90,16,8655.643640
2ac0eac9c4fbb32c5270547757d233b5030f8fed,"Intel(R) Core(TM) i5-8365U CPU @ 1.60GHz; linux/amd64","2.2.10","-d:release --mm:arc",WM,64,1000000,range,access,90,17,8513.416370
2ac0eac9c4fbb32c5270547757d233b5030f8fed,"Intel(R) Core(TM) i5-8365U CPU @ 1.60GHz; linux/amd64","2.2.10","-d:release --mm:arc",WM,64,1000000,range,access,90,18,9117.198240
2ac0eac9c4fbb32c5270547757d233b5030f8fed,"Intel(R) Core(TM) i5-8365U CPU @ 1.60GHz; linux/amd64","2.2.10","-d:release --mm:arc",WM,64,1000000,range,access,90,19,8388.549980
2ac0eac9c4fbb32c5270547757d233b5030f8fed,"Intel(R) Core(TM) i5-8365U CPU @ 1.60GHz; linux/amd64","2.2.10","-d:release --mm:arc",WM,64,1000000,range,access,90,20,8517.793590
2ac0eac9c4fbb32c5270547757d233b5030f8fed,"Intel(R) Core(TM) i5-8365U CPU @ 1.60GHz; linux/amd64","2.2.10","-d:release --mm:arc",WM,64,1000000,range,access,90,21,8445.536890
2ac0eac9c4fbb32c5270547757d233b5030f8fed,"Intel(R) Core(TM) i5-8365U CPU @ 1.60GHz; linux/amd64","2.2.10","-d:release --mm:arc",WM,64,1000000,range,range_unchecked,90,1,76.560910
2ac0eac9c4fbb32c5270547757d233b5030f8fed,"Intel(R) Core(TM) i5-8365U CPU @ 1.60GHz; linux/amd64","2.2.10","-d:release --mm:arc",WM,64,1000000,range,range_unchecked,90,2,73.655770
2ac0eac9c4fbb32c5270547757d233b5030f8fed,"Intel(R) Core(TM) i5-8365U CPU @ 1.60GHz; linux/amd64","2.2.10","-d:release --mm:arc",WM,64,1000000,range,range_unchecked,90,3,76.100890
2ac0eac9c4fbb32c5270547757d233b5030f8fed,"Intel(R) Core(TM) i5-8365U CPU @ 1.60GHz; linux/amd64","2.2.10","-d:release --mm:arc",WM,64,1000000,range,range_unchecked,90,4,68.716510
2ac0eac9c4fbb32c5270547757d233b5030f8fed,"Intel(R) Core(TM) i5-8365U CPU @ 1.60GHz; linux/amd64","2.2.10","-d:release --mm:arc",WM,64,1000000,range,range_unchecked,90,5,92.813730
2ac0eac9c4fbb32c5270547757d233b5030f8fed,"Intel(R) Core(TM) i5-8365U CPU @ 1.60GHz; linux/amd64","2.2.10","-d:release --mm:arc",WM,64,1000000,range,range_unchecked,90,6,106.086410
2ac0eac9c4fbb32c5270547757d233b5030f8fed,"Intel(R) Core(TM) i5-8365U CPU @ 1.60GHz; linux/amd64","2.2.10","-d:release --mm:arc",WM,64,1000000,range,range_unchecked,90,7,75.435840
2ac0eac9c4fbb32c5270547757d233b5030f8fed,"Intel(R) Core(TM) i5-8365U CPU @ 1.60GHz; linux/amd64","2.2.10","-d:release --mm:arc",WM,64,1000000,range,range_unchecked,90,8,72.541690
2ac0eac9c4fbb32c5270547757d233b5030f8fed,"Intel(R) Core(TM) i5-8365U CPU @ 1.60GHz; linux/amd64","2.2.10","-d:release --mm:arc",WM,64,1000000,range,range_unchecked,90,9,81.973180
2ac0eac9c4fbb32c5270547757d233b5030f8fed,"Intel(R) Core(TM) i5-8365U CPU @ 1.60GHz; linux/amd64","2.2.10","-d:release --mm:arc",WM,64,1000000,range,range_unchecked,90,10,67.883460
2ac0eac9c4fbb32c5270547757d233b5030f8fed,"Intel(R) Core(TM) i5-8365U CPU @ 1.60GHz; linux/amd64","2.2.10","-d:release --mm:arc",WM,64,1000000,range,range_unchecked,90,11,72.530700
2ac0eac9c4fbb32c5270547757d233b5030f8fed,"Intel(R) Core(TM) i5-8365U CPU @ 1.60GHz; linux/amd64","2.2.10","-d:release --mm:arc",WM,64,1000000,range,range_unchecked,90,12,77.067930
2ac0eac9c4fbb32c5270547757d233b5030f8fed,"Intel(R) Core(TM) i5-8365U CPU @ 1.60GHz; linux/amd64","2.2.10","-d:release --mm:arc",WM,64,1000000,range,range_unchecked,90,13,84.389300
2ac0eac9c4fbb32c5270547757d233b5030f8fed,"Intel(R) Core(TM) i5-8365U CPU @ 1.60GHz; linux/amd64","2.2.10","-d:release --mm:arc",WM,64,1000000,range,range_unchecked,90,14,73.337740
2ac0eac9c4fbb32c5270547757d233b5030f8fed,"Intel(R) Core(TM) i5-8365U CPU @ 1.60GHz; linux/amd64","2.2.10","-d:release --mm:arc",WM,64,1000000,range,range_unchecked,90,15,73.510750
2ac0eac9c4fbb32c5270547757d233b5030f8fed,"Intel(R) Core(TM) i5-8365U CPU @ 1.60GHz; linux/amd64","2.2.10","-d:release --mm:arc",WM,64,1000000,range,range_unchecked,90,16,76.283890
2ac0eac9c4fbb32c5270547757d233b5030f8fed,"Intel(R) Core(TM) i5-8365U CPU @ 1.60GHz; linux/amd64","2.2.10","-d:release --mm:arc",WM,64,1000000,range,range_unchecked,90,17,73.074720
2ac0eac9c4fbb32c5270547757d233b5030f8fed,"Intel(R) Core(TM) i5-8365U CPU @ 1.60GHz; linux/amd64","2.2.10","-d:release --mm:arc",WM,64,1000000,range,range_unchecked,90,18,72.253690
2ac0eac9c4fbb32c5270547757d233b5030f8fed,"Intel(R) Core(TM) i5-8365U CPU @ 1.60GHz; linux/amd64","2.2.10","-d:release --mm:arc",WM,64,1000000,range,range_unchecked,90,19,76.549900
2ac0eac9c4fbb32c5270547757d233b5030f8fed,"Intel(R) Core(TM) i5-8365U CPU @ 1.60GHz; linux/amd64","2.2.10","-d:release --mm:arc",WM,64,1000000,range,range_unchecked,90,20,73.586750
2ac0eac9c4fbb32c5270547757d233b5030f8fed,"Intel(R) Core(TM) i5-8365U CPU @ 1.60GHz; linux/amd64","2.2.10","-d:release --mm:arc",WM,64,1000000,range,range_unchecked,90,21,86.823430
2ac0eac9c4fbb32c5270547757d233b5030f8fed,"Intel(R) Core(TM) i5-8365U CPU @ 1.60GHz; linux/amd64","2.2.10","-d:release --mm:arc",WM,64,1000000,range,access,100,1,8944.963000
2ac0eac9c4fbb32c5270547757d233b5030f8fed,"Intel(R) Core(TM) i5-8365U CPU @ 1.60GHz; linux/amd64","2.2.10","-d:release --mm:arc",WM,64,1000000,range,access,100,2,9725.986820
2ac0eac9c4fbb32c5270547757d233b5030f8fed,"Intel(R) Core(TM) i5-8365U CPU @ 1.60GHz; linux/amd64","2.2.10","-d:release --mm:arc",WM,64,1000000,range,access,100,3,8593.769100
2ac0eac9c4fbb32c5270547757d233b5030f8fed,"Intel(R) Core(TM) i5-8365U CPU @ 1.60GHz; linux/amd64","2.2.10","-d:release --mm:arc",WM,64,1000000,range,access,100,4,8488.336720
2ac0eac9c4fbb32c5270547757d233b5030f8fed,"Intel(R) Core(TM) i5-8365U CPU @ 1.60GHz; linux/amd64","2.2.10","-d:release --mm:arc",WM,64,1000000,range,access,100,5,8801.747710
2ac0eac9c4fbb32c5270547757d233b5030f8fed,"Intel(R) Core(TM) i5-8365U CPU @ 1.60GHz; linux/amd64","2.2.10","-d:release --mm:arc",WM,64,1000000,range,access,100,6,8918.133640
2ac0eac9c4fbb32c5270547757d233b5030f8fed,"Intel(R) Core(TM) i5-8365U CPU @ 1.60GHz; linux/amd64","2.2.10","-d:release --mm:arc",WM,64,1000000,range,access,100,7,8959.831760
2ac0eac9c4fbb32c5270547757d233b5030f8fed,"Intel(R) Core(TM) i5-8365U CPU @ 1.60GHz; linux/amd64","2.2.10","-d:release --mm:arc",WM,64,1000000,range,access,100,8,8659.755020
2ac0eac9c4fbb32c5270547757d233b5030f8fed,"Intel(R) Core(TM) i5-8365U CPU @ 1.60GHz; linux/amd64","2.2.10","-d:release --mm:arc",WM,64,1000000,range,access,100,9,8643.541880
2ac0eac9c4fbb32c5270547757d233b5030f8fed,"Intel(R) Core(TM) i5-8365U CPU @ 1.60GHz; linux/amd64","2.2.10","-d:release --mm:arc",WM,64,1000000,range,access,100,10,8723.025650
2ac0eac9c4fbb32c5270547757d233b5030f8fed,"Intel(R) Core(TM) i5-8365U CPU @ 1.60GHz; linux/amd64","2.2.10","-d:release --mm:arc",WM,64,1000000,range,access,100,11,8698.891510
2ac0eac9c4fbb32c5270547757d233b5030f8fed,"Intel(R) Core(TM) i5-8365U CPU @ 1.60GHz; linux/amd64","2.2.10","-d:release --mm:arc",WM,64,1000000,range,access,100,12,9470.245080
2ac0eac9c4fbb32c5270547757d233b5030f8fed,"Intel(R) Core(TM) i5-8365U CPU @ 1.60GHz; linux/amd64","2.2.10","-d:release --mm:arc",WM,64,1000000,range,access,100,13,9613.750890
2ac0eac9c4fbb32c5270547757d233b5030f8fed,"Intel(R) Core(TM) i5-8365U CPU @ 1.60GHz; linux/amd64","2.2.10","-d:release --mm:arc",WM,64,1000000,range,access,100,14,8959.919880
2ac0eac9c4fbb32c5270547757d233b5030f8fed,"Intel(R) Core(TM) i5-8365U CPU @ 1.60GHz; linux/amd64","2.2.10","-d:release --mm:arc",WM,64,1000000,range,access,100,15,9407.921130
2ac0eac9c4fbb32c5270547757d233b5030f8fed,"Intel(R) Core(TM) i5-8365U CPU @ 1.60GHz; linux/amd64","2.2.10","-d:release --mm:arc",WM,64,1000000,range,access,100,16,9107.649890
2ac0eac9c4fbb32c5270547757d233b5030f8fed,"Intel(R) Core(TM) i5-8365U CPU @ 1.60GHz; linux/amd64","2.2.10","-d:release --mm:arc",WM,64,1000000,range,access,100,17,9218.986850
2ac0eac9c4fbb32c5270547757d233b5030f8fed,"Intel(R) Core(TM) i5-8365U CPU @ 1.60GHz; linux/amd64","2.2.10","-d:release --mm:arc",WM,64,1000000,range,access,100,18,9315.586810
2ac0eac9c4fbb32c5270547757d233b5030f8fed,"Intel(R) Core(TM) i5-8365U CPU @ 1.60GHz; linux/amd64","2.2.10","-d:release --mm:arc",WM,64,1000000,range,access,100,19,9141.501680
2ac0eac9c4fbb32c5270547757d233b5030f8fed,"Intel(R) Core(TM) i5-8365U CPU @ 1.60GHz; linux/amd64","2.2.10","-d:release --mm:arc",WM,64,1000000,range,access,100,20,9122.970020
2ac0eac9c4fbb32c5270547757d233b5030f8fed,"Intel(R) Core(TM) i5-8365U CPU @ 1.60GHz; linux/amd64","2.2.10","-d:release --mm:arc",WM,64,1000000,range,access,100,21,9667.627190
2ac0eac9c4fbb32c5270547757d233b5030f8fed,"Intel(R) Core(TM) i5-8365U CPU @ 1.60GHz; linux/amd64","2.2.10","-d:release --mm:arc",WM,64,1000000,range,range_unchecked,100,1,8.879310
2ac0eac9c4fbb32c5270547757d233b5030f8fed,"Intel(R) Core(TM) i5-8365U CPU @ 1.60GHz; linux/amd64","2.2.10","-d:release --mm:arc",WM,64,1000000,range,range_unchecked,100,2,9.315330
2ac0eac9c4fbb32c5270547757d233b5030f8fed,"Intel(R) Core(TM) i5-8365U CPU @ 1.60GHz; linux/amd64","2.2.10","-d:release --mm:arc",WM,64,1000000,range,range_unchecked,100,3,8.836310
2ac0eac9c4fbb32c5270547757d233b5030f8fed,"Intel(R) Core(TM) i5-8365U CPU @ 1.60GHz; linux/amd64","2.2.10","-d:release --mm:arc",WM,64,1000000,range,range_unchecked,100,4,8.960320
2ac0eac9c4fbb32c5270547757d233b5030f8fed,"Intel(R) Core(TM) i5-8365U CPU @ 1.60GHz; linux/amd64","2.2.10","-d:release --mm:arc",WM,64,1000000,range,range_unchecked,100,5,8.840310
2ac0eac9c4fbb32c5270547757d233b5030f8fed,"Intel(R) Core(TM) i5-8365U CPU @ 1.60GHz; linux/amd64","2.2.10","-d:release --mm:arc",WM,64,1000000,range,range_unchecked,100,6,8.872310
2ac0eac9c4fbb32c5270547757d233b5030f8fed,"Intel(R) Core(TM) i5-8365U CPU @ 1.60GHz; linux/amd64","2.2.10","-d:release --mm:arc",WM,64,1000000,range,range_unchecked,100,7,9.883350
2ac0eac9c4fbb32c5270547757d233b5030f8fed,"Intel(R) Core(TM) i5-8365U CPU @ 1.60GHz; linux/amd64","2.2.10","-d:release --mm:arc",WM,64,1000000,range,range_unchecked,100,8,10.217360
2ac0eac9c4fbb32c5270547757d233b5030f8fed,"Intel(R) Core(TM) i5-8365U CPU @ 1.60GHz; linux/amd64","2.2.10","-d:release --mm:arc",WM,64,1000000,range,range_unchecked,100,9,9.120320
2ac0eac9c4fbb32c5270547757d233b5030f8fed,"Intel(R) Core(TM) i5-8365U CPU @ 1.60GHz; linux/amd64","2.2.10","-d:release --mm:arc",WM,64,1000000,range,range_unchecked,100,10,10.182360
2ac0eac9c4fbb32c5270547757d233b5030f8fed,"Intel(R) Core(TM) i5-8365U CPU @ 1.60GHz; linux/amd64","2.2.10","-d:release --mm:arc",WM,64,1000000,range,range_unchecked,100,11,12.169420
2ac0eac9c4fbb32c5270547757d233b5030f8fed,"Intel(R) Core(TM) i5-8365U CPU @ 1.60GHz; linux/amd64","2.2.10","-d:release --mm:arc",WM,64,1000000,range,range_unchecked,100,12,9.597340
2ac0eac9c4fbb32c5270547757d233b5030f8fed,"Intel(R) Core(TM) i5-8365U CPU @ 1.60GHz; linux/amd64","2.2.10","-d:release --mm:arc",WM,64,1000000,range,range_unchecked,100,13,12.625450
2ac0eac9c4fbb32c5270547757d233b5030f8fed,"Intel(R) Core(TM) i5-8365U CPU @ 1.60GHz; linux/amd64","2.2.10","-d:release --mm:arc",WM,64,1000000,range,range_unchecked,100,14,10.085350
2ac0eac9c4fbb32c5270547757d233b5030f8fed,"Intel(R) Core(TM) i5-8365U CPU @ 1.60GHz; linux/amd64","2.2.10","-d:release --mm:arc",WM,64,1000000,range,range_unchecked,100,15,9.022320
2ac0eac9c4fbb32c5270547757d233b5030f8fed,"Intel(R) Core(TM) i5-8365U CPU @ 1.60GHz; linux/amd64","2.2.10","-d:release --mm:arc",WM,64,1000000,range,range_unchecked,100,16,8.877310
2ac0eac9c4fbb32c5270547757d233b5030f8fed,"Intel(R) Core(TM) i5-8365U CPU @ 1.60GHz; linux/amd64","2.2.10","-d:release --mm:arc",WM,64,1000000,range,range_unchecked,100,17,9.059320
2ac0eac9c4fbb32c5270547757d233b5030f8fed,"Intel(R) Core(TM) i5-8365U CPU @ 1.60GHz; linux/amd64","2.2.10","-d:release --mm:arc",WM,64,1000000,range,range_unchecked,100,18,8.860310
2ac0eac9c4fbb32c5270547757d233b5030f8fed,"Intel(R) Core(TM) i5-8365U CPU @ 1.60GHz; linux/amd64","2.2.10","-d:release --mm:arc",WM,64,1000000,range,range_unchecked,100,19,8.864310
2ac0eac9c4fbb32c5270547757d233b5030f8fed,"Intel(R) Core(TM) i5-8365U CPU @ 1.60GHz; linux/amd64","2.2.10","-d:release --mm:arc",WM,64,1000000,range,range_unchecked,100,20,8.850320
2ac0eac9c4fbb32c5270547757d233b5030f8fed,"Intel(R) Core(TM) i5-8365U CPU @ 1.60GHz; linux/amd64","2.2.10","-d:release --mm:arc",WM,64,1000000,range,range_unchecked,100,21,8.880310
